<?xml version="1.0" encoding="UTF-8" standalone="no"?>
<executionItem endedUtc="1656434124297" executionErrorCount="0" executionStatus="Executed" executionWarningCount="0" failureCount="0" id="root:plans:Shop_Floor:RSTK-9710-CRUD operation on Work Center Group.testinstance:RSTK-9710-CRUD operation on Work Center Group.testcase" iterationIndex="-1" skippedCount="0" startedUtc="1656434049051" successfulCount="1" testCasePath="D:\\provar\\EventDemo\\Parallel-Execution\\tests\\Shop Floor" testItemClass="ITestCase" title="RSTK-9710-CRUD operation on Work Center Group.testcase">
  <testItemSummary/>
  <childItems>
    <executionItem endedUtc="1656434053843" executionErrorCount="0" executionStatus="Executed" executionWarningCount="0" failureCount="0" id="root:plans:Shop_Floor:RSTK-9710-CRUD operation on Work Center Group.testinstance:RSTK-9710-CRUD operation on Work Center Group.testcase:1" iterationIndex="-1" skippedCount="0" startedUtc="1656434049059" successfulCount="1" testApiId="com.provar.plugins.forcedotcom.core.testapis.ApexConnect" testItemClass="IApiCall" title="Salesforce Connect: SFConnection (Test)">
      <childItems/>
      <logEntries>
        <logEntry id="1656434049061" messageType="General">Connecting to Salesforce as QARSF_Admin</logEntry>
        <logEntry id="1656434049061" logLevel="Debug" messageType="General">Connection details. Connection name: QARSF_Admin, result name: SFConnection, result scope: Test, urlString: sf:environment=PRERELEASE;apiLoginUrl=https://automationtesting2.my.salesforce.com;identityServiceUrl=https://login.salesforce.com/id/00D5f000005vwGkEAI/0055f000008Hn0WAAS;clientId={clientId};clientSecret={clientSecret};authenticationType=OAUTH;callbackUrl={callbackUrl};accessToken={accessToken};refreshToken={refreshToken}, environment: AutomationOrg, clientId: [supplied], clientSecret: [supplied], callBackUrl: [supplied], accessToken: [supplied], refreshToken: [supplied]</logEntry>
        <logEntry id="1656434049061" logLevel="Debug" messageType="General">Create object id log file.</logEntry>
        <logEntry id="1656434049064" logLevel="Trace" messageType="General">Absolute path: D:\\provar\\EventDemo\\Parallel-Execution\\ANT\\..\\ANT\\Results(15)\\Artifacts\\QARSF_Admin-objectids.log</logEntry>
        <logEntry id="1656434050023" logLevel="Debug" messageType="General">Access Token refreshed successfully.</logEntry>
        <logEntry id="1656434052781" logLevel="Debug" messageType="General">Identity Service successful. ToolingEndpoint: https://automationtesting2.my.salesforce.com/services/Soap/T/53.0/00D5f000005vwGk, ToolingRestEndpoint: https://automationtesting2.my.salesforce.com/services/data/v53.0/tooling/, PartnerEndpoint: https://automationtesting2.my.salesforce.com/services/Soap/u/53.0/00D5f000005vwGk, MetadataEndpoint: https://automationtesting2.my.salesforce.com/services/Soap/m/53.0/00D5f000005vwGk, EnterpriseEndpoint: https://automationtesting2.my.salesforce.com/services/Soap/c/53.0/00D5f000005vwGk</logEntry>
        <logEntry id="1656434052781" logLevel="Debug" messageType="General">Opening Partner connection</logEntry>
        <logEntry id="1656434052781" logLevel="Trace" messageType="General">Connection configurations: userName: automation@rootstock.com,  password: [empty], securityToken: [empty], authEndpoint: https://automationtesting2.my.salesforce.com/services/Soap/u/53.0, serviceEndpoint: https://automationtesting2.my.salesforce.com/services/Soap/u/53.0/00D5f000005vwGk</logEntry>
        <logEntry id="1656434053841" logLevel="Debug" messageType="General">Opening SOAP connection</logEntry>
        <logEntry id="1656434053841" logLevel="Trace" messageType="General">Connection configurations: userName: automation@rootstock.com,  password: [empty], securityToken: [empty], authEndpoint: https://automationtesting2.my.salesforce.com/services/Soap/u/53.0, serviceEndpoint: https://automationtesting2.my.salesforce.com/services/Soap/u/53.0</logEntry>
        <logEntry id="1656434053841" logLevel="Debug" messageType="General">Opening Metadata connection</logEntry>
        <logEntry id="1656434053842" logLevel="Trace" messageType="General">Connection configurations: userName: null,  password: [empty], securityToken: [empty], authEndpoint: https://automationtesting2.my.salesforce.com/services/Soap/u/53.0, serviceEndpoint: https://automationtesting2.my.salesforce.com/services/Soap/m/53.0/00D5f000005vwGk</logEntry>
        <logEntry id="1656434053842" logLevel="Update" messageType="General">Successfully connected to Salesforce as QARSF_Admin</logEntry>
      </logEntries>
    </executionItem>
    <executionItem endedUtc="1656434053885" executionErrorCount="0" executionStatus="Executed" executionWarningCount="0" failureCount="0" id="root:plans:Shop_Floor:RSTK-9710-CRUD operation on Work Center Group.testinstance:RSTK-9710-CRUD operation on Work Center Group.testcase:55" iterationIndex="-1" skippedCount="0" startedUtc="1656434053843" successfulCount="1" testApiId="com.provar.plugins.bundled.apis.If" testItemClass="IApiCall" title="If: {GetSelectedEnvironment() = &quot;PDE5&quot;}">
      <childItems>
        <executionItem endedUtc="0" executionErrorCount="0" executionWarningCount="0" failureCount="0" id="root:plans:Shop_Floor:RSTK-9710-CRUD operation on Work Center Group.testinstance:RSTK-9710-CRUD operation on Work Center Group.testcase:55:905" iterationIndex="-1" skippedCount="0" startedUtc="0" successfulCount="0" testClauseName="then" testItemClass="ITestClause" title="Then">
          <childItems>
            <executionItem endedUtc="0" executionErrorCount="0" executionWarningCount="0" failureCount="0" id="root:plans:Shop_Floor:RSTK-9710-CRUD operation on Work Center Group.testinstance:RSTK-9710-CRUD operation on Work Center Group.testcase:55:905:948" iterationIndex="-1" skippedCount="0" startedUtc="0" successfulCount="0" testApiId="com.provar.plugins.bundled.apis.control.StepGroup" testItemClass="IApiCall" title="Read Excel Data">
              <childItems>
                <executionItem endedUtc="0" executionErrorCount="0" executionWarningCount="0" failureCount="0" id="root:plans:Shop_Floor:RSTK-9710-CRUD operation on Work Center Group.testinstance:RSTK-9710-CRUD operation on Work Center Group.testcase:55:905:948:925" iterationIndex="-1" skippedCount="0" startedUtc="0" successfulCount="0" testClauseName="hidden" testItemClass="ITestClause" title="Steps">
                  <childItems/>
                </executionItem>
              </childItems>
            </executionItem>
          </childItems>
        </executionItem>
        <executionItem endedUtc="1656434053885" executionErrorCount="0" executionStatus="Executed" executionWarningCount="0" failureCount="0" id="root:plans:Shop_Floor:RSTK-9710-CRUD operation on Work Center Group.testinstance:RSTK-9710-CRUD operation on Work Center Group.testcase:55:906" iterationIndex="-1" skippedCount="0" startedUtc="1656434053848" successfulCount="1" testClauseName="else" testItemClass="ITestClause" title="Else">
          <childItems>
            <executionItem endedUtc="1656434053885" executionErrorCount="0" executionStatus="Executed" executionWarningCount="0" failureCount="0" id="root:plans:Shop_Floor:RSTK-9710-CRUD operation on Work Center Group.testinstance:RSTK-9710-CRUD operation on Work Center Group.testcase:55:906:918" iterationIndex="-1" skippedCount="0" startedUtc="1656434053848" successfulCount="1" testApiId="com.provar.plugins.bundled.apis.If" testItemClass="IApiCall" title="If: {GetSelectedEnvironment() = &quot;AutomationOrg&quot;}">
              <childItems>
                <executionItem endedUtc="1656434053885" executionErrorCount="0" executionStatus="Executed" executionWarningCount="0" failureCount="0" id="root:plans:Shop_Floor:RSTK-9710-CRUD operation on Work Center Group.testinstance:RSTK-9710-CRUD operation on Work Center Group.testcase:55:906:918:919" iterationIndex="-1" skippedCount="0" startedUtc="1656434053856" successfulCount="1" testClauseName="then" testItemClass="ITestClause" title="Then">
                  <childItems>
                    <executionItem endedUtc="1656434053885" executionErrorCount="0" executionStatus="Executed" executionWarningCount="0" failureCount="0" id="root:plans:Shop_Floor:RSTK-9710-CRUD operation on Work Center Group.testinstance:RSTK-9710-CRUD operation on Work Center Group.testcase:55:906:918:919:946" iterationIndex="-1" skippedCount="0" startedUtc="1656434053856" successfulCount="1" testApiId="com.provar.plugins.bundled.apis.control.StepGroup" testItemClass="IApiCall" title="Read Excel Data">
                      <childItems>
                        <executionItem endedUtc="1656434053882" executionErrorCount="0" executionStatus="Executed" executionWarningCount="0" failureCount="0" id="root:plans:Shop_Floor:RSTK-9710-CRUD operation on Work Center Group.testinstance:RSTK-9710-CRUD operation on Work Center Group.testcase:55:906:918:919:946:949" iterationIndex="-1" skippedCount="0" startedUtc="1656434053882" successfulCount="1" testClauseName="hidden" testItemClass="ITestClause" title="Steps">
                          <childItems/>
                        </executionItem>
                      </childItems>
                      <logEntries>
                        <logEntry id="1656434053856" messageType="ParameterValueSource">Loading data from Parameter Value Source ...</logEntry>
                        <logEntry id="1656434053876" messageType="General">Loading Parameter Value Source row 1:</logEntry>
                        <logEntry id="1656434053877" messageType="General">==Column=&gt; RowNumber = PrimitiveValueImpl [ value: 2, valueId=null, createdUpdateSeq=-1, updatedUpdateSeq=-1]</logEntry>
                        <logEntry id="1656434053877" messageType="General">==Column=&gt; GroupID = PrimitiveValueImpl [ value: Pro-WCGroup, valueId=null, createdUpdateSeq=-1, updatedUpdateSeq=-1]</logEntry>
                        <logEntry id="1656434053877" messageType="General">==Column=&gt; Description = PrimitiveValueImpl [ value: Provar Test, valueId=null, createdUpdateSeq=-1, updatedUpdateSeq=-1]</logEntry>
                        <logEntry id="1656434053877" messageType="General">==Column=&gt; Comments = PrimitiveValueImpl [ value: Test comments, valueId=null, createdUpdateSeq=-1, updatedUpdateSeq=-1]</logEntry>
                        <logEntry id="1656434053877" logLevel="Update" messageType="General">Loaded 1 rows from Parameter Value Source.</logEntry>
                      </logEntries>
                    </executionItem>
                  </childItems>
                </executionItem>
                <executionItem endedUtc="0" executionErrorCount="0" executionWarningCount="0" failureCount="0" id="root:plans:Shop_Floor:RSTK-9710-CRUD operation on Work Center Group.testinstance:RSTK-9710-CRUD operation on Work Center Group.testcase:55:906:918:922" iterationIndex="-1" skippedCount="0" startedUtc="0" successfulCount="0" testClauseName="else" testItemClass="ITestClause" title="Else">
                  <childItems>
                    <executionItem endedUtc="0" executionErrorCount="0" executionWarningCount="0" failureCount="0" id="root:plans:Shop_Floor:RSTK-9710-CRUD operation on Work Center Group.testinstance:RSTK-9710-CRUD operation on Work Center Group.testcase:55:906:918:922:924" iterationIndex="-1" skippedCount="0" startedUtc="0" successfulCount="0" testApiId="com.provar.plugins.bundled.apis.control.StepGroup" testItemClass="IApiCall" title="Read Excel Data">
                      <childItems>
                        <executionItem endedUtc="0" executionErrorCount="0" executionWarningCount="0" failureCount="0" id="root:plans:Shop_Floor:RSTK-9710-CRUD operation on Work Center Group.testinstance:RSTK-9710-CRUD operation on Work Center Group.testcase:55:906:918:922:924:947" iterationIndex="-1" skippedCount="0" startedUtc="0" successfulCount="0" testClauseName="hidden" testItemClass="ITestClause" title="Steps">
                          <childItems/>
                        </executionItem>
                      </childItems>
                    </executionItem>
                  </childItems>
                </executionItem>
              </childItems>
            </executionItem>
          </childItems>
        </executionItem>
      </childItems>
    </executionItem>
    <executionItem endedUtc="1656434124297" executionErrorCount="0" executionStatus="Executed" executionWarningCount="0" failureCount="0" id="root:plans:Shop_Floor:RSTK-9710-CRUD operation on Work Center Group.testinstance:RSTK-9710-CRUD operation on Work Center Group.testcase:2" iterationIndex="-1" skippedCount="0" startedUtc="1656434053885" successfulCount="1" testApiId="com.provar.plugins.bundled.apis.control.ForEach" testItemClass="IApiCall" title="Read excel data and process record">
      <childItems>
        <executionItem endedUtc="1656434124294" executionErrorCount="0" executionStatus="Executed" executionWarningCount="0" failureCount="0" id="root:plans:Shop_Floor:RSTK-9710-CRUD operation on Work Center Group.testinstance:RSTK-9710-CRUD operation on Work Center Group.testcase:2:3.0" iterationIndex="0" skippedCount="0" startedUtc="1656434053891" successfulCount="1" testClauseName="substeps" testItemClass="ITestClause" title="Iteration 1">
          <childItems>
            <executionItem endedUtc="1656434054768" executionErrorCount="0" executionStatus="Executed" executionWarningCount="0" failureCount="0" id="root:plans:Shop_Floor:RSTK-9710-CRUD operation on Work Center Group.testinstance:RSTK-9710-CRUD operation on Work Center Group.testcase:2:3.0:955" iterationIndex="-1" skippedCount="0" startedUtc="1656434053891" successfulCount="1" testApiId="com.provar.plugins.bundled.apis.control.StepGroup" testItemClass="IApiCall" title="Delete Existing Data">
              <childItems>
                <executionItem endedUtc="1656434054761" executionErrorCount="0" executionStatus="Executed" executionWarningCount="0" failureCount="0" id="root:plans:Shop_Floor:RSTK-9710-CRUD operation on Work Center Group.testinstance:RSTK-9710-CRUD operation on Work Center Group.testcase:2:3.0:955:956" iterationIndex="-1" skippedCount="0" startedUtc="1656434053893" successfulCount="1" testClauseName="hidden" testItemClass="ITestClause" title="Steps">
                  <childItems>
                    <executionItem endedUtc="1656434054754" executionErrorCount="0" executionStatus="Executed" executionWarningCount="0" failureCount="0" id="root:plans:Shop_Floor:RSTK-9710-CRUD operation on Work Center Group.testinstance:RSTK-9710-CRUD operation on Work Center Group.testcase:2:3.0:955:956:957" iterationIndex="-1" skippedCount="0" startedUtc="1656434053893" successfulCount="1" testApiId="com.provar.plugins.forcedotcom.core.testapis.ApexSoqlQuery" testItemClass="IApiCall" title="SOQL Query: select count() from rstk__rtwcgroup__c where name like '{op_create.GroupID}%'=&gt;op_operCount">
                      <childItems/>
                      <logEntries>
                        <logEntry id="1656434053895" messageType="General">Reading a Salesforce object.  Connection Name: SFConnection, Query: select count() from rstk__rtwcgroup__c where name like 'Pro-WCGroup%'</logEntry>
                        <logEntry id="1656434054753" messageType="General">The count query returned 0.</logEntry>
                      </logEntries>
                    </executionItem>
                    <executionItem endedUtc="1656434054761" executionErrorCount="0" executionStatus="Executed" executionWarningCount="0" failureCount="0" id="root:plans:Shop_Floor:RSTK-9710-CRUD operation on Work Center Group.testinstance:RSTK-9710-CRUD operation on Work Center Group.testcase:2:3.0:955:956:958" iterationIndex="-1" skippedCount="0" startedUtc="1656434054755" successfulCount="1" testApiId="com.provar.plugins.bundled.apis.If" testItemClass="IApiCall" title="If: {op_operCount &gt; 0}">
                      <childItems>
                        <executionItem endedUtc="0" executionErrorCount="0" executionWarningCount="0" failureCount="0" id="root:plans:Shop_Floor:RSTK-9710-CRUD operation on Work Center Group.testinstance:RSTK-9710-CRUD operation on Work Center Group.testcase:2:3.0:955:956:958:959" iterationIndex="-1" skippedCount="0" startedUtc="0" successfulCount="0" testClauseName="then" testItemClass="ITestClause" title="Then">
                          <childItems>
                            <executionItem endedUtc="0" executionErrorCount="0" executionWarningCount="0" failureCount="0" id="root:plans:Shop_Floor:RSTK-9710-CRUD operation on Work Center Group.testinstance:RSTK-9710-CRUD operation on Work Center Group.testcase:2:3.0:955:956:958:959:960" iterationIndex="-1" skippedCount="0" startedUtc="0" successfulCount="0" testApiId="com.provar.plugins.forcedotcom.core.testapis.ApexSoqlQuery" testItemClass="IApiCall" title="SOQL Query: select ID from rstk__rtwcgroup__c where name like '{op_create.GroupID}%'=&gt;op_operCount">
                              <childItems/>
                            </executionItem>
                            <executionItem endedUtc="0" executionErrorCount="0" executionWarningCount="0" failureCount="0" id="root:plans:Shop_Floor:RSTK-9710-CRUD operation on Work Center Group.testinstance:RSTK-9710-CRUD operation on Work Center Group.testcase:2:3.0:955:956:958:959:961" iterationIndex="-1" skippedCount="0" startedUtc="0" successfulCount="0" testApiId="com.provar.plugins.bundled.apis.control.ForEach" testItemClass="IApiCall" title="For Each: {op_operCount}=&gt;op_operCountD">
                              <childItems/>
                            </executionItem>
                          </childItems>
                        </executionItem>
                      </childItems>
                    </executionItem>
                  </childItems>
                </executionItem>
              </childItems>
            </executionItem>
            <executionItem endedUtc="1656434097911" executionErrorCount="0" executionStatus="Executed" executionWarningCount="0" failureCount="0" id="root:plans:Shop_Floor:RSTK-9710-CRUD operation on Work Center Group.testinstance:RSTK-9710-CRUD operation on Work Center Group.testcase:2:3.0:34" iterationIndex="-1" skippedCount="0" startedUtc="1656434054768" successfulCount="1" testApiId="com.provar.plugins.bundled.apis.control.StepGroup" testItemClass="IApiCall" title="Create record">
              <childItems>
                <executionItem endedUtc="1656434097908" executionErrorCount="0" executionStatus="Executed" executionWarningCount="0" failureCount="0" id="root:plans:Shop_Floor:RSTK-9710-CRUD operation on Work Center Group.testinstance:RSTK-9710-CRUD operation on Work Center Group.testcase:2:3.0:34:35" iterationIndex="-1" skippedCount="0" startedUtc="1656434054774" successfulCount="1" testClauseName="hidden" testItemClass="ITestClause" title="Steps">
                  <childItems>
                    <executionItem endedUtc="1656434081205" executionErrorCount="0" executionStatus="Executed" executionWarningCount="0" failureCount="0" id="root:plans:Shop_Floor:RSTK-9710-CRUD operation on Work Center Group.testinstance:RSTK-9710-CRUD operation on Work Center Group.testcase:2:3.0:34:35:5" iterationIndex="-1" skippedCount="0" startedUtc="1656434054774" successfulCount="1" testApiId="com.provar.plugins.forcedotcom.core.ui.UiWithScreen" testItemClass="IApiCall" title="On SF Rootstock Site Map tab">
                      <childItems>
                        <executionItem endedUtc="1656434077944" executionErrorCount="0" executionStatus="Executed" executionWarningCount="0" failureCount="0" id="root:plans:Shop_Floor:RSTK-9710-CRUD operation on Work Center Group.testinstance:RSTK-9710-CRUD operation on Work Center Group.testcase:2:3.0:34:35:5:6" iterationIndex="-1" skippedCount="0" startedUtc="1656434076970" successfulCount="1" testClauseName="substeps" testItemClass="ITestClause" title="Sub Steps">
                          <childItems>
                            <executionItem endedUtc="1656434077944" executionErrorCount="0" executionStatus="Executed" executionWarningCount="0" failureCount="0" id="root:plans:Shop_Floor:RSTK-9710-CRUD operation on Work Center Group.testinstance:RSTK-9710-CRUD operation on Work Center Group.testcase:2:3.0:34:35:5:6:7" iterationIndex="-1" skippedCount="0" startedUtc="1656434076970" successfulCount="1" testApiId="com.provar.plugins.forcedotcom.core.ui.UiDoAction" testItemClass="IApiCall" title="Click the Work Center Group button">
                              <childItems/>
                              <logEntries>
                                <logEntry id="1656434076972" messageType="General">Start of Interact.  Connection: SFConnection, Locator: ui:locator?name=workCenterGroup, before wait: default, after wait: default, auto retry: default</logEntry>
                                <logEntry id="1656434077049" messageType="General">Locator: ui:locator?name=workCenterGroup</logEntry>
                                <logEntry id="1656434077049" messageType="General">Interaction: ui:interaction?name=action</logEntry>
                                <logEntry id="1656434077097" messageType="General">Switched focus to main window.  URL: https://automationtesting2--rstk.visualforce.com/apex/Manufacturing?sfdc.tabName=01r5f000000Ptu4</logEntry>
                                <logEntry id="1656434077240" messageType="General">Doing before wait.  waitUrl: default</logEntry>
                                <logEntry id="1656434077240" messageType="General">End of &amp;lt;default&amp;gt; wait.</logEntry>
                                <logEntry id="1656434077240" messageType="General">Doing after wait.  waitUrl: default</logEntry>
                                <logEntry id="1656434077820" messageType="General">Clicking WebElement.  WebElement [tag: a, text: Work Center Group, href: https://automationtesting2--rstk.visualforce.com/a4v?retURL=%2Fapex%2Frstk__Manufacturing%3Fsfdc.tabName%3D01r5f000000Ptu4]</logEntry>
                                <logEntry id="1656434077882" messageType="General">Doing after wait.  waitUrl: default</logEntry>
                                <logEntry id="1656434077882" messageType="General">End of &amp;lt;default&amp;gt; wait.</logEntry>
                                <logEntry id="1656434077882" messageType="General">Going to update browser window handles.</logEntry>
                                <logEntry id="1656434077882" logLevel="Debug" messageType="General">Update browser window handles.</logEntry>
                                <logEntry id="1656434077943" logLevel="Update" messageType="General">Successfully updated browser window handles.</logEntry>
                              </logEntries>
                            </executionItem>
                          </childItems>
                        </executionItem>
                      </childItems>
                      <logEntries>
                        <logEntry id="1656434054778" messageType="General">Start of With Screen.  Connection Name: SFConnection, target: sf:ui:target?application=rstk__Force_com&amp;pageObject=pageobjects.rstk__Manufacturing&amp;tab=rstk__Rootstock_Site_Map</logEntry>
                        <logEntry id="1656434054778" messageType="General">Opening Chrome webdriver instance to https://automationtesting2.my.salesforce.com/secur/frontdoor.jsp</logEntry>
                        <logEntry id="1656434054778" logLevel="Debug" messageType="General">Add Chrome browser specific capabilities</logEntry>
                        <logEntry id="1656434054778" logLevel="Trace" messageType="General">Using executable from UserHome Provar.  executable: C:\\Users\\Mayur\\Provar\\.chromeDriver\\chromedriver.exe</logEntry>
                        <logEntry id="1656434054786" logLevel="Trace" messageType="General">Added Chrome command line switch to bypass proxy for local addresses: --proxy-bypass-list=localhost,127.0.0.1,192.168.1.14</logEntry>
                        <logEntry id="1656434054786" logLevel="Trace" messageType="General">Added desired capability for Chrome browser proxy Null</logEntry>
                        <logEntry id="1656434054787" logLevel="Trace" messageType="General">Using executable from UserHome Provar.  executable: C:\\Users\\Mayur\\Provar\\.chromeDriver\\chromedriver.exe</logEntry>
                        <logEntry id="1656434056310" logLevel="Update" messageType="General">Successfully opened Chrome webdriver to https://automationtesting2.my.salesforce.com/secur/frontdoor.jsp</logEntry>
                        <logEntry id="1656434056709" messageType="General">Opening Page context.  Name: screen, data: null, frame: null</logEntry>
                        <logEntry id="1656434057501" messageType="General">Opening Salesforce Tab.  Tab Name: rstk__Rootstock_Site_Map, Url: https://automationtesting2.my.salesforce.com/servlet/servlet.Integration?lid=01r5f000000Ptu4&amp;ic=1&amp;linkToken=VmpFPSxNakF5TWkwd05pMHlNRlF4T0Rvd05Eb3dNeTR4TVRCYSx5YmdBQWpLRG1oRkhJTVFxV0FTVXNpLFlXWmtNR0po</logEntry>
                        <logEntry id="1656434057523" messageType="General">Opening Salesforce user home page</logEntry>
                        <logEntry id="1656434058318" logLevel="Debug" messageType="General">Navigate to home page</logEntry>
                        <logEntry id="1656434058335" logLevel="Trace" messageType="General">Opening page.  URL: https://automationtesting2.my.salesforce.com/secur/frontdoor.jsp?retURL=/home/home.jsp?tsid=02u5f000000R3zG&amp;sid={accessToken}</logEntry>
                        <logEntry id="1656434063617" logLevel="Debug" messageType="General">Perform page load wait</logEntry>
                        <logEntry id="1656434064618" logLevel="Trace" messageType="General">Start of waitForPageToLoad. Timeout(ms): 90000</logEntry>
                        <logEntry id="1656434064658" logLevel="Trace" messageType="General">Re-attempting of waitForPageToLoad.  Timeout(ms): 90000</logEntry>
                        <logEntry id="1656434064686" logLevel="Trace" messageType="General">End of waitForPageToLoad.  Duration(ms): 67</logEntry>
                        <logEntry id="1656434064764" logLevel="Trace" messageType="General">Opening page.  URL: https://automationtesting2.my.salesforce.com/servlet/servlet.Integration?lid=01r5f000000Ptu4&amp;ic=1&amp;linkToken=VmpFPSxNakF5TWkwd05pMHlNRlF4T0Rvd05Eb3dNeTR4TVRCYSx5YmdBQWpLRG1oRkhJTVFxV0FTVXNpLFlXWmtNR0po</logEntry>
                        <logEntry id="1656434071746" logLevel="Debug" messageType="General">Perform page load wait</logEntry>
                        <logEntry id="1656434071806" logLevel="Update" messageType="General">Successfully opened user home page</logEntry>
                        <logEntry id="1656434076851" messageType="General">Going to update browser window handles.</logEntry>
                        <logEntry id="1656434076851" logLevel="Debug" messageType="General">Update browser window handles.</logEntry>
                        <logEntry id="1656434076969" logLevel="Update" messageType="General">Successfully updated browser window handles.</logEntry>
                        <logEntry id="1656434077948" messageType="General">All Sub-Test Steps were successful.</logEntry>
                        <logEntry id="1656434078022" messageType="General">Closing Page context.  Name: screen, data: null, frame: null</logEntry>
                        <logEntry id="1656434078022" messageType="General">Main window reselected.  Window: main</logEntry>
                        <logEntry id="1656434079108" messageType="General">Switched focus to main window.  URL: https://automationtesting2.my.salesforce.com/a4v?retURL=%2Fapex%2Frstk__Manufacturing%3Fsfdc.tabName%3D01r5f000000Ptu4</logEntry>
                        <logEntry id="1656434081124" messageType="General">Going to update browser window handles.</logEntry>
                        <logEntry id="1656434081124" logLevel="Debug" messageType="General">Update browser window handles.</logEntry>
                        <logEntry id="1656434081204" logLevel="Update" messageType="General">Successfully updated browser window handles.</logEntry>
                      </logEntries>
                    </executionItem>
                    <executionItem endedUtc="0" executionErrorCount="0" executionStatus="Executed" executionWarningCount="0" failureCount="0" id="root:plans:Shop_Floor:RSTK-9710-CRUD operation on Work Center Group.testinstance:RSTK-9710-CRUD operation on Work Center Group.testcase:2:3.0:34:35:8" iterationIndex="-1" skippedCount="1" startedUtc="1656434081205" successfulCount="0" testApiId="com.provar.plugins.forcedotcom.core.ui.UiWithScreen" testItemClass="IApiCall" title="On SF Work Center Group New screen">
                      <childItems>
                        <executionItem endedUtc="0" executionErrorCount="0" executionWarningCount="0" failureCount="0" id="root:plans:Shop_Floor:RSTK-9710-CRUD operation on Work Center Group.testinstance:RSTK-9710-CRUD operation on Work Center Group.testcase:2:3.0:34:35:8:9" iterationIndex="-1" skippedCount="0" startedUtc="0" successfulCount="0" testClauseName="substeps" testItemClass="ITestClause" title="Sub Steps">
                          <childItems/>
                        </executionItem>
                      </childItems>
                    </executionItem>
                    <executionItem endedUtc="1656434097908" executionErrorCount="0" executionStatus="Executed" executionWarningCount="0" failureCount="0" id="root:plans:Shop_Floor:RSTK-9710-CRUD operation on Work Center Group.testinstance:RSTK-9710-CRUD operation on Work Center Group.testcase:2:3.0:34:35:16" iterationIndex="-1" skippedCount="0" startedUtc="1656434081205" successfulCount="1" testApiId="com.provar.plugins.forcedotcom.core.ui.UiWithScreen" testItemClass="IApiCall" title="On SF rstk__rtwcgroup page with pageobject Rstk__rtwcgroup">
                      <childItems>
                        <executionItem endedUtc="1656434095657" executionErrorCount="0" executionStatus="Executed" executionWarningCount="0" failureCount="0" id="root:plans:Shop_Floor:RSTK-9710-CRUD operation on Work Center Group.testinstance:RSTK-9710-CRUD operation on Work Center Group.testcase:2:3.0:34:35:16:17" iterationIndex="-1" skippedCount="0" startedUtc="1656434085693" successfulCount="1" testClauseName="substeps" testItemClass="ITestClause" title="Sub Steps">
                          <childItems>
                            <executionItem endedUtc="1656434086650" executionErrorCount="0" executionStatus="Executed" executionWarningCount="0" failureCount="0" id="root:plans:Shop_Floor:RSTK-9710-CRUD operation on Work Center Group.testinstance:RSTK-9710-CRUD operation on Work Center Group.testcase:2:3.0:34:35:16:17:18" iterationIndex="-1" skippedCount="0" startedUtc="1656434085693" successfulCount="1" testApiId="com.provar.plugins.forcedotcom.core.ui.UiDoAction" testItemClass="IApiCall" title="Set the Group ID field to Pro-WCGroup">
                              <childItems/>
                              <logEntries>
                                <logEntry id="1656434085695" messageType="General">Start of Interact.  Connection: SFConnection, Locator: ui:locator?name=groupID, before wait: default, after wait: default, auto retry: default</logEntry>
                                <logEntry id="1656434085770" messageType="General">Locator: ui:locator?name=groupID</logEntry>
                                <logEntry id="1656434085770" messageType="General">Interaction: ui:interaction?name=set</logEntry>
                                <logEntry id="1656434085834" messageType="General">Switched focus to main window.  URL: https://automationtesting2--rstk.visualforce.com/apex/rtwcgroup</logEntry>
                                <logEntry id="1656434085929" messageType="General">Doing before wait.  waitUrl: default</logEntry>
                                <logEntry id="1656434085929" messageType="General">End of &amp;lt;default&amp;gt; wait.</logEntry>
                                <logEntry id="1656434085929" messageType="General">Doing after wait.  waitUrl: default</logEntry>
                                <logEntry id="1656434085977" messageType="General">Got webElement.  tagName: INPUT, id: pg:fm:pb:pbs_main:j_id258:rtwcgroup_group__c, type: text, selector: null</logEntry>
                                <logEntry id="1656434086131" messageType="General">Typing value.  tagName: INPUT, type: text, value: Pro-WCGroup, blur: false, selector: null</logEntry>
                                <logEntry id="1656434086591" messageType="General">Doing after wait.  waitUrl: default</logEntry>
                                <logEntry id="1656434086591" messageType="General">End of &amp;lt;default&amp;gt; wait.</logEntry>
                                <logEntry id="1656434086591" messageType="General">Going to update browser window handles.</logEntry>
                                <logEntry id="1656434086591" logLevel="Debug" messageType="General">Update browser window handles.</logEntry>
                                <logEntry id="1656434086650" logLevel="Update" messageType="General">Successfully updated browser window handles.</logEntry>
                              </logEntries>
                            </executionItem>
                            <executionItem endedUtc="1656434087801" executionErrorCount="0" executionStatus="Executed" executionWarningCount="0" failureCount="0" id="root:plans:Shop_Floor:RSTK-9710-CRUD operation on Work Center Group.testinstance:RSTK-9710-CRUD operation on Work Center Group.testcase:2:3.0:34:35:16:17:19" iterationIndex="-1" skippedCount="0" startedUtc="1656434086651" successfulCount="1" testApiId="com.provar.plugins.forcedotcom.core.ui.UiDoAction" testItemClass="IApiCall" title="Set the Description field to Provar Test">
                              <childItems/>
                              <logEntries>
                                <logEntry id="1656434086657" messageType="General">Start of Interact.  Connection: SFConnection, Locator: ui:locator?name=description, before wait: default, after wait: default, auto retry: default</logEntry>
                                <logEntry id="1656434086728" messageType="General">Locator: ui:locator?name=description</logEntry>
                                <logEntry id="1656434086728" messageType="General">Interaction: ui:interaction?name=set</logEntry>
                                <logEntry id="1656434086793" messageType="General">Switched focus to main window.  URL: https://automationtesting2--rstk.visualforce.com/apex/rtwcgroup</logEntry>
                                <logEntry id="1656434086873" messageType="General">Doing before wait.  waitUrl: default</logEntry>
                                <logEntry id="1656434086873" messageType="General">End of &amp;lt;default&amp;gt; wait.</logEntry>
                                <logEntry id="1656434086873" messageType="General">Doing after wait.  waitUrl: default</logEntry>
                                <logEntry id="1656434086917" messageType="General">Got webElement.  tagName: INPUT, id: pg:fm:pb:pbs_main:j_id262:rtwcgroup_desc__c, type: text, selector: null</logEntry>
                                <logEntry id="1656434087094" messageType="General">Typing value.  tagName: INPUT, type: text, value: Provar Test, blur: false, selector: null</logEntry>
                                <logEntry id="1656434087744" messageType="General">Doing after wait.  waitUrl: default</logEntry>
                                <logEntry id="1656434087744" messageType="General">End of &amp;lt;default&amp;gt; wait.</logEntry>
                                <logEntry id="1656434087744" messageType="General">Going to update browser window handles.</logEntry>
                                <logEntry id="1656434087744" logLevel="Debug" messageType="General">Update browser window handles.</logEntry>
                                <logEntry id="1656434087800" logLevel="Update" messageType="General">Successfully updated browser window handles.</logEntry>
                              </logEntries>
                            </executionItem>
                            <executionItem endedUtc="1656434088595" executionErrorCount="0" executionStatus="Executed" executionWarningCount="0" failureCount="0" id="root:plans:Shop_Floor:RSTK-9710-CRUD operation on Work Center Group.testinstance:RSTK-9710-CRUD operation on Work Center Group.testcase:2:3.0:34:35:16:17:20" iterationIndex="-1" skippedCount="0" startedUtc="1656434087801" successfulCount="1" testApiId="com.provar.plugins.forcedotcom.core.ui.UiDoAction" testItemClass="IApiCall" title="Set the Comments field to Test comments">
                              <childItems/>
                              <logEntries>
                                <logEntry id="1656434087808" messageType="General">Start of Interact.  Connection: SFConnection, Locator: ui:locator?name=comments, before wait: default, after wait: default, auto retry: default</logEntry>
                                <logEntry id="1656434087878" messageType="General">Locator: ui:locator?name=comments</logEntry>
                                <logEntry id="1656434087878" messageType="General">Interaction: ui:interaction?name=set</logEntry>
                                <logEntry id="1656434087943" messageType="General">Switched focus to main window.  URL: https://automationtesting2--rstk.visualforce.com/apex/rtwcgroup</logEntry>
                                <logEntry id="1656434088026" messageType="General">Doing before wait.  waitUrl: default</logEntry>
                                <logEntry id="1656434088026" messageType="General">End of &amp;lt;default&amp;gt; wait.</logEntry>
                                <logEntry id="1656434088026" messageType="General">Doing after wait.  waitUrl: default</logEntry>
                                <logEntry id="1656434088070" messageType="General">Got webElement.  tagName: TEXTAREA, id: pg:fm:pb:pbs_main:j_id264:rtwcgroup_comments__c, type: text, selector: null</logEntry>
                                <logEntry id="1656434088213" messageType="General">Typing value.  tagName: TEXTAREA, type: text, value: Test comments, blur: false, selector: null</logEntry>
                                <logEntry id="1656434088543" messageType="General">Doing after wait.  waitUrl: default</logEntry>
                                <logEntry id="1656434088543" messageType="General">End of &amp;lt;default&amp;gt; wait.</logEntry>
                                <logEntry id="1656434088544" messageType="General">Going to update browser window handles.</logEntry>
                                <logEntry id="1656434088544" logLevel="Debug" messageType="General">Update browser window handles.</logEntry>
                                <logEntry id="1656434088595" logLevel="Update" messageType="General">Successfully updated browser window handles.</logEntry>
                              </logEntries>
                            </executionItem>
                            <executionItem endedUtc="1656434093931" executionErrorCount="0" executionStatus="Executed" executionWarningCount="0" failureCount="0" id="root:plans:Shop_Floor:RSTK-9710-CRUD operation on Work Center Group.testinstance:RSTK-9710-CRUD operation on Work Center Group.testcase:2:3.0:34:35:16:17:21" iterationIndex="-1" skippedCount="0" startedUtc="1656434088595" successfulCount="1" testApiId="com.provar.plugins.forcedotcom.core.ui.UiDoAction" testItemClass="IApiCall" title="Click the Save button">
                              <childItems/>
                              <logEntries>
                                <logEntry id="1656434088601" messageType="General">Start of Interact.  Connection: SFConnection, Locator: ui:locator?name=save, before wait: default, after wait: default, auto retry: default</logEntry>
                                <logEntry id="1656434088672" messageType="General">Locator: ui:locator?name=save</logEntry>
                                <logEntry id="1656434088672" messageType="General">Interaction: ui:interaction?name=action</logEntry>
                                <logEntry id="1656434088742" messageType="General">Switched focus to main window.  URL: https://automationtesting2--rstk.visualforce.com/apex/rtwcgroup</logEntry>
                                <logEntry id="1656434088773" messageType="General">Doing before wait.  waitUrl: default</logEntry>
                                <logEntry id="1656434088773" messageType="General">End of &amp;lt;default&amp;gt; wait.</logEntry>
                                <logEntry id="1656434088773" messageType="General">Doing after wait.  waitUrl: default</logEntry>
                                <logEntry id="1656434089089" messageType="General">Clicking WebElement.  WebElement [tag: input, text: Save]</logEntry>
                                <logEntry id="1656434089118" messageType="General">Doing after wait.  waitUrl: default</logEntry>
                                <logEntry id="1656434089119" messageType="General">waitAnno: @com.provar.core.testapi.annotations.PageObjectWait(implementation=class com.provar.core.testapi.BackgroundActivityWait)</logEntry>
                                <logEntry id="1656434089119" messageType="General">Doing background activity wait.  Timeout(seconds): 60, Interval(milliseconds): 500</logEntry>
                                <logEntry id="1656434093870" logLevel="Update" messageType="General">Background activity wait successful.  Actual duration(seconds): 4.751</logEntry>
                                <logEntry id="1656434093870" messageType="General">End of &amp;lt;default&amp;gt; wait.</logEntry>
                                <logEntry id="1656434093870" messageType="General">Going to update browser window handles.</logEntry>
                                <logEntry id="1656434093870" logLevel="Debug" messageType="General">Update browser window handles.</logEntry>
                                <logEntry id="1656434093931" logLevel="Update" messageType="General">Successfully updated browser window handles.</logEntry>
                              </logEntries>
                            </executionItem>
                            <executionItem endedUtc="1656434095656" executionErrorCount="0" executionStatus="Executed" executionWarningCount="0" failureCount="0" id="root:plans:Shop_Floor:RSTK-9710-CRUD operation on Work Center Group.testinstance:RSTK-9710-CRUD operation on Work Center Group.testcase:2:3.0:34:35:16:17:23" iterationIndex="-1" skippedCount="0" startedUtc="1656434093931" successfulCount="1" testApiId="com.provar.plugins.forcedotcom.core.ui.UiAssert" testItemClass="IApiCall" title="UI Assert">
                              <childItems/>
                              <logEntries>
                                <logEntry id="1656434093933" messageType="General">Start of UiAssert.  Connection: SFConnection</logEntry>
                                <logEntry id="1656434094009" messageType="General">Resolving field groupID1</logEntry>
                                <logEntry id="1656434094074" messageType="General">Switched focus to main window.  URL: https://automationtesting2--rstk.visualforce.com/apex/rtwcgroup?actionType=view&amp;id=a4v5f000001uivP</logEntry>
                                <logEntry id="1656434094075" messageType="General">Doing before wait.  waitUrl: default</logEntry>
                                <logEntry id="1656434094075" messageType="General">End of &amp;lt;default&amp;gt; wait.</logEntry>
                                <logEntry id="1656434094914" messageType="General">Switched focus to main window.  URL: https://automationtesting2--rstk.visualforce.com/apex/rtwcgroup?actionType=view&amp;id=a4v5f000001uivP</logEntry>
                                <logEntry id="1656434095599" messageType="General">Asserting field attributes: groupID1</logEntry>
                                <logEntry id="1656434095599" messageType="General">Asserting Attribute: value to PrimitiveValueImpl [ value: Pro-WCGroup, valueId=e2a, createdUpdateSeq=1895, updatedUpdateSeq=1895]</logEntry>
                                <logEntry id="1656434095599" messageType="AssertionSuccessful">Assertion successful.PRO-WCGROUP EqualTo Pro-WCGroup</logEntry>
                                <logEntry id="1656434095599" messageType="General">Object read successfully.  Result Name: op_wcGroupID</logEntry>
                                <logEntry id="1656434095599" messageType="General">Going to update browser window handles.</logEntry>
                                <logEntry id="1656434095599" logLevel="Debug" messageType="General">Update browser window handles.</logEntry>
                                <logEntry id="1656434095654" logLevel="Update" messageType="General">Successfully updated browser window handles.</logEntry>
                              </logEntries>
                            </executionItem>
                          </childItems>
                        </executionItem>
                      </childItems>
                      <logEntries>
                        <logEntry id="1656434081221" messageType="General">Start of With Screen.  Connection Name: SFConnection, target: sf:ui:target?page=rstk__rtwcgroup&amp;pageObject=pageobjects.rstk__rtwcgroup</logEntry>
                        <logEntry id="1656434081332" messageType="General">Opening Page context.  Name: screen, data: null, frame: null</logEntry>
                        <logEntry id="1656434081351" messageType="General">Opening Salesforce Page.  Page Name: rstk__rtwcgroup, Url: /apex/rstk__rtwcgroup</logEntry>
                        <logEntry id="1656434081351" messageType="General">Opening Salesforce user home page</logEntry>
                        <logEntry id="1656434082459" logLevel="Debug" messageType="General">Navigate to home page</logEntry>
                        <logEntry id="1656434082470" logLevel="Trace" messageType="General">Qualified relative URL.  URL: https://automationtesting2.my.salesforce.com/apex/rstk__rtwcgroup</logEntry>
                        <logEntry id="1656434082470" logLevel="Trace" messageType="General">Opening page.  Requested URL: /apex/rstk__rtwcgroup, Absolute URL: https://automationtesting2.my.salesforce.com/apex/rstk__rtwcgroup?//automationtesting2.my.salesforce.com/apex/rstk__rtwcgroup=</logEntry>
                        <logEntry id="1656434085463" logLevel="Debug" messageType="General">Perform page load wait</logEntry>
                        <logEntry id="1656434085532" logLevel="Update" messageType="General">Successfully opened user home page</logEntry>
                        <logEntry id="1656434085639" messageType="General">Going to update browser window handles.</logEntry>
                        <logEntry id="1656434085639" logLevel="Debug" messageType="General">Update browser window handles.</logEntry>
                        <logEntry id="1656434085692" logLevel="Update" messageType="General">Successfully updated browser window handles.</logEntry>
                        <logEntry id="1656434095672" messageType="General">All Sub-Test Steps were successful.</logEntry>
                        <logEntry id="1656434095749" messageType="General">Closing Page context.  Name: screen, data: null, frame: null</logEntry>
                        <logEntry id="1656434095749" messageType="General">Main window reselected.  Window: main</logEntry>
                        <logEntry id="1656434095815" messageType="General">Switched focus to main window.  URL: https://automationtesting2--rstk.visualforce.com/apex/rtwcgroup?actionType=view&amp;id=a4v5f000001uivP</logEntry>
                        <logEntry id="1656434097826" messageType="General">Going to update browser window handles.</logEntry>
                        <logEntry id="1656434097826" logLevel="Debug" messageType="General">Update browser window handles.</logEntry>
                        <logEntry id="1656434097906" logLevel="Update" messageType="General">Successfully updated browser window handles.</logEntry>
                      </logEntries>
                    </executionItem>
                  </childItems>
                </executionItem>
              </childItems>
            </executionItem>
            <executionItem endedUtc="1656434097949" executionErrorCount="0" executionStatus="Executed" executionWarningCount="0" failureCount="0" id="root:plans:Shop_Floor:RSTK-9710-CRUD operation on Work Center Group.testinstance:RSTK-9710-CRUD operation on Work Center Group.testcase:2:3.0:934" iterationIndex="-1" skippedCount="0" startedUtc="1656434097911" successfulCount="1" testApiId="com.provar.plugins.bundled.apis.If" testItemClass="IApiCall" title="If: {GetSelectedEnvironment() = &quot;PDE5&quot;}">
              <childItems>
                <executionItem endedUtc="0" executionErrorCount="0" executionWarningCount="0" failureCount="0" id="root:plans:Shop_Floor:RSTK-9710-CRUD operation on Work Center Group.testinstance:RSTK-9710-CRUD operation on Work Center Group.testcase:2:3.0:934:935" iterationIndex="-1" skippedCount="0" startedUtc="0" successfulCount="0" testClauseName="then" testItemClass="ITestClause" title="Then">
                  <childItems>
                    <executionItem endedUtc="0" executionErrorCount="0" executionWarningCount="0" failureCount="0" id="root:plans:Shop_Floor:RSTK-9710-CRUD operation on Work Center Group.testinstance:RSTK-9710-CRUD operation on Work Center Group.testcase:2:3.0:934:935:944" iterationIndex="-1" skippedCount="0" startedUtc="0" successfulCount="0" testApiId="com.provar.plugins.bundled.apis.control.StepGroup" testItemClass="IApiCall" title="Read Excel Data">
                      <childItems>
                        <executionItem endedUtc="0" executionErrorCount="0" executionWarningCount="0" failureCount="0" id="root:plans:Shop_Floor:RSTK-9710-CRUD operation on Work Center Group.testinstance:RSTK-9710-CRUD operation on Work Center Group.testcase:2:3.0:934:935:944:941" iterationIndex="-1" skippedCount="0" startedUtc="0" successfulCount="0" testClauseName="hidden" testItemClass="ITestClause" title="Steps">
                          <childItems/>
                        </executionItem>
                      </childItems>
                    </executionItem>
                  </childItems>
                </executionItem>
                <executionItem endedUtc="1656434097949" executionErrorCount="0" executionStatus="Executed" executionWarningCount="0" failureCount="0" id="root:plans:Shop_Floor:RSTK-9710-CRUD operation on Work Center Group.testinstance:RSTK-9710-CRUD operation on Work Center Group.testcase:2:3.0:934:936" iterationIndex="-1" skippedCount="0" startedUtc="1656434097915" successfulCount="1" testClauseName="else" testItemClass="ITestClause" title="Else">
                  <childItems>
                    <executionItem endedUtc="1656434097949" executionErrorCount="0" executionStatus="Executed" executionWarningCount="0" failureCount="0" id="root:plans:Shop_Floor:RSTK-9710-CRUD operation on Work Center Group.testinstance:RSTK-9710-CRUD operation on Work Center Group.testcase:2:3.0:934:936:937" iterationIndex="-1" skippedCount="0" startedUtc="1656434097915" successfulCount="1" testApiId="com.provar.plugins.bundled.apis.If" testItemClass="IApiCall" title="If: {GetSelectedEnvironment() = &quot;AutomationOrg&quot;}">
                      <childItems>
                        <executionItem endedUtc="1656434097949" executionErrorCount="0" executionStatus="Executed" executionWarningCount="0" failureCount="0" id="root:plans:Shop_Floor:RSTK-9710-CRUD operation on Work Center Group.testinstance:RSTK-9710-CRUD operation on Work Center Group.testcase:2:3.0:934:936:937:938" iterationIndex="-1" skippedCount="0" startedUtc="1656434097920" successfulCount="1" testClauseName="then" testItemClass="ITestClause" title="Then">
                          <childItems>
                            <executionItem endedUtc="1656434097948" executionErrorCount="0" executionStatus="Executed" executionWarningCount="0" failureCount="0" id="root:plans:Shop_Floor:RSTK-9710-CRUD operation on Work Center Group.testinstance:RSTK-9710-CRUD operation on Work Center Group.testcase:2:3.0:934:936:937:938:942" iterationIndex="-1" skippedCount="0" startedUtc="1656434097920" successfulCount="1" testApiId="com.provar.plugins.bundled.apis.control.StepGroup" testItemClass="IApiCall" title="Read Excel Data">
                              <childItems>
                                <executionItem endedUtc="1656434097946" executionErrorCount="0" executionStatus="Executed" executionWarningCount="0" failureCount="0" id="root:plans:Shop_Floor:RSTK-9710-CRUD operation on Work Center Group.testinstance:RSTK-9710-CRUD operation on Work Center Group.testcase:2:3.0:934:936:937:938:942:945" iterationIndex="-1" skippedCount="0" startedUtc="1656434097946" successfulCount="1" testClauseName="hidden" testItemClass="ITestClause" title="Steps">
                                  <childItems/>
                                </executionItem>
                              </childItems>
                              <logEntries>
                                <logEntry id="1656434097920" messageType="ParameterValueSource">Loading data from Parameter Value Source ...</logEntry>
                                <logEntry id="1656434097942" messageType="General">Loading Parameter Value Source row 1:</logEntry>
                                <logEntry id="1656434097942" messageType="General">==Column=&gt; RowNumber = PrimitiveValueImpl [ value: 2, valueId=null, createdUpdateSeq=-1, updatedUpdateSeq=-1]</logEntry>
                                <logEntry id="1656434097943" messageType="General">==Column=&gt; GroupID = PrimitiveValueImpl [ value: Pro-WCGroup, valueId=null, createdUpdateSeq=-1, updatedUpdateSeq=-1]</logEntry>
                                <logEntry id="1656434097943" messageType="General">==Column=&gt; Description = PrimitiveValueImpl [ value: Update, valueId=null, createdUpdateSeq=-1, updatedUpdateSeq=-1]</logEntry>
                                <logEntry id="1656434097943" messageType="General">==Column=&gt; Comments = PrimitiveValueImpl [ value: Test comments, valueId=null, createdUpdateSeq=-1, updatedUpdateSeq=-1]</logEntry>
                                <logEntry id="1656434097943" logLevel="Update" messageType="General">Loaded 1 rows from Parameter Value Source.</logEntry>
                              </logEntries>
                            </executionItem>
                          </childItems>
                        </executionItem>
                        <executionItem endedUtc="0" executionErrorCount="0" executionWarningCount="0" failureCount="0" id="root:plans:Shop_Floor:RSTK-9710-CRUD operation on Work Center Group.testinstance:RSTK-9710-CRUD operation on Work Center Group.testcase:2:3.0:934:936:937:939" iterationIndex="-1" skippedCount="0" startedUtc="0" successfulCount="0" testClauseName="else" testItemClass="ITestClause" title="Else">
                          <childItems>
                            <executionItem endedUtc="0" executionErrorCount="0" executionWarningCount="0" failureCount="0" id="root:plans:Shop_Floor:RSTK-9710-CRUD operation on Work Center Group.testinstance:RSTK-9710-CRUD operation on Work Center Group.testcase:2:3.0:934:936:937:939:940" iterationIndex="-1" skippedCount="0" startedUtc="0" successfulCount="0" testApiId="com.provar.plugins.bundled.apis.control.StepGroup" testItemClass="IApiCall" title="Read Excel Data">
                              <childItems>
                                <executionItem endedUtc="0" executionErrorCount="0" executionWarningCount="0" failureCount="0" id="root:plans:Shop_Floor:RSTK-9710-CRUD operation on Work Center Group.testinstance:RSTK-9710-CRUD operation on Work Center Group.testcase:2:3.0:934:936:937:939:940:943" iterationIndex="-1" skippedCount="0" startedUtc="0" successfulCount="0" testClauseName="hidden" testItemClass="ITestClause" title="Steps">
                                  <childItems/>
                                </executionItem>
                              </childItems>
                            </executionItem>
                          </childItems>
                        </executionItem>
                      </childItems>
                    </executionItem>
                  </childItems>
                </executionItem>
              </childItems>
            </executionItem>
            <executionItem endedUtc="1656434113265" executionErrorCount="0" executionStatus="Executed" executionWarningCount="0" failureCount="0" id="root:plans:Shop_Floor:RSTK-9710-CRUD operation on Work Center Group.testinstance:RSTK-9710-CRUD operation on Work Center Group.testcase:2:3.0:24" iterationIndex="-1" skippedCount="0" startedUtc="1656434097949" successfulCount="1" testApiId="com.provar.plugins.bundled.apis.control.ForEach" testItemClass="IApiCall" title="Update Record">
              <childItems>
                <executionItem endedUtc="1656434113262" executionErrorCount="0" executionStatus="Executed" executionWarningCount="0" failureCount="0" id="root:plans:Shop_Floor:RSTK-9710-CRUD operation on Work Center Group.testinstance:RSTK-9710-CRUD operation on Work Center Group.testcase:2:3.0:24:25.0" iterationIndex="0" skippedCount="0" startedUtc="1656434097952" successfulCount="1" testClauseName="substeps" testItemClass="ITestClause" title="Iteration 1">
                  <childItems>
                    <executionItem endedUtc="1656434113262" executionErrorCount="0" executionStatus="Executed" executionWarningCount="0" failureCount="0" id="root:plans:Shop_Floor:RSTK-9710-CRUD operation on Work Center Group.testinstance:RSTK-9710-CRUD operation on Work Center Group.testcase:2:3.0:24:25.0:26" iterationIndex="-1" skippedCount="0" startedUtc="1656434097953" successfulCount="1" testApiId="com.provar.plugins.forcedotcom.core.ui.UiWithScreen" testItemClass="IApiCall" title="On SF rstk__rtwcgroup page with pageobject Rstk__rtwcgroup">
                      <childItems>
                        <executionItem endedUtc="1656434111029" executionErrorCount="0" executionStatus="Executed" executionWarningCount="0" failureCount="0" id="root:plans:Shop_Floor:RSTK-9710-CRUD operation on Work Center Group.testinstance:RSTK-9710-CRUD operation on Work Center Group.testcase:2:3.0:24:25.0:26:27" iterationIndex="-1" skippedCount="0" startedUtc="1656434098161" successfulCount="1" testClauseName="substeps" testItemClass="ITestClause" title="Sub Steps">
                          <childItems>
                            <executionItem endedUtc="1656434098681" executionErrorCount="0" executionStatus="Executed" executionWarningCount="0" failureCount="0" id="root:plans:Shop_Floor:RSTK-9710-CRUD operation on Work Center Group.testinstance:RSTK-9710-CRUD operation on Work Center Group.testcase:2:3.0:24:25.0:26:27:28" iterationIndex="-1" skippedCount="0" startedUtc="1656434098161" successfulCount="1" testApiId="com.provar.plugins.forcedotcom.core.ui.UiDoAction" testItemClass="IApiCall" title="Click the Edit button">
                              <childItems/>
                              <logEntries>
                                <logEntry id="1656434098163" messageType="General">Start of Interact.  Connection: SFConnection, Locator: ui:locator?name=edit, before wait: default, after wait: default, auto retry: default</logEntry>
                                <logEntry id="1656434098239" messageType="General">Locator: ui:locator?name=edit</logEntry>
                                <logEntry id="1656434098239" messageType="General">Interaction: ui:interaction?name=action</logEntry>
                                <logEntry id="1656434098305" messageType="General">Switched focus to main window.  URL: https://automationtesting2--rstk.visualforce.com/apex/rtwcgroup?actionType=view&amp;id=a4v5f000001uivP</logEntry>
                                <logEntry id="1656434098339" messageType="General">Doing before wait.  waitUrl: default</logEntry>
                                <logEntry id="1656434098340" messageType="General">End of &amp;lt;default&amp;gt; wait.</logEntry>
                                <logEntry id="1656434098340" messageType="General">Doing after wait.  waitUrl: default</logEntry>
                                <logEntry id="1656434098588" messageType="General">Clicking WebElement.  WebElement [tag: input, text: Edit]</logEntry>
                                <logEntry id="1656434098621" messageType="General">Doing after wait.  waitUrl: default</logEntry>
                                <logEntry id="1656434098621" messageType="General">End of &amp;lt;default&amp;gt; wait.</logEntry>
                                <logEntry id="1656434098621" messageType="General">Going to update browser window handles.</logEntry>
                                <logEntry id="1656434098621" logLevel="Debug" messageType="General">Update browser window handles.</logEntry>
                                <logEntry id="1656434098680" logLevel="Update" messageType="General">Successfully updated browser window handles.</logEntry>
                              </logEntries>
                            </executionItem>
                            <executionItem endedUtc="1656434102845" executionErrorCount="0" executionStatus="Executed" executionWarningCount="0" failureCount="0" id="root:plans:Shop_Floor:RSTK-9710-CRUD operation on Work Center Group.testinstance:RSTK-9710-CRUD operation on Work Center Group.testcase:2:3.0:24:25.0:26:27:29" iterationIndex="-1" skippedCount="0" startedUtc="1656434098681" successfulCount="1" testApiId="com.provar.plugins.forcedotcom.core.ui.UiDoAction" testItemClass="IApiCall" title="Set the Description field to Provar Test">
                              <childItems/>
                              <logEntries>
                                <logEntry id="1656434098683" messageType="General">Start of Interact.  Connection: SFConnection, Locator: ui:locator?name=description, before wait: default, after wait: default, auto retry: default</logEntry>
                                <logEntry id="1656434098760" messageType="General">Locator: ui:locator?name=description</logEntry>
                                <logEntry id="1656434098761" messageType="General">Interaction: ui:interaction?name=set</logEntry>
                                <logEntry id="1656434102202" messageType="General">Switched focus to main window.  URL: https://automationtesting2--rstk.visualforce.com/apex/rtwcgroup?id=a4v5f000001uivP&amp;sfdc.override=1</logEntry>
                                <logEntry id="1656434102346" messageType="General">Doing before wait.  waitUrl: default</logEntry>
                                <logEntry id="1656434102347" messageType="General">End of &amp;lt;default&amp;gt; wait.</logEntry>
                                <logEntry id="1656434102347" messageType="General">Doing after wait.  waitUrl: default</logEntry>
                                <logEntry id="1656434102394" messageType="General">Got webElement.  tagName: INPUT, id: pg:fm:pb:pbs_main:j_id262:rtwcgroup_desc__c, type: text, selector: null</logEntry>
                                <logEntry id="1656434102543" messageType="General">Typing value.  tagName: INPUT, type: text, value: Provar Test, blur: false, selector: null</logEntry>
                                <logEntry id="1656434102792" messageType="General">Doing after wait.  waitUrl: default</logEntry>
                                <logEntry id="1656434102793" messageType="General">End of &amp;lt;default&amp;gt; wait.</logEntry>
                                <logEntry id="1656434102793" messageType="General">Going to update browser window handles.</logEntry>
                                <logEntry id="1656434102793" logLevel="Debug" messageType="General">Update browser window handles.</logEntry>
                                <logEntry id="1656434102844" logLevel="Update" messageType="General">Successfully updated browser window handles.</logEntry>
                              </logEntries>
                            </executionItem>
                            <executionItem endedUtc="1656434103712" executionErrorCount="0" executionStatus="Executed" executionWarningCount="0" failureCount="0" id="root:plans:Shop_Floor:RSTK-9710-CRUD operation on Work Center Group.testinstance:RSTK-9710-CRUD operation on Work Center Group.testcase:2:3.0:24:25.0:26:27:30" iterationIndex="-1" skippedCount="0" startedUtc="1656434102845" successfulCount="1" testApiId="com.provar.plugins.forcedotcom.core.ui.UiDoAction" testItemClass="IApiCall" title="Set the Comments field to Test comments">
                              <childItems/>
                              <logEntries>
                                <logEntry id="1656434102851" messageType="General">Start of Interact.  Connection: SFConnection, Locator: ui:locator?name=comments, before wait: default, after wait: default, auto retry: default</logEntry>
                                <logEntry id="1656434102920" messageType="General">Locator: ui:locator?name=comments</logEntry>
                                <logEntry id="1656434102920" messageType="General">Interaction: ui:interaction?name=set</logEntry>
                                <logEntry id="1656434102985" messageType="General">Switched focus to main window.  URL: https://automationtesting2--rstk.visualforce.com/apex/rtwcgroup?id=a4v5f000001uivP&amp;sfdc.override=1</logEntry>
                                <logEntry id="1656434103067" messageType="General">Doing before wait.  waitUrl: default</logEntry>
                                <logEntry id="1656434103068" messageType="General">End of &amp;lt;default&amp;gt; wait.</logEntry>
                                <logEntry id="1656434103068" messageType="General">Doing after wait.  waitUrl: default</logEntry>
                                <logEntry id="1656434103192" messageType="General">Got webElement.  tagName: TEXTAREA, id: pg:fm:pb:pbs_main:j_id264:rtwcgroup_comments__c, type: text, selector: null</logEntry>
                                <logEntry id="1656434103393" messageType="General">Typing value.  tagName: TEXTAREA, type: text, value: Test comments, blur: false, selector: null</logEntry>
                                <logEntry id="1656434103659" messageType="General">Doing after wait.  waitUrl: default</logEntry>
                                <logEntry id="1656434103659" messageType="General">End of &amp;lt;default&amp;gt; wait.</logEntry>
                                <logEntry id="1656434103659" messageType="General">Going to update browser window handles.</logEntry>
                                <logEntry id="1656434103659" logLevel="Debug" messageType="General">Update browser window handles.</logEntry>
                                <logEntry id="1656434103711" logLevel="Update" messageType="General">Successfully updated browser window handles.</logEntry>
                              </logEntries>
                            </executionItem>
                            <executionItem endedUtc="1656434109309" executionErrorCount="0" executionStatus="Executed" executionWarningCount="0" failureCount="0" id="root:plans:Shop_Floor:RSTK-9710-CRUD operation on Work Center Group.testinstance:RSTK-9710-CRUD operation on Work Center Group.testcase:2:3.0:24:25.0:26:27:31" iterationIndex="-1" skippedCount="0" startedUtc="1656434103712" successfulCount="1" testApiId="com.provar.plugins.forcedotcom.core.ui.UiDoAction" testItemClass="IApiCall" title="Click the Save button">
                              <childItems/>
                              <logEntries>
                                <logEntry id="1656434103719" messageType="General">Start of Interact.  Connection: SFConnection, Locator: ui:locator?name=save, before wait: default, after wait: default, auto retry: default</logEntry>
                                <logEntry id="1656434103789" messageType="General">Locator: ui:locator?name=save</logEntry>
                                <logEntry id="1656434103789" messageType="General">Interaction: ui:interaction?name=action</logEntry>
                                <logEntry id="1656434103853" messageType="General">Switched focus to main window.  URL: https://automationtesting2--rstk.visualforce.com/apex/rtwcgroup?id=a4v5f000001uivP&amp;sfdc.override=1</logEntry>
                                <logEntry id="1656434103888" messageType="General">Doing before wait.  waitUrl: default</logEntry>
                                <logEntry id="1656434103888" messageType="General">End of &amp;lt;default&amp;gt; wait.</logEntry>
                                <logEntry id="1656434103888" messageType="General">Doing after wait.  waitUrl: default</logEntry>
                                <logEntry id="1656434104170" messageType="General">Clicking WebElement.  WebElement [tag: input, text: Save]</logEntry>
                                <logEntry id="1656434104202" messageType="General">Doing after wait.  waitUrl: default</logEntry>
                                <logEntry id="1656434104203" messageType="General">waitAnno: @com.provar.core.testapi.annotations.PageObjectWait(implementation=class com.provar.core.testapi.BackgroundActivityWait)</logEntry>
                                <logEntry id="1656434104203" messageType="General">Doing background activity wait.  Timeout(seconds): 60, Interval(milliseconds): 500</logEntry>
                                <logEntry id="1656434109244" logLevel="Update" messageType="General">Background activity wait successful.  Actual duration(seconds): 5.041</logEntry>
                                <logEntry id="1656434109244" messageType="General">End of &amp;lt;default&amp;gt; wait.</logEntry>
                                <logEntry id="1656434109244" messageType="General">Going to update browser window handles.</logEntry>
                                <logEntry id="1656434109244" logLevel="Debug" messageType="General">Update browser window handles.</logEntry>
                                <logEntry id="1656434109309" logLevel="Update" messageType="General">Successfully updated browser window handles.</logEntry>
                              </logEntries>
                            </executionItem>
                            <executionItem endedUtc="1656434111029" executionErrorCount="0" executionStatus="Executed" executionWarningCount="0" failureCount="0" id="root:plans:Shop_Floor:RSTK-9710-CRUD operation on Work Center Group.testinstance:RSTK-9710-CRUD operation on Work Center Group.testcase:2:3.0:24:25.0:26:27:32" iterationIndex="-1" skippedCount="0" startedUtc="1656434109309" successfulCount="1" testApiId="com.provar.plugins.forcedotcom.core.ui.UiAssert" testItemClass="IApiCall" title="UI Assert">
                              <childItems/>
                              <logEntries>
                                <logEntry id="1656434109314" messageType="General">Start of UiAssert.  Connection: SFConnection</logEntry>
                                <logEntry id="1656434109384" messageType="General">Resolving field groupID1</logEntry>
                                <logEntry id="1656434109450" messageType="General">Switched focus to main window.  URL: https://automationtesting2--rstk.visualforce.com/apex/rtwcgroup?actionType=view&amp;id=a4v5f000001uivP</logEntry>
                                <logEntry id="1656434109451" messageType="General">Doing before wait.  waitUrl: default</logEntry>
                                <logEntry id="1656434109451" messageType="General">End of &amp;lt;default&amp;gt; wait.</logEntry>
                                <logEntry id="1656434110321" messageType="General">Switched focus to main window.  URL: https://automationtesting2--rstk.visualforce.com/apex/rtwcgroup?actionType=view&amp;id=a4v5f000001uivP</logEntry>
                                <logEntry id="1656434110970" messageType="General">Asserting field attributes: groupID1</logEntry>
                                <logEntry id="1656434110970" messageType="General">Asserting Attribute: value to PrimitiveValueImpl [ value: Pro-WCGroup, valueId=e2a, createdUpdateSeq=1895, updatedUpdateSeq=1895]</logEntry>
                                <logEntry id="1656434110970" messageType="AssertionSuccessful">Assertion successful.PRO-WCGROUP EqualTo Pro-WCGroup</logEntry>
                                <logEntry id="1656434110970" messageType="General">Object read successfully.  Result Name: op_wcGroupID</logEntry>
                                <logEntry id="1656434110970" messageType="General">Going to update browser window handles.</logEntry>
                                <logEntry id="1656434110970" logLevel="Debug" messageType="General">Update browser window handles.</logEntry>
                                <logEntry id="1656434111027" logLevel="Update" messageType="General">Successfully updated browser window handles.</logEntry>
                              </logEntries>
                            </executionItem>
                          </childItems>
                        </executionItem>
                      </childItems>
                      <logEntries>
                        <logEntry id="1656434097956" messageType="General">Start of With Screen.  Connection Name: SFConnection, target: sf:ui:target?page=rstk__rtwcgroup&amp;pageObject=pageobjects.rstk__rtwcgroup</logEntry>
                        <logEntry id="1656434098052" messageType="General">Opening Page context.  Name: screen, data: null, frame: null</logEntry>
                        <logEntry id="1656434098097" messageType="General">Going to update browser window handles.</logEntry>
                        <logEntry id="1656434098097" logLevel="Debug" messageType="General">Update browser window handles.</logEntry>
                        <logEntry id="1656434098160" logLevel="Update" messageType="General">Successfully updated browser window handles.</logEntry>
                        <logEntry id="1656434111034" messageType="General">All Sub-Test Steps were successful.</logEntry>
                        <logEntry id="1656434111107" messageType="General">Closing Page context.  Name: screen, data: null, frame: null</logEntry>
                        <logEntry id="1656434111107" messageType="General">Main window reselected.  Window: main</logEntry>
                        <logEntry id="1656434111173" messageType="General">Switched focus to main window.  URL: https://automationtesting2--rstk.visualforce.com/apex/rtwcgroup?actionType=view&amp;id=a4v5f000001uivP</logEntry>
                        <logEntry id="1656434113180" messageType="General">Going to update browser window handles.</logEntry>
                        <logEntry id="1656434113180" logLevel="Debug" messageType="General">Update browser window handles.</logEntry>
                        <logEntry id="1656434113261" logLevel="Update" messageType="General">Successfully updated browser window handles.</logEntry>
                      </logEntries>
                    </executionItem>
                  </childItems>
                </executionItem>
              </childItems>
              <logEntries>
                <logEntry id="1656434097951" messageType="General">Start of iteration 1 of 1.</logEntry>
                <logEntry id="1656434113264" messageType="General">Reached the end of the List.</logEntry>
              </logEntries>
            </executionItem>
            <executionItem endedUtc="1656434124294" executionErrorCount="0" executionStatus="Executed" executionWarningCount="0" failureCount="0" id="root:plans:Shop_Floor:RSTK-9710-CRUD operation on Work Center Group.testinstance:RSTK-9710-CRUD operation on Work Center Group.testcase:2:3.0:33" iterationIndex="-1" skippedCount="0" startedUtc="1656434113265" successfulCount="1" testApiId="com.provar.plugins.bundled.apis.control.StepGroup" testItemClass="IApiCall" title="Delete Record">
              <childItems>
                <executionItem endedUtc="1656434124292" executionErrorCount="0" executionStatus="Executed" executionWarningCount="0" failureCount="0" id="root:plans:Shop_Floor:RSTK-9710-CRUD operation on Work Center Group.testinstance:RSTK-9710-CRUD operation on Work Center Group.testcase:2:3.0:33:36" iterationIndex="-1" skippedCount="0" startedUtc="1656434113267" successfulCount="1" testClauseName="hidden" testItemClass="ITestClause" title="Steps">
                  <childItems>
                    <executionItem endedUtc="1656434124291" executionErrorCount="0" executionStatus="Executed" executionWarningCount="0" failureCount="0" id="root:plans:Shop_Floor:RSTK-9710-CRUD operation on Work Center Group.testinstance:RSTK-9710-CRUD operation on Work Center Group.testcase:2:3.0:33:36:37" iterationIndex="-1" skippedCount="0" startedUtc="1656434113267" successfulCount="1" testApiId="com.provar.plugins.forcedotcom.core.ui.UiWithScreen" testItemClass="IApiCall" title="On SF rstk__rtwcgroup page with pageobject Rstk__rtwcgroup">
                      <childItems>
                        <executionItem endedUtc="1656434122060" executionErrorCount="0" executionStatus="Executed" executionWarningCount="0" failureCount="0" id="root:plans:Shop_Floor:RSTK-9710-CRUD operation on Work Center Group.testinstance:RSTK-9710-CRUD operation on Work Center Group.testcase:2:3.0:33:36:37:38" iterationIndex="-1" skippedCount="0" startedUtc="1656434113436" successfulCount="1" testClauseName="substeps" testItemClass="ITestClause" title="Sub Steps">
                          <childItems>
                            <executionItem endedUtc="1656434113960" executionErrorCount="0" executionStatus="Executed" executionWarningCount="0" failureCount="0" id="root:plans:Shop_Floor:RSTK-9710-CRUD operation on Work Center Group.testinstance:RSTK-9710-CRUD operation on Work Center Group.testcase:2:3.0:33:36:37:38:51" iterationIndex="-1" skippedCount="0" startedUtc="1656434113436" successfulCount="1" testApiId="com.provar.plugins.forcedotcom.core.ui.UiDoAction" testItemClass="IApiCall" title="Click the Delete button">
                              <childItems/>
                              <logEntries>
                                <logEntry id="1656434113437" messageType="General">Start of Interact.  Connection: SFConnection, Locator: ui:locator?name=delete, before wait: default, after wait: default, auto retry: default</logEntry>
                                <logEntry id="1656434113515" messageType="General">Locator: ui:locator?name=delete</logEntry>
                                <logEntry id="1656434113515" messageType="General">Interaction: ui:interaction?name=action</logEntry>
                                <logEntry id="1656434113585" messageType="General">Switched focus to main window.  URL: https://automationtesting2--rstk.visualforce.com/apex/rtwcgroup?actionType=view&amp;id=a4v5f000001uivP</logEntry>
                                <logEntry id="1656434113616" messageType="General">Doing before wait.  waitUrl: default</logEntry>
                                <logEntry id="1656434113616" messageType="General">End of &amp;lt;default&amp;gt; wait.</logEntry>
                                <logEntry id="1656434113616" messageType="General">Doing after wait.  waitUrl: default</logEntry>
                                <logEntry id="1656434113868" messageType="General">Clicking WebElement.  WebElement [tag: input, text: Delete]</logEntry>
                                <logEntry id="1656434113900" messageType="General">Doing after wait.  waitUrl: default</logEntry>
                                <logEntry id="1656434113900" messageType="General">End of &amp;lt;default&amp;gt; wait.</logEntry>
                                <logEntry id="1656434113900" messageType="General">Going to update browser window handles.</logEntry>
                                <logEntry id="1656434113900" logLevel="Debug" messageType="General">Update browser window handles.</logEntry>
                                <logEntry id="1656434113959" logLevel="Update" messageType="General">Successfully updated browser window handles.</logEntry>
                              </logEntries>
                            </executionItem>
                            <executionItem endedUtc="1656434121014" executionErrorCount="0" executionStatus="Executed" executionWarningCount="0" failureCount="0" id="root:plans:Shop_Floor:RSTK-9710-CRUD operation on Work Center Group.testinstance:RSTK-9710-CRUD operation on Work Center Group.testcase:2:3.0:33:36:37:38:52" iterationIndex="-1" skippedCount="0" startedUtc="1656434113960" successfulCount="1" testApiId="com.provar.plugins.forcedotcom.core.ui.UiHandleAlert" testItemClass="IApiCall" title="Handle UI Alerts">
                              <childItems/>
                              <logEntries>
                                <logEntry id="1656434113963" messageType="General">Start of Handle Alert.  Connection: SFConnection</logEntry>
                                <logEntry id="1656434114190" messageType="General">Sending screenshot.  Data length: 66575</logEntry>
                                <logEntry id="1656434118229" messageType="General">Start of Alert Wait.  Timeout (seconds): 30</logEntry>
                                <logEntry id="1656434118245" messageType="General">Polling for Alert successful.  Attempt: 1</logEntry>
                                <logEntry id="1656434118245" messageType="General">End of Alert Wait.  Actual duration(seconds): 0.016</logEntry>
                                <logEntry id="1656434118245" messageType="General">Switching to alert.  ExpectedMessage: Delete this record?</logEntry>
                                <logEntry id="1656434118279" messageType="General">Got alert text: Delete this record?</logEntry>
                                <logEntry id="1656434118279" messageType="General">com.provar.core.model.base.java.ComparisonType$Options@456ecf3b</logEntry>
                                <logEntry id="1656434118280" messageType="General">Asserting Alert Message, To: 'Delete this record?', Comparision Type: Equals</logEntry>
                                <logEntry id="1656434118280" messageType="AssertionSuccessful">Assertion successful. 'Delete this record?' Equals 'Delete this record?'</logEntry>
                                <logEntry id="1656434118280" messageType="General">Accepting alert.</logEntry>
                                <logEntry id="1656434118293" messageType="General">Switching back to current frame.</logEntry>
                                <logEntry id="1656434120958" messageType="General">Switched focus to main window.  URL: https://automationtesting2.my.salesforce.com/a4v</logEntry>
                                <logEntry id="1656434120958" messageType="General">Going to update browser window handles.</logEntry>
                                <logEntry id="1656434120958" logLevel="Debug" messageType="General">Update browser window handles.</logEntry>
                                <logEntry id="1656434121013" logLevel="Update" messageType="General">Successfully updated browser window handles.</logEntry>
                              </logEntries>
                              <testArtifacts>
                                <artifactFile artifactsRelativePath="ScreenShot37" createdTimestamp="1656434114190" mimeContentType="image/png" name="ScreenShot37" title="Before Screenshot : 2022/06/28 22:05:13"/>
                              </testArtifacts>
                            </executionItem>
                            <executionItem endedUtc="1656434122056" executionErrorCount="0" executionStatus="Executed" executionWarningCount="0" failureCount="0" id="root:plans:Shop_Floor:RSTK-9710-CRUD operation on Work Center Group.testinstance:RSTK-9710-CRUD operation on Work Center Group.testcase:2:3.0:33:36:37:38:53" iterationIndex="-1" skippedCount="0" startedUtc="1656434121014" successfulCount="1" testApiId="com.provar.plugins.forcedotcom.core.testapis.ApexSoqlQuery" testItemClass="IApiCall" title="Read Work Center Group Record Count">
                              <childItems/>
                              <logEntries>
                                <logEntry id="1656434121016" messageType="General">Reading a Salesforce object.  Connection Name: SFConnection, Query: select count() from rstk__rtwcgroup__c where rstk__rtwcgroup_group__c='null'</logEntry>
                                <logEntry id="1656434122055" messageType="General">The count query returned 0.</logEntry>
                              </logEntries>
                            </executionItem>
                            <executionItem endedUtc="1656434122060" executionErrorCount="0" executionStatus="Executed" executionWarningCount="0" failureCount="0" id="root:plans:Shop_Floor:RSTK-9710-CRUD operation on Work Center Group.testinstance:RSTK-9710-CRUD operation on Work Center Group.testcase:2:3.0:33:36:37:38:54" iterationIndex="-1" skippedCount="0" startedUtc="1656434122057" successfulCount="1" testApiId="com.provar.plugins.bundled.apis.AssertValues" testItemClass="IApiCall" title="Assert: 0 EqualTo 0">
                              <childItems/>
                              <logEntries>
                                <logEntry id="1656434122059" messageType="AssertionSuccessful">Assertion successful. (result) 0 = 0 (target)</logEntry>
                              </logEntries>
                            </executionItem>
                          </childItems>
                        </executionItem>
                      </childItems>
                      <logEntries>
                        <logEntry id="1656434113268" messageType="General">Start of With Screen.  Connection Name: SFConnection, target: sf:ui:target?page=rstk__rtwcgroup&amp;pageObject=pageobjects.rstk__rtwcgroup</logEntry>
                        <logEntry id="1656434113356" messageType="General">Opening Page context.  Name: screen, data: null, frame: null</logEntry>
                        <logEntry id="1656434113377" messageType="General">Going to update browser window handles.</logEntry>
                        <logEntry id="1656434113377" logLevel="Debug" messageType="General">Update browser window handles.</logEntry>
                        <logEntry id="1656434113435" logLevel="Update" messageType="General">Successfully updated browser window handles.</logEntry>
                        <logEntry id="1656434122062" messageType="General">All Sub-Test Steps were successful.</logEntry>
                        <logEntry id="1656434122137" messageType="General">Closing Page context.  Name: screen, data: null, frame: null</logEntry>
                        <logEntry id="1656434122137" messageType="General">Main window reselected.  Window: main</logEntry>
                        <logEntry id="1656434122203" messageType="General">Switched focus to main window.  URL: https://automationtesting2.my.salesforce.com/a4v</logEntry>
                        <logEntry id="1656434124214" messageType="General">Going to update browser window handles.</logEntry>
                        <logEntry id="1656434124214" logLevel="Debug" messageType="General">Update browser window handles.</logEntry>
                        <logEntry id="1656434124291" logLevel="Update" messageType="General">Successfully updated browser window handles.</logEntry>
                      </logEntries>
                    </executionItem>
                  </childItems>
                </executionItem>
              </childItems>
            </executionItem>
          </childItems>
        </executionItem>
      </childItems>
      <logEntries>
        <logEntry id="1656434053889" messageType="General">Start of iteration 1 of 1.</logEntry>
        <logEntry id="1656434124296" messageType="General">Reached the end of the List.</logEntry>
      </logEntries>
    </executionItem>
  </childItems>
</executionItem>
