<?xml version="1.0" encoding="UTF-8" standalone="no"?>
<executionItem endedUtc="1658165073181" executionErrorCount="0" executionStatus="Executed" executionWarningCount="0" failureCount="1" id="root:plans:POSYDATA:RSTK-9162-SYDATA-DeAllocate PO Components.testinstance:RSTK-9162-SYDATA-DeAllocate PO Components.testcase" iterationIndex="-1" skippedCount="0" startedUtc="1658165068353" successfulCount="0" testCasePath="D:\\provar\\Chandra Demo\\Parallel-Execution\\tests\\PO_SYDATA" testItemClass="ITestCase" title="RSTK-9162-SYDATA-DeAllocate PO Components.testcase">
  <testItemSummary/>
  <childItems>
    <executionItem endedUtc="1658165073103" executionErrorCount="0" executionStatus="Executed" executionWarningCount="0" failureCount="0" id="root:plans:POSYDATA:RSTK-9162-SYDATA-DeAllocate PO Components.testinstance:RSTK-9162-SYDATA-DeAllocate PO Components.testcase:1" iterationIndex="-1" skippedCount="0" startedUtc="1658165068353" successfulCount="1" testApiId="com.provar.plugins.forcedotcom.core.testapis.ApexConnect" testItemClass="IApiCall" title="Salesforce Connect: SFConnection (Test)">
      <childItems/>
      <logEntries>
        <logEntry id="1658165068353" messageType="General">Connecting to Salesforce as QARSF_Admin</logEntry>
        <logEntry id="1658165068353" logLevel="Debug" messageType="General">Connection details. Connection name: QARSF_Admin, result name: SFConnection, result scope: Test, urlString: sf:environment=PRERELEASE;apiLoginUrl=https://automationtesting2.my.salesforce.com;identityServiceUrl=https://login.salesforce.com/id/00D5f000005vwGkEAI/0055f000008Hn0WAAS;clientId={clientId};clientSecret={clientSecret};authenticationType=OAUTH;callbackUrl={callbackUrl};accessToken={accessToken};refreshToken={refreshToken}, environment: AutomationOrg, clientId: [supplied], clientSecret: [supplied], callBackUrl: [supplied], accessToken: [supplied], refreshToken: [supplied]</logEntry>
        <logEntry id="1658165068353" logLevel="Debug" messageType="General">Create object id log file.</logEntry>
        <logEntry id="1658165068369" logLevel="Trace" messageType="General">Absolute path: D:\\provar\\Chandra Demo\\Parallel-Execution\\ANT\\..\\ANT\\Results(12)\\Artifacts\\QARSF_Admin-objectids.log</logEntry>
        <logEntry id="1658165069366" logLevel="Debug" messageType="General">Access Token refreshed successfully.</logEntry>
        <logEntry id="1658165072004" logLevel="Debug" messageType="General">Identity Service successful. ToolingEndpoint: https://automationtesting2.my.salesforce.com/services/Soap/T/53.0/00D5f000005vwGk, ToolingRestEndpoint: https://automationtesting2.my.salesforce.com/services/data/v53.0/tooling/, PartnerEndpoint: https://automationtesting2.my.salesforce.com/services/Soap/u/53.0/00D5f000005vwGk, MetadataEndpoint: https://automationtesting2.my.salesforce.com/services/Soap/m/53.0/00D5f000005vwGk, EnterpriseEndpoint: https://automationtesting2.my.salesforce.com/services/Soap/c/53.0/00D5f000005vwGk</logEntry>
        <logEntry id="1658165072004" logLevel="Debug" messageType="General">Opening Partner connection</logEntry>
        <logEntry id="1658165072004" logLevel="Trace" messageType="General">Connection configurations: userName: automation@rootstock.com,  password: [empty], securityToken: [empty], authEndpoint: https://automationtesting2.my.salesforce.com/services/Soap/u/53.0, serviceEndpoint: https://automationtesting2.my.salesforce.com/services/Soap/u/53.0/00D5f000005vwGk</logEntry>
        <logEntry id="1658165073096" logLevel="Debug" messageType="General">Opening SOAP connection</logEntry>
        <logEntry id="1658165073096" logLevel="Trace" messageType="General">Connection configurations: userName: automation@rootstock.com,  password: [empty], securityToken: [empty], authEndpoint: https://automationtesting2.my.salesforce.com/services/Soap/u/53.0, serviceEndpoint: https://automationtesting2.my.salesforce.com/services/Soap/u/53.0</logEntry>
        <logEntry id="1658165073096" logLevel="Debug" messageType="General">Opening Metadata connection</logEntry>
        <logEntry id="1658165073103" logLevel="Trace" messageType="General">Connection configurations: userName: null,  password: [empty], securityToken: [empty], authEndpoint: https://automationtesting2.my.salesforce.com/services/Soap/u/53.0, serviceEndpoint: https://automationtesting2.my.salesforce.com/services/Soap/m/53.0/00D5f000005vwGk</logEntry>
        <logEntry id="1658165073103" logLevel="Update" messageType="General">Successfully connected to Salesforce as QARSF_Admin</logEntry>
      </logEntries>
    </executionItem>
    <executionItem endedUtc="1658165073181" executionErrorCount="0" executionStatus="Executed" executionWarningCount="0" failureCount="1" id="root:plans:POSYDATA:RSTK-9162-SYDATA-DeAllocate PO Components.testinstance:RSTK-9162-SYDATA-DeAllocate PO Components.testcase:73" iterationIndex="-1" skippedCount="0" startedUtc="1658165073103" successfulCount="0" testApiId="com.provar.plugins.bundled.apis.control.StepGroup" testItemClass="IApiCall" title="Reading Excel Data">
      <childItems>
        <executionItem endedUtc="1658165073181" executionErrorCount="0" executionStatus="Executed" executionWarningCount="0" failureCount="1" id="root:plans:POSYDATA:RSTK-9162-SYDATA-DeAllocate PO Components.testinstance:RSTK-9162-SYDATA-DeAllocate PO Components.testcase:73:242" iterationIndex="-1" skippedCount="0" startedUtc="1658165073103" successfulCount="0" testClauseName="hidden" testItemClass="ITestClause" title="Steps">
          <childItems>
            <executionItem endedUtc="1658165073150" executionErrorCount="0" executionStatus="Executed" executionWarningCount="0" failureCount="0" id="root:plans:POSYDATA:RSTK-9162-SYDATA-DeAllocate PO Components.testinstance:RSTK-9162-SYDATA-DeAllocate PO Components.testcase:73:242:244" iterationIndex="-1" skippedCount="0" startedUtc="1658165073103" successfulCount="1" testItemClass="ITestCaseCall" title="Call ReadExcelPath">
              <childItems>
                <executionItem endedUtc="1658165073150" executionErrorCount="0" executionStatus="Executed" executionWarningCount="0" failureCount="0" id="root:plans:POSYDATA:RSTK-9162-SYDATA-DeAllocate PO Components.testinstance:RSTK-9162-SYDATA-DeAllocate PO Components.testcase:73:242:244:ReadExcelPath.testcase" iterationIndex="-1" skippedCount="0" startedUtc="1658165073103" successfulCount="1" testCasePath="D:\\provar\\Chandra Demo\\Parallel-Execution\\tests\\Purchase Order\\Callable" testItemClass="ITestCase" title="ReadExcelPath">
                  <testItemSummary/>
                  <childItems>
                    <executionItem endedUtc="1658165073103" executionErrorCount="0" executionStatus="Executed" executionWarningCount="0" failureCount="0" id="root:plans:POSYDATA:RSTK-9162-SYDATA-DeAllocate PO Components.testinstance:RSTK-9162-SYDATA-DeAllocate PO Components.testcase:73:242:244:ReadExcelPath.testcase:1" iterationIndex="-1" skippedCount="0" startedUtc="1658165073103" successfulCount="1" testApiId="com.provar.plugins.forcedotcom.core.testapis.ApexConnect" testItemClass="IApiCall" title="Salesforce Connect: SFConnection (Test)">
                      <childItems/>
                      <logEntries>
                        <logEntry id="1658165073103" messageType="General">Connecting to Salesforce as QARSF_Admin</logEntry>
                        <logEntry id="1658165073103" logLevel="Update" messageType="General">Re-using existing connection. Connection: QARSF_Admin, Result Name: SFConnection</logEntry>
                      </logEntries>
                    </executionItem>
                    <executionItem endedUtc="1658165073134" executionErrorCount="0" executionStatus="Executed" executionWarningCount="0" failureCount="0" id="root:plans:POSYDATA:RSTK-9162-SYDATA-DeAllocate PO Components.testinstance:RSTK-9162-SYDATA-DeAllocate PO Components.testcase:73:242:244:ReadExcelPath.testcase:118" iterationIndex="-1" skippedCount="0" startedUtc="1658165073103" successfulCount="1" testApiId="com.provar.plugins.bundled.apis.If" testItemClass="IApiCall" title="If: {GetSelectedEnvironment() = &quot;QARSF&quot;}">
                      <childItems>
                        <executionItem endedUtc="0" executionErrorCount="0" executionWarningCount="0" failureCount="0" id="root:plans:POSYDATA:RSTK-9162-SYDATA-DeAllocate PO Components.testinstance:RSTK-9162-SYDATA-DeAllocate PO Components.testcase:73:242:244:ReadExcelPath.testcase:118:119" iterationIndex="-1" skippedCount="0" startedUtc="0" successfulCount="0" testClauseName="then" testItemClass="ITestClause" title="Then">
                          <childItems>
                            <executionItem endedUtc="0" executionErrorCount="0" executionWarningCount="0" failureCount="0" id="root:plans:POSYDATA:RSTK-9162-SYDATA-DeAllocate PO Components.testinstance:RSTK-9162-SYDATA-DeAllocate PO Components.testcase:73:242:244:ReadExcelPath.testcase:118:119:139" iterationIndex="-1" skippedCount="0" startedUtc="0" successfulCount="0" testApiId="com.provar.plugins.bundled.apis.control.SetValues" testItemClass="IApiCall" title="Set Values: poui">
                              <childItems/>
                            </executionItem>
                            <executionItem endedUtc="0" executionErrorCount="0" executionWarningCount="0" failureCount="0" id="root:plans:POSYDATA:RSTK-9162-SYDATA-DeAllocate PO Components.testinstance:RSTK-9162-SYDATA-DeAllocate PO Components.testcase:73:242:244:ReadExcelPath.testcase:118:119:120" iterationIndex="-1" skippedCount="0" startedUtc="0" successfulCount="0" testApiId="com.provar.plugins.bundled.apis.control.SetValues" testItemClass="IApiCall" title="Set Values: financial">
                              <childItems/>
                            </executionItem>
                            <executionItem endedUtc="0" executionErrorCount="0" executionWarningCount="0" failureCount="0" id="root:plans:POSYDATA:RSTK-9162-SYDATA-DeAllocate PO Components.testinstance:RSTK-9162-SYDATA-DeAllocate PO Components.testcase:73:242:244:ReadExcelPath.testcase:118:119:138" iterationIndex="-1" skippedCount="0" startedUtc="0" successfulCount="0" testApiId="com.provar.plugins.bundled.apis.control.SetValues" testItemClass="IApiCall" title="Set Values: posydata1">
                              <childItems/>
                            </executionItem>
                            <executionItem endedUtc="0" executionErrorCount="0" executionWarningCount="0" failureCount="0" id="root:plans:POSYDATA:RSTK-9162-SYDATA-DeAllocate PO Components.testinstance:RSTK-9162-SYDATA-DeAllocate PO Components.testcase:73:242:244:ReadExcelPath.testcase:118:119:134" iterationIndex="-1" skippedCount="0" startedUtc="0" successfulCount="0" testApiId="com.provar.plugins.bundled.apis.control.SetValues" testItemClass="IApiCall" title="Set Values: posydata">
                              <childItems/>
                            </executionItem>
                            <executionItem endedUtc="0" executionErrorCount="0" executionWarningCount="0" failureCount="0" id="root:plans:POSYDATA:RSTK-9162-SYDATA-DeAllocate PO Components.testinstance:RSTK-9162-SYDATA-DeAllocate PO Components.testcase:73:242:244:ReadExcelPath.testcase:118:119:125" iterationIndex="-1" skippedCount="0" startedUtc="0" successfulCount="0" testApiId="com.provar.plugins.bundled.apis.control.SetValues" testItemClass="IApiCall" title="Set Values: poloader">
                              <childItems/>
                            </executionItem>
                          </childItems>
                        </executionItem>
                        <executionItem endedUtc="1658165073134" executionErrorCount="0" executionStatus="Executed" executionWarningCount="0" failureCount="0" id="root:plans:POSYDATA:RSTK-9162-SYDATA-DeAllocate PO Components.testinstance:RSTK-9162-SYDATA-DeAllocate PO Components.testcase:73:242:244:ReadExcelPath.testcase:118:129" iterationIndex="-1" skippedCount="0" startedUtc="1658165073103" successfulCount="1" testClauseName="else" testItemClass="ITestClause" title="Else">
                          <childItems>
                            <executionItem endedUtc="1658165073134" executionErrorCount="0" executionStatus="Executed" executionWarningCount="0" failureCount="0" id="root:plans:POSYDATA:RSTK-9162-SYDATA-DeAllocate PO Components.testinstance:RSTK-9162-SYDATA-DeAllocate PO Components.testcase:73:242:244:ReadExcelPath.testcase:118:129:116" iterationIndex="-1" skippedCount="0" startedUtc="1658165073103" successfulCount="1" testApiId="com.provar.plugins.bundled.apis.If" testItemClass="IApiCall" title="If: {GetSelectedEnvironment() = &quot;AutomationOrg&quot;}">
                              <childItems>
                                <executionItem endedUtc="1658165073134" executionErrorCount="0" executionStatus="Executed" executionWarningCount="0" failureCount="0" id="root:plans:POSYDATA:RSTK-9162-SYDATA-DeAllocate PO Components.testinstance:RSTK-9162-SYDATA-DeAllocate PO Components.testcase:73:242:244:ReadExcelPath.testcase:118:129:116:115" iterationIndex="-1" skippedCount="0" startedUtc="1658165073118" successfulCount="1" testClauseName="then" testItemClass="ITestClause" title="Then">
                                  <childItems>
                                    <executionItem endedUtc="1658165073118" executionErrorCount="0" executionStatus="Executed" executionWarningCount="0" failureCount="0" id="root:plans:POSYDATA:RSTK-9162-SYDATA-DeAllocate PO Components.testinstance:RSTK-9162-SYDATA-DeAllocate PO Components.testcase:73:242:244:ReadExcelPath.testcase:118:129:116:115:140" iterationIndex="-1" skippedCount="0" startedUtc="1658165073118" successfulCount="1" testApiId="com.provar.plugins.bundled.apis.control.SetValues" testItemClass="IApiCall" title="Set Values: financial">
                                      <childItems/>
                                      <logEntries>
                                        <logEntry id="1658165073118" messageType="General">Setting value financial to templates/AutomationOrg/FinancialData_AutomationOrg.xlsx</logEntry>
                                        <logEntry id="1658165073118" logLevel="Debug" messageType="General">Configuration: ValueScope:Test</logEntry>
                                        <logEntry id="1658165073118" logLevel="Update" messageType="General">Successfully set financial to templates/AutomationOrg/FinancialData_AutomationOrg.xlsx</logEntry>
                                      </logEntries>
                                    </executionItem>
                                    <executionItem endedUtc="1658165073118" executionErrorCount="0" executionStatus="Executed" executionWarningCount="0" failureCount="0" id="root:plans:POSYDATA:RSTK-9162-SYDATA-DeAllocate PO Components.testinstance:RSTK-9162-SYDATA-DeAllocate PO Components.testcase:73:242:244:ReadExcelPath.testcase:118:129:116:115:137" iterationIndex="-1" skippedCount="0" startedUtc="1658165073118" successfulCount="1" testApiId="com.provar.plugins.bundled.apis.control.SetValues" testItemClass="IApiCall" title="Set Values: posydata1">
                                      <childItems/>
                                      <logEntries>
                                        <logEntry id="1658165073118" messageType="General">Setting value posydata1 to templates/AutomationOrg/POSYDATA-AutomationOrg.xlsx</logEntry>
                                        <logEntry id="1658165073118" logLevel="Debug" messageType="General">Configuration: ValueScope:Test</logEntry>
                                        <logEntry id="1658165073118" logLevel="Update" messageType="General">Successfully set posydata1 to templates/AutomationOrg/POSYDATA-AutomationOrg.xlsx</logEntry>
                                      </logEntries>
                                    </executionItem>
                                    <executionItem endedUtc="1658165073118" executionErrorCount="0" executionStatus="Executed" executionWarningCount="0" failureCount="0" id="root:plans:POSYDATA:RSTK-9162-SYDATA-DeAllocate PO Components.testinstance:RSTK-9162-SYDATA-DeAllocate PO Components.testcase:73:242:244:ReadExcelPath.testcase:118:129:116:115:133" iterationIndex="-1" skippedCount="0" startedUtc="1658165073118" successfulCount="1" testApiId="com.provar.plugins.bundled.apis.control.SetValues" testItemClass="IApiCall" title="Set Values: posydata">
                                      <childItems/>
                                      <logEntries>
                                        <logEntry id="1658165073118" messageType="General">Setting value posydata to templates/AutomationOrg/SYDATA-POtoPOAP Match_AutomationOrg.xlsx</logEntry>
                                        <logEntry id="1658165073118" logLevel="Debug" messageType="General">Configuration: ValueScope:Test</logEntry>
                                        <logEntry id="1658165073118" logLevel="Update" messageType="General">Successfully set posydata to templates/AutomationOrg/SYDATA-POtoPOAP Match_AutomationOrg.xlsx</logEntry>
                                      </logEntries>
                                    </executionItem>
                                    <executionItem endedUtc="1658165073118" executionErrorCount="0" executionStatus="Executed" executionWarningCount="0" failureCount="0" id="root:plans:POSYDATA:RSTK-9162-SYDATA-DeAllocate PO Components.testinstance:RSTK-9162-SYDATA-DeAllocate PO Components.testcase:73:242:244:ReadExcelPath.testcase:118:129:116:115:135" iterationIndex="-1" skippedCount="0" startedUtc="1658165073118" successfulCount="1" testApiId="com.provar.plugins.bundled.apis.control.SetValues" testItemClass="IApiCall" title="Set Values: poloader">
                                      <childItems/>
                                      <logEntries>
                                        <logEntry id="1658165073118" messageType="General">Setting value poloader to templates/AutomationOrg/POLoader_AutomationOrg.xlsx</logEntry>
                                        <logEntry id="1658165073118" logLevel="Debug" messageType="General">Configuration: ValueScope:Test</logEntry>
                                        <logEntry id="1658165073118" logLevel="Update" messageType="General">Successfully set poloader to templates/AutomationOrg/POLoader_AutomationOrg.xlsx</logEntry>
                                      </logEntries>
                                    </executionItem>
                                    <executionItem endedUtc="1658165073134" executionErrorCount="0" executionStatus="Executed" executionWarningCount="0" failureCount="0" id="root:plans:POSYDATA:RSTK-9162-SYDATA-DeAllocate PO Components.testinstance:RSTK-9162-SYDATA-DeAllocate PO Components.testcase:73:242:244:ReadExcelPath.testcase:118:129:116:115:143" iterationIndex="-1" skippedCount="0" startedUtc="1658165073118" successfulCount="1" testApiId="com.provar.plugins.bundled.apis.control.SetValues" testItemClass="IApiCall" title="Set Values: reqpay">
                                      <childItems/>
                                      <logEntries>
                                        <logEntry id="1658165073134" messageType="General">Setting value reqpay to templates/AutomationOrg/ReqtoPayment.xlsx</logEntry>
                                        <logEntry id="1658165073134" logLevel="Debug" messageType="General">Configuration: ValueScope:Test</logEntry>
                                        <logEntry id="1658165073134" logLevel="Update" messageType="General">Successfully set reqpay to templates/AutomationOrg/ReqtoPayment.xlsx</logEntry>
                                      </logEntries>
                                    </executionItem>
                                    <executionItem endedUtc="1658165073134" executionErrorCount="0" executionStatus="Executed" executionWarningCount="0" failureCount="0" id="root:plans:POSYDATA:RSTK-9162-SYDATA-DeAllocate PO Components.testinstance:RSTK-9162-SYDATA-DeAllocate PO Components.testcase:73:242:244:ReadExcelPath.testcase:118:129:116:115:96" iterationIndex="-1" skippedCount="0" startedUtc="1658165073134" successfulCount="1" testApiId="com.provar.plugins.bundled.apis.control.SetValues" testItemClass="IApiCall" title="Set Values: poui">
                                      <childItems/>
                                      <logEntries>
                                        <logEntry id="1658165073134" messageType="General">Setting value poui to templates/AutomationOrg/POData_AutomationOrg.xlsx</logEntry>
                                        <logEntry id="1658165073134" logLevel="Debug" messageType="General">Configuration: ValueScope:Test</logEntry>
                                        <logEntry id="1658165073134" logLevel="Update" messageType="General">Successfully set poui to templates/AutomationOrg/POData_AutomationOrg.xlsx</logEntry>
                                      </logEntries>
                                    </executionItem>
                                  </childItems>
                                </executionItem>
                              </childItems>
                            </executionItem>
                          </childItems>
                        </executionItem>
                      </childItems>
                    </executionItem>
                    <executionItem endedUtc="1658165073134" executionErrorCount="0" executionStatus="Executed" executionWarningCount="0" failureCount="0" id="root:plans:POSYDATA:RSTK-9162-SYDATA-DeAllocate PO Components.testinstance:RSTK-9162-SYDATA-DeAllocate PO Components.testcase:73:242:244:ReadExcelPath.testcase:142" iterationIndex="-1" skippedCount="0" startedUtc="1658165073134" successfulCount="1" testApiId="com.provar.plugins.bundled.apis.control.SetValues" testItemClass="IApiCall" title="Set Values: pouipath">
                      <childItems/>
                      <logEntries>
                        <logEntry id="1658165073134" messageType="General">Setting value pouipath to templates/AutomationOrg/POData_AutomationOrg.xlsx</logEntry>
                        <logEntry id="1658165073134" logLevel="Debug" messageType="General">Configuration: ValueScope:Test</logEntry>
                        <logEntry id="1658165073134" logLevel="Update" messageType="General">Successfully set pouipath to templates/AutomationOrg/POData_AutomationOrg.xlsx</logEntry>
                      </logEntries>
                    </executionItem>
                    <executionItem endedUtc="1658165073134" executionErrorCount="0" executionStatus="Executed" executionWarningCount="0" failureCount="0" id="root:plans:POSYDATA:RSTK-9162-SYDATA-DeAllocate PO Components.testinstance:RSTK-9162-SYDATA-DeAllocate PO Components.testcase:73:242:244:ReadExcelPath.testcase:141" iterationIndex="-1" skippedCount="0" startedUtc="1658165073134" successfulCount="1" testApiId="com.provar.plugins.bundled.apis.control.SetValues" testItemClass="IApiCall" title="Set Values: posydatapath1">
                      <childItems/>
                      <logEntries>
                        <logEntry id="1658165073134" messageType="General">Setting value posydatapath1 to templates/AutomationOrg/POSYDATA-AutomationOrg.xlsx</logEntry>
                        <logEntry id="1658165073134" logLevel="Debug" messageType="General">Configuration: ValueScope:Test</logEntry>
                        <logEntry id="1658165073134" logLevel="Update" messageType="General">Successfully set posydatapath1 to templates/AutomationOrg/POSYDATA-AutomationOrg.xlsx</logEntry>
                      </logEntries>
                    </executionItem>
                    <executionItem endedUtc="1658165073134" executionErrorCount="0" executionStatus="Executed" executionWarningCount="0" failureCount="0" id="root:plans:POSYDATA:RSTK-9162-SYDATA-DeAllocate PO Components.testinstance:RSTK-9162-SYDATA-DeAllocate PO Components.testcase:73:242:244:ReadExcelPath.testcase:127" iterationIndex="-1" skippedCount="0" startedUtc="1658165073134" successfulCount="1" testApiId="com.provar.plugins.bundled.apis.control.SetValues" testItemClass="IApiCall" title="Set Values: finpath">
                      <childItems/>
                      <logEntries>
                        <logEntry id="1658165073134" messageType="General">Setting value finpath to templates/AutomationOrg/FinancialData_AutomationOrg.xlsx</logEntry>
                        <logEntry id="1658165073134" logLevel="Debug" messageType="General">Configuration: ValueScope:Test</logEntry>
                        <logEntry id="1658165073134" logLevel="Update" messageType="General">Successfully set finpath to templates/AutomationOrg/FinancialData_AutomationOrg.xlsx</logEntry>
                      </logEntries>
                    </executionItem>
                    <executionItem endedUtc="1658165073134" executionErrorCount="0" executionStatus="Executed" executionWarningCount="0" failureCount="0" id="root:plans:POSYDATA:RSTK-9162-SYDATA-DeAllocate PO Components.testinstance:RSTK-9162-SYDATA-DeAllocate PO Components.testcase:73:242:244:ReadExcelPath.testcase:136" iterationIndex="-1" skippedCount="0" startedUtc="1658165073134" successfulCount="1" testApiId="com.provar.plugins.bundled.apis.control.SetValues" testItemClass="IApiCall" title="Set Values: poloaderpath">
                      <childItems/>
                      <logEntries>
                        <logEntry id="1658165073134" messageType="General">Setting value poloaderpath to templates/AutomationOrg/POLoader_AutomationOrg.xlsx</logEntry>
                        <logEntry id="1658165073134" logLevel="Debug" messageType="General">Configuration: ValueScope:Test</logEntry>
                        <logEntry id="1658165073134" logLevel="Update" messageType="General">Successfully set poloaderpath to templates/AutomationOrg/POLoader_AutomationOrg.xlsx</logEntry>
                      </logEntries>
                    </executionItem>
                    <executionItem endedUtc="1658165073150" executionErrorCount="0" executionStatus="Executed" executionWarningCount="0" failureCount="0" id="root:plans:POSYDATA:RSTK-9162-SYDATA-DeAllocate PO Components.testinstance:RSTK-9162-SYDATA-DeAllocate PO Components.testcase:73:242:244:ReadExcelPath.testcase:144" iterationIndex="-1" skippedCount="0" startedUtc="1658165073134" successfulCount="1" testApiId="com.provar.plugins.bundled.apis.control.SetValues" testItemClass="IApiCall" title="Set Values: posydatapath">
                      <childItems/>
                      <logEntries>
                        <logEntry id="1658165073150" messageType="General">Setting value posydatapath to templates/AutomationOrg/SYDATA-POtoPOAP Match_AutomationOrg.xlsx</logEntry>
                        <logEntry id="1658165073150" logLevel="Debug" messageType="General">Configuration: ValueScope:Test</logEntry>
                        <logEntry id="1658165073150" logLevel="Update" messageType="General">Successfully set posydatapath to templates/AutomationOrg/SYDATA-POtoPOAP Match_AutomationOrg.xlsx</logEntry>
                      </logEntries>
                    </executionItem>
                    <executionItem endedUtc="1658165073150" executionErrorCount="0" executionStatus="Executed" executionWarningCount="0" failureCount="0" id="root:plans:POSYDATA:RSTK-9162-SYDATA-DeAllocate PO Components.testinstance:RSTK-9162-SYDATA-DeAllocate PO Components.testcase:73:242:244:ReadExcelPath.testcase:124" iterationIndex="-1" skippedCount="0" startedUtc="1658165073150" successfulCount="1" testApiId="com.provar.plugins.bundled.apis.control.SetValues" testItemClass="IApiCall" title="Set Values: reqpaypath">
                      <childItems/>
                      <logEntries>
                        <logEntry id="1658165073150" messageType="General">Setting value reqpaypath to templates/AutomationOrg/ReqtoPayment.xlsx</logEntry>
                        <logEntry id="1658165073150" logLevel="Debug" messageType="General">Configuration: ValueScope:Test</logEntry>
                        <logEntry id="1658165073150" logLevel="Update" messageType="General">Successfully set reqpaypath to templates/AutomationOrg/ReqtoPayment.xlsx</logEntry>
                      </logEntries>
                    </executionItem>
                  </childItems>
                </executionItem>
              </childItems>
              <logEntries>
                <logEntry id="1658165073150" messageType="General">Handling managed resource.  Name: SFConnection</logEntry>
                <logEntry id="1658165073150" logLevel="Debug" messageType="General">Not closing Salesforce Connection because it is still being used.  Name: SFConnection</logEntry>
                <logEntry id="1658165073150" logLevel="Update" messageType="General">Salesforce Connection handled successfully.  Name: SFConnection</logEntry>
              </logEntries>
            </executionItem>
            <executionItem endedUtc="1658165073181" executionErrorCount="0" executionStatus="Executed" executionWarningCount="0" failureCount="1" id="root:plans:POSYDATA:RSTK-9162-SYDATA-DeAllocate PO Components.testinstance:RSTK-9162-SYDATA-DeAllocate PO Components.testcase:73:242:54" iterationIndex="-1" skippedCount="0" startedUtc="1658165073150" successfulCount="0" testApiId="com.provar.plugins.bundled.apis.control.StepGroup" testItemClass="IApiCall" title="Read Data for PO Component Allocate">
              <childItems>
                <executionItem endedUtc="0" executionErrorCount="0" executionWarningCount="0" failureCount="0" id="root:plans:POSYDATA:RSTK-9162-SYDATA-DeAllocate PO Components.testinstance:RSTK-9162-SYDATA-DeAllocate PO Components.testcase:73:242:54:53" iterationIndex="-1" skippedCount="0" startedUtc="0" successfulCount="0" testClauseName="hidden" testItemClass="ITestClause" title="Steps">
                  <childItems/>
                </executionItem>
              </childItems>
              <logEntries>
                <logEntry id="1658165073150" messageType="ParameterValueSource">Loading data from Parameter Value Source ...</logEntry>
                <logEntry id="1658165073165" messageType="General">Loading Parameter Value Source row 1:</logEntry>
                <logEntry id="1658165073165" messageType="General">==Column=&gt; Process = PrimitiveValueImpl [ value: Ready, valueId=null, createdUpdateSeq=-1, updatedUpdateSeq=-1]</logEntry>
                <logEntry id="1658165073165" messageType="General">==Column=&gt; Name = PrimitiveValueImpl [ value: NPAutomation_Testing, valueId=null, createdUpdateSeq=-1, updatedUpdateSeq=-1]</logEntry>
                <logEntry id="1658165073165" messageType="General">==Column=&gt; Division = PrimitiveValueImpl [ value: a8d5f0000004JbG, valueId=null, createdUpdateSeq=-1, updatedUpdateSeq=-1]</logEntry>
                <logEntry id="1658165073165" messageType="General">==Column=&gt; Vendor = PrimitiveValueImpl [ value: a4X5f000000tkbm, valueId=null, createdUpdateSeq=-1, updatedUpdateSeq=-1]</logEntry>
                <logEntry id="1658165073165" messageType="General">Loading Parameter Value Source row 2:</logEntry>
                <logEntry id="1658165073165" messageType="General">==Column=&gt; Process = PrimitiveValueImpl [ value: Ready, valueId=null, createdUpdateSeq=-1, updatedUpdateSeq=-1]</logEntry>
                <logEntry id="1658165073165" messageType="General">==Column=&gt; Name = PrimitiveValueImpl [ value: NPAutomation_Testing, valueId=null, createdUpdateSeq=-1, updatedUpdateSeq=-1]</logEntry>
                <logEntry id="1658165073165" messageType="General">==Column=&gt; Division = PrimitiveValueImpl [ value: a8d5f0000004JbG, valueId=null, createdUpdateSeq=-1, updatedUpdateSeq=-1]</logEntry>
                <logEntry id="1658165073165" messageType="General">==Column=&gt; Vendor = PrimitiveValueImpl [ value: a4X5f000000tkbw, valueId=null, createdUpdateSeq=-1, updatedUpdateSeq=-1]</logEntry>
                <logEntry id="1658165073181" logLevel="Update" messageType="General">Loaded 2 rows from Parameter Value Source.</logEntry>
                <logEntry id="1658165073181" messageType="ParameterValueSource">Loading data from Parameter Value Source ...</logEntry>
                <logEntry id="1658165073181" logLevel="Update" messageType="General">Loaded 0 rows from Parameter Value Source.</logEntry>
                <logEntry id="1658165073181" logLevel="Error" messageType="General">[NullPointerException\nStack Trace:\njava.lang.NullPointerException\r\n\tat java.io.File.&lt;init&gt;(File.java:277)\r\n\tat com.provar.core.connection.excel.ExcelSupport.getWorksheetValues(ExcelSupport.java:53)\r\n\tat com.provar.core.testexecution.controller.java.ExcelParameterValueSourceImplementation.getValues(ExcelParameterValueSourceImplementation.java:94)\r\n\tat com.provar.core.testexecution.controller.java.ExcelParameterValueSourceImplementation.iterator(ExcelParameterValueSourceImplementation.java:68)\r\n\tat com.provar.core.testexecution.controller.java.TestExecutionControllerImpl.loadParameterSource(TestExecutionControllerImpl.java:2216)\r\n\tat com.provar.core.testexecution.controller.java.TestExecutionControllerImpl.setApiCallParameters(TestExecutionControllerImpl.java:2064)\r\n\tat com.provar.core.testexecution.controller.java.TestExecutionControllerImpl.executeTestClause(TestExecutionControllerImpl.java:1903)\r\n\tat com.provar.core.testexecution.controller.java.TestExecutionControllerImpl.executeApiCall(TestExecutionControllerImpl.java:1379)\r\n\tat com.provar.core.testexecution.controller.java.TestExecutionControllerImpl.executeApiCall(TestExecutionControllerImpl.java:1155)\r\n\tat com.provar.core.testexecution.controller.java.TestExecutionControllerImpl.executeTestItem(TestExecutionControllerImpl.java:252)\r\n\tat com.provar.core.testexecution.controller.java.TestExecutionControllerImpl.executeTestItem(TestExecutionControllerImpl.java:232)\r\n\tat com.provar.core.testexecution.controller.java.TestExecutionControllerImpl.executeTestItems(TestExecutionControllerImpl.java:844)\r\n\tat com.provar.core.testexecution.controller.java.TestExecutionControllerImpl.executeTestCase(TestExecutionControllerImpl.java:622)\r\n\tat com.provar.core.testexecution.controller.java.TestExecutionControllerImpl.executeTestCase(TestExecutionControllerImpl.java:409)\r\n\tat com.provar.core.testexecution.controller.java.TestExecutionControllerImpl.executeTestItem(TestExecutionControllerImpl.java:249)\r\n\tat com.provar.testrunner.java.TestRunnerImpl.runItem(TestRunnerImpl.java:2009)\r\n\tat com.provar.testrunner.java.TestRunnerImpl.runItem(TestRunnerImpl.java:2025)\r\n\tat com.provar.testrunner.java.TestRunnerImpl.runItem(TestRunnerImpl.java:2025)\r\n\tat com.provar.testrunner.java.TestRunnerImpl.runItem(TestRunnerImpl.java:2025)\r\n\tat com.provar.testrunner.java.TestRunnerImpl.runItem(TestRunnerImpl.java:2025)\r\n\tat com.provar.testrunner.java.TestRunnerImpl.runTestCase(TestRunnerImpl.java:1164)\r\n\tat com.provar.testrunner.java.TestRunnerImpl.runTest(TestRunnerImpl.java:754)\r\n\tat com.provar.testrunner.java.TestRunnerImpl$3.run(TestRunnerImpl.java:733)\r\n\tat java.lang.Thread.run(Thread.java:748)\r\n]</logEntry>
              </logEntries>
            </executionItem>
          </childItems>
        </executionItem>
      </childItems>
    </executionItem>
    <executionItem endedUtc="0" executionErrorCount="0" executionStatus="Executed" executionWarningCount="0" failureCount="0" id="root:plans:POSYDATA:RSTK-9162-SYDATA-DeAllocate PO Components.testinstance:RSTK-9162-SYDATA-DeAllocate PO Components.testcase:83" iterationIndex="-1" skippedCount="1" startedUtc="1658165073181" successfulCount="0" testApiId="com.provar.plugins.bundled.apis.control.ForEach" testItemClass="IApiCall" title="For Each: {AddPOCreationData}=&gt;podata">
      <childItems/>
    </executionItem>
  </childItems>
</executionItem>
