<?xml version="1.0" encoding="UTF-8" standalone="no"?>
<executionItem endedUtc="1658166252601" executionErrorCount="0" executionStatus="Executed" executionWarningCount="0" failureCount="1" id="root:plans:SYDATA-Sales Order:RSTK-9166 - Reverse Pick-Pack-Ship Sales Order Lines.testinstance:RSTK-9166 - Reverse Pick-Pack-Ship Sales Order Lines.testcase" iterationIndex="-1" skippedCount="0" startedUtc="1658166244194" successfulCount="0" testCasePath="D:\\provar\\Chandra Demo\\Parallel-Execution\\tests\\SYDATA - Sales Orders" testItemClass="ITestCase" title="RSTK-9166 - Reverse Pick-Pack-Ship Sales Order Lines.testcase">
  <testItemSummary/>
  <childItems>
    <executionItem endedUtc="1658166249066" executionErrorCount="0" executionStatus="Executed" executionWarningCount="0" failureCount="0" id="root:plans:SYDATA-Sales Order:RSTK-9166 - Reverse Pick-Pack-Ship Sales Order Lines.testinstance:RSTK-9166 - Reverse Pick-Pack-Ship Sales Order Lines.testcase:1" iterationIndex="-1" skippedCount="0" startedUtc="1658166244194" successfulCount="1" testApiId="com.provar.plugins.forcedotcom.core.testapis.ApexConnect" testItemClass="IApiCall" title="Salesforce Connect: SFConnection (Test)">
      <childItems/>
      <logEntries>
        <logEntry id="1658166244194" messageType="General">Connecting to Salesforce as QARSF_Admin</logEntry>
        <logEntry id="1658166244194" logLevel="Debug" messageType="General">Connection details. Connection name: QARSF_Admin, result name: SFConnection, result scope: Test, urlString: sf:environment=PRERELEASE;apiLoginUrl=https://automationtesting2.my.salesforce.com;identityServiceUrl=https://login.salesforce.com/id/00D5f000005vwGkEAI/0055f000008Hn0WAAS;clientId={clientId};clientSecret={clientSecret};authenticationType=OAUTH;callbackUrl={callbackUrl};accessToken={accessToken};refreshToken={refreshToken}, environment: AutomationOrg, clientId: [supplied], clientSecret: [supplied], callBackUrl: [supplied], accessToken: [supplied], refreshToken: [supplied]</logEntry>
        <logEntry id="1658166244194" logLevel="Debug" messageType="General">Create object id log file.</logEntry>
        <logEntry id="1658166244210" logLevel="Trace" messageType="General">Absolute path: D:\\provar\\Chandra Demo\\Parallel-Execution\\ANT\\..\\ANT\\Results(15)\\Artifacts\\QARSF_Admin-objectids.log</logEntry>
        <logEntry id="1658166245278" logLevel="Debug" messageType="General">Access Token refreshed successfully.</logEntry>
        <logEntry id="1658166247965" logLevel="Debug" messageType="General">Identity Service successful. ToolingEndpoint: https://automationtesting2.my.salesforce.com/services/Soap/T/53.0/00D5f000005vwGk, ToolingRestEndpoint: https://automationtesting2.my.salesforce.com/services/data/v53.0/tooling/, PartnerEndpoint: https://automationtesting2.my.salesforce.com/services/Soap/u/53.0/00D5f000005vwGk, MetadataEndpoint: https://automationtesting2.my.salesforce.com/services/Soap/m/53.0/00D5f000005vwGk, EnterpriseEndpoint: https://automationtesting2.my.salesforce.com/services/Soap/c/53.0/00D5f000005vwGk</logEntry>
        <logEntry id="1658166247965" logLevel="Debug" messageType="General">Opening Partner connection</logEntry>
        <logEntry id="1658166247965" logLevel="Trace" messageType="General">Connection configurations: userName: automation@rootstock.com,  password: [empty], securityToken: [empty], authEndpoint: https://automationtesting2.my.salesforce.com/services/Soap/u/53.0, serviceEndpoint: https://automationtesting2.my.salesforce.com/services/Soap/u/53.0/00D5f000005vwGk</logEntry>
        <logEntry id="1658166249066" logLevel="Debug" messageType="General">Opening SOAP connection</logEntry>
        <logEntry id="1658166249066" logLevel="Trace" messageType="General">Connection configurations: userName: automation@rootstock.com,  password: [empty], securityToken: [empty], authEndpoint: https://automationtesting2.my.salesforce.com/services/Soap/u/53.0, serviceEndpoint: https://automationtesting2.my.salesforce.com/services/Soap/u/53.0</logEntry>
        <logEntry id="1658166249066" logLevel="Debug" messageType="General">Opening Metadata connection</logEntry>
        <logEntry id="1658166249066" logLevel="Trace" messageType="General">Connection configurations: userName: null,  password: [empty], securityToken: [empty], authEndpoint: https://automationtesting2.my.salesforce.com/services/Soap/u/53.0, serviceEndpoint: https://automationtesting2.my.salesforce.com/services/Soap/m/53.0/00D5f000005vwGk</logEntry>
        <logEntry id="1658166249066" logLevel="Update" messageType="General">Successfully connected to Salesforce as QARSF_Admin</logEntry>
      </logEntries>
    </executionItem>
    <executionItem endedUtc="1658166249285" executionErrorCount="0" executionStatus="Executed" executionWarningCount="0" failureCount="0" id="root:plans:SYDATA-Sales Order:RSTK-9166 - Reverse Pick-Pack-Ship Sales Order Lines.testinstance:RSTK-9166 - Reverse Pick-Pack-Ship Sales Order Lines.testcase:32" iterationIndex="-1" skippedCount="0" startedUtc="1658166249066" successfulCount="1" testApiId="com.provar.plugins.bundled.apis.control.StepGroup" testItemClass="IApiCall" title="Read Excel Path">
      <childItems>
        <executionItem endedUtc="1658166249285" executionErrorCount="0" executionStatus="Executed" executionWarningCount="0" failureCount="0" id="root:plans:SYDATA-Sales Order:RSTK-9166 - Reverse Pick-Pack-Ship Sales Order Lines.testinstance:RSTK-9166 - Reverse Pick-Pack-Ship Sales Order Lines.testcase:32:40" iterationIndex="-1" skippedCount="0" startedUtc="1658166249066" successfulCount="1" testClauseName="hidden" testItemClass="ITestClause" title="Steps">
          <childItems>
            <executionItem endedUtc="1658166249285" executionErrorCount="0" executionStatus="Executed" executionWarningCount="0" failureCount="0" id="root:plans:SYDATA-Sales Order:RSTK-9166 - Reverse Pick-Pack-Ship Sales Order Lines.testinstance:RSTK-9166 - Reverse Pick-Pack-Ship Sales Order Lines.testcase:32:40:45" iterationIndex="-1" skippedCount="0" startedUtc="1658166249066" successfulCount="1" testItemClass="ITestCaseCall" title="Call Read Excel Data">
              <childItems>
                <executionItem endedUtc="1658166249285" executionErrorCount="0" executionStatus="Executed" executionWarningCount="0" failureCount="0" id="root:plans:SYDATA-Sales Order:RSTK-9166 - Reverse Pick-Pack-Ship Sales Order Lines.testinstance:RSTK-9166 - Reverse Pick-Pack-Ship Sales Order Lines.testcase:32:40:45:Read Excel Data.testcase" iterationIndex="-1" skippedCount="0" startedUtc="1658166249066" successfulCount="1" testCasePath="D:\\provar\\Chandra Demo\\Parallel-Execution\\tests\\Sales Order\\Sales Order - CallableTesting" testItemClass="ITestCase" title="Read Excel Data">
                  <testItemSummary/>
                  <childItems>
                    <executionItem endedUtc="1658166249081" executionErrorCount="0" executionStatus="Executed" executionWarningCount="0" failureCount="0" id="root:plans:SYDATA-Sales Order:RSTK-9166 - Reverse Pick-Pack-Ship Sales Order Lines.testinstance:RSTK-9166 - Reverse Pick-Pack-Ship Sales Order Lines.testcase:32:40:45:Read Excel Data.testcase:1" iterationIndex="-1" skippedCount="0" startedUtc="1658166249066" successfulCount="1" testApiId="com.provar.plugins.forcedotcom.core.testapis.ApexConnect" testItemClass="IApiCall" title="Salesforce Connect: SFConnection (Test)">
                      <childItems/>
                      <logEntries>
                        <logEntry id="1658166249081" messageType="General">Connecting to Salesforce as QARSF_Admin</logEntry>
                        <logEntry id="1658166249081" logLevel="Update" messageType="General">Re-using existing connection. Connection: QARSF_Admin, Result Name: SFConnection</logEntry>
                      </logEntries>
                    </executionItem>
                    <executionItem endedUtc="1658166249270" executionErrorCount="0" executionStatus="Executed" executionWarningCount="0" failureCount="0" id="root:plans:SYDATA-Sales Order:RSTK-9166 - Reverse Pick-Pack-Ship Sales Order Lines.testinstance:RSTK-9166 - Reverse Pick-Pack-Ship Sales Order Lines.testcase:32:40:45:Read Excel Data.testcase:2" iterationIndex="-1" skippedCount="0" startedUtc="1658166249081" successfulCount="1" testApiId="com.provar.plugins.bundled.apis.control.StepGroup" testItemClass="IApiCall" title="Select Execution Environment">
                      <childItems>
                        <executionItem endedUtc="1658166249270" executionErrorCount="0" executionStatus="Executed" executionWarningCount="0" failureCount="0" id="root:plans:SYDATA-Sales Order:RSTK-9166 - Reverse Pick-Pack-Ship Sales Order Lines.testinstance:RSTK-9166 - Reverse Pick-Pack-Ship Sales Order Lines.testcase:32:40:45:Read Excel Data.testcase:2:3" iterationIndex="-1" skippedCount="0" startedUtc="1658166249081" successfulCount="1" testClauseName="hidden" testItemClass="ITestClause" title="Steps">
                          <childItems>
                            <executionItem endedUtc="1658166249163" executionErrorCount="0" executionStatus="Executed" executionWarningCount="0" failureCount="0" id="root:plans:SYDATA-Sales Order:RSTK-9166 - Reverse Pick-Pack-Ship Sales Order Lines.testinstance:RSTK-9166 - Reverse Pick-Pack-Ship Sales Order Lines.testcase:32:40:45:Read Excel Data.testcase:2:3:4" iterationIndex="-1" skippedCount="0" startedUtc="1658166249081" successfulCount="1" testApiId="com.provar.plugins.bundled.apis.If" testItemClass="IApiCall" title="If: {GetSelectedEnvironment() = &quot;AutomationOrg&quot;}">
                              <childItems>
                                <executionItem endedUtc="1658166249163" executionErrorCount="0" executionStatus="Executed" executionWarningCount="0" failureCount="0" id="root:plans:SYDATA-Sales Order:RSTK-9166 - Reverse Pick-Pack-Ship Sales Order Lines.testinstance:RSTK-9166 - Reverse Pick-Pack-Ship Sales Order Lines.testcase:32:40:45:Read Excel Data.testcase:2:3:4:5" iterationIndex="-1" skippedCount="0" startedUtc="1658166249097" successfulCount="1" testClauseName="then" testItemClass="ITestClause" title="Then">
                                  <childItems>
                                    <executionItem endedUtc="1658166249097" executionErrorCount="0" executionStatus="Executed" executionWarningCount="0" failureCount="0" id="root:plans:SYDATA-Sales Order:RSTK-9166 - Reverse Pick-Pack-Ship Sales Order Lines.testinstance:RSTK-9166 - Reverse Pick-Pack-Ship Sales Order Lines.testcase:32:40:45:Read Excel Data.testcase:2:3:4:5:20" iterationIndex="-1" skippedCount="0" startedUtc="1658166249097" successfulCount="1" testApiId="com.provar.plugins.bundled.apis.control.SetValues" testItemClass="IApiCall" title="Set Values: wb_ExcelPath_SOAPI">
                                      <childItems/>
                                      <logEntries>
                                        <logEntry id="1658166249097" messageType="General">Setting value wb_ExcelPath_SOAPI to templates/AutomationOrg/SOAPI.xlsx</logEntry>
                                        <logEntry id="1658166249097" logLevel="Debug" messageType="General">Configuration: ValueScope:Test</logEntry>
                                        <logEntry id="1658166249097" logLevel="Update" messageType="General">Successfully set wb_ExcelPath_SOAPI to templates/AutomationOrg/SOAPI.xlsx</logEntry>
                                      </logEntries>
                                    </executionItem>
                                    <executionItem endedUtc="1658166249112" executionErrorCount="0" executionStatus="Executed" executionWarningCount="0" failureCount="0" id="root:plans:SYDATA-Sales Order:RSTK-9166 - Reverse Pick-Pack-Ship Sales Order Lines.testinstance:RSTK-9166 - Reverse Pick-Pack-Ship Sales Order Lines.testcase:32:40:45:Read Excel Data.testcase:2:3:4:5:17" iterationIndex="-1" skippedCount="0" startedUtc="1658166249097" successfulCount="1" testApiId="com.provar.plugins.bundled.apis.control.SetValues" testItemClass="IApiCall" title="Set Values: wb_ExcelPath_SYDATA">
                                      <childItems/>
                                      <logEntries>
                                        <logEntry id="1658166249112" messageType="General">Setting value wb_ExcelPath_SYDATA to templates/AutomationOrg/SYDATA.xlsx</logEntry>
                                        <logEntry id="1658166249112" logLevel="Debug" messageType="General">Configuration: ValueScope:Test</logEntry>
                                        <logEntry id="1658166249112" logLevel="Update" messageType="General">Successfully set wb_ExcelPath_SYDATA to templates/AutomationOrg/SYDATA.xlsx</logEntry>
                                      </logEntries>
                                    </executionItem>
                                    <executionItem endedUtc="1658166249112" executionErrorCount="0" executionStatus="Executed" executionWarningCount="0" failureCount="0" id="root:plans:SYDATA-Sales Order:RSTK-9166 - Reverse Pick-Pack-Ship Sales Order Lines.testinstance:RSTK-9166 - Reverse Pick-Pack-Ship Sales Order Lines.testcase:32:40:45:Read Excel Data.testcase:2:3:4:5:14" iterationIndex="-1" skippedCount="0" startedUtc="1658166249112" successfulCount="1" testApiId="com.provar.plugins.bundled.apis.control.SetValues" testItemClass="IApiCall" title="Set Values: wb_ExcelPath_CustomerMaster">
                                      <childItems/>
                                      <logEntries>
                                        <logEntry id="1658166249112" messageType="General">Setting value wb_ExcelPath_CustomerMaster to templates/AutomationOrg/CustomerMaster.xlsx</logEntry>
                                        <logEntry id="1658166249112" logLevel="Debug" messageType="General">Configuration: ValueScope:Test</logEntry>
                                        <logEntry id="1658166249112" logLevel="Update" messageType="General">Successfully set wb_ExcelPath_CustomerMaster to templates/AutomationOrg/CustomerMaster.xlsx</logEntry>
                                      </logEntries>
                                    </executionItem>
                                    <executionItem endedUtc="1658166249128" executionErrorCount="0" executionStatus="Executed" executionWarningCount="0" failureCount="0" id="root:plans:SYDATA-Sales Order:RSTK-9166 - Reverse Pick-Pack-Ship Sales Order Lines.testinstance:RSTK-9166 - Reverse Pick-Pack-Ship Sales Order Lines.testcase:32:40:45:Read Excel Data.testcase:2:3:4:5:39" iterationIndex="-1" skippedCount="0" startedUtc="1658166249112" successfulCount="1" testApiId="com.provar.plugins.bundled.apis.control.SetValues" testItemClass="IApiCall" title="Set Values: wb_ExcelPath_SalesOrder_BaseData_SOAPI">
                                      <childItems/>
                                      <logEntries>
                                        <logEntry id="1658166249128" messageType="General">Setting value wb_ExcelPath_SalesOrder_BaseData_SOAPI to templates/AutomationOrg/SalesOrder_BaseData_SOAPI.xlsx</logEntry>
                                        <logEntry id="1658166249128" logLevel="Debug" messageType="General">Configuration: ValueScope:Test</logEntry>
                                        <logEntry id="1658166249128" logLevel="Update" messageType="General">Successfully set wb_ExcelPath_SalesOrder_BaseData_SOAPI to templates/AutomationOrg/SalesOrder_BaseData_SOAPI.xlsx</logEntry>
                                      </logEntries>
                                    </executionItem>
                                    <executionItem endedUtc="1658166249128" executionErrorCount="0" executionStatus="Executed" executionWarningCount="0" failureCount="0" id="root:plans:SYDATA-Sales Order:RSTK-9166 - Reverse Pick-Pack-Ship Sales Order Lines.testinstance:RSTK-9166 - Reverse Pick-Pack-Ship Sales Order Lines.testcase:32:40:45:Read Excel Data.testcase:2:3:4:5:6" iterationIndex="-1" skippedCount="0" startedUtc="1658166249128" successfulCount="1" testApiId="com.provar.plugins.bundled.apis.control.SetValues" testItemClass="IApiCall" title="Set Values: wb_ExcelPath_SalesOrder_BaseData_SingleLine">
                                      <childItems/>
                                      <logEntries>
                                        <logEntry id="1658166249128" messageType="General">Setting value wb_ExcelPath_SalesOrder_BaseData_SingleLine to templates/AutomationOrg/SalesOrder_BaseData_SingleLine.xlsx</logEntry>
                                        <logEntry id="1658166249128" logLevel="Debug" messageType="General">Configuration: ValueScope:Test</logEntry>
                                        <logEntry id="1658166249128" logLevel="Update" messageType="General">Successfully set wb_ExcelPath_SalesOrder_BaseData_SingleLine to templates/AutomationOrg/SalesOrder_BaseData_SingleLine.xlsx</logEntry>
                                      </logEntries>
                                    </executionItem>
                                    <executionItem endedUtc="1658166249144" executionErrorCount="0" executionStatus="Executed" executionWarningCount="0" failureCount="0" id="root:plans:SYDATA-Sales Order:RSTK-9166 - Reverse Pick-Pack-Ship Sales Order Lines.testinstance:RSTK-9166 - Reverse Pick-Pack-Ship Sales Order Lines.testcase:32:40:45:Read Excel Data.testcase:2:3:4:5:26" iterationIndex="-1" skippedCount="0" startedUtc="1658166249128" successfulCount="1" testApiId="com.provar.plugins.bundled.apis.control.SetValues" testItemClass="IApiCall" title="Set Values: wb_ExcelPath_AR">
                                      <childItems/>
                                      <logEntries>
                                        <logEntry id="1658166249144" messageType="General">Setting value wb_ExcelPath_AR to templates/AutomationOrg/AR.xlsx</logEntry>
                                        <logEntry id="1658166249144" logLevel="Debug" messageType="General">Configuration: ValueScope:Test</logEntry>
                                        <logEntry id="1658166249144" logLevel="Update" messageType="General">Successfully set wb_ExcelPath_AR to templates/AutomationOrg/AR.xlsx</logEntry>
                                      </logEntries>
                                    </executionItem>
                                    <executionItem endedUtc="1658166249144" executionErrorCount="0" executionStatus="Executed" executionWarningCount="0" failureCount="0" id="root:plans:SYDATA-Sales Order:RSTK-9166 - Reverse Pick-Pack-Ship Sales Order Lines.testinstance:RSTK-9166 - Reverse Pick-Pack-Ship Sales Order Lines.testcase:32:40:45:Read Excel Data.testcase:2:3:4:5:29" iterationIndex="-1" skippedCount="0" startedUtc="1658166249144" successfulCount="1" testApiId="com.provar.plugins.bundled.apis.control.SetValues" testItemClass="IApiCall" title="Set Values: wb_ExcelPath_MRP">
                                      <childItems/>
                                      <logEntries>
                                        <logEntry id="1658166249144" messageType="General">Setting value wb_ExcelPath_MRP to templates/AutomationOrg/MRP.xlsx</logEntry>
                                        <logEntry id="1658166249144" logLevel="Debug" messageType="General">Configuration: ValueScope:Test</logEntry>
                                        <logEntry id="1658166249144" logLevel="Update" messageType="General">Successfully set wb_ExcelPath_MRP to templates/AutomationOrg/MRP.xlsx</logEntry>
                                      </logEntries>
                                    </executionItem>
                                    <executionItem endedUtc="1658166249159" executionErrorCount="0" executionStatus="Executed" executionWarningCount="0" failureCount="0" id="root:plans:SYDATA-Sales Order:RSTK-9166 - Reverse Pick-Pack-Ship Sales Order Lines.testinstance:RSTK-9166 - Reverse Pick-Pack-Ship Sales Order Lines.testcase:32:40:45:Read Excel Data.testcase:2:3:4:5:35" iterationIndex="-1" skippedCount="0" startedUtc="1658166249144" successfulCount="1" testApiId="com.provar.plugins.bundled.apis.control.SetValues" testItemClass="IApiCall" title="Set Values: wb_ExcelPath_FSL">
                                      <childItems/>
                                      <logEntries>
                                        <logEntry id="1658166249144" messageType="General">Setting value wb_ExcelPath_FSL to templates/AutomationOrg/FSL.xlsx</logEntry>
                                        <logEntry id="1658166249144" logLevel="Debug" messageType="General">Configuration: ValueScope:Test</logEntry>
                                        <logEntry id="1658166249144" logLevel="Update" messageType="General">Successfully set wb_ExcelPath_FSL to templates/AutomationOrg/FSL.xlsx</logEntry>
                                      </logEntries>
                                    </executionItem>
                                    <executionItem endedUtc="1658166249163" executionErrorCount="0" executionStatus="Executed" executionWarningCount="0" failureCount="0" id="root:plans:SYDATA-Sales Order:RSTK-9166 - Reverse Pick-Pack-Ship Sales Order Lines.testinstance:RSTK-9166 - Reverse Pick-Pack-Ship Sales Order Lines.testcase:32:40:45:Read Excel Data.testcase:2:3:4:5:23" iterationIndex="-1" skippedCount="0" startedUtc="1658166249159" successfulCount="1" testApiId="com.provar.plugins.bundled.apis.control.SetValues" testItemClass="IApiCall" title="Set Values: wb_ExcelPath_SOSetup">
                                      <childItems/>
                                      <logEntries>
                                        <logEntry id="1658166249163" messageType="General">Setting value wb_ExcelPath_SOSetup to templates/AutomationOrg/SOSetup.xlsx</logEntry>
                                        <logEntry id="1658166249163" logLevel="Debug" messageType="General">Configuration: ValueScope:Test</logEntry>
                                        <logEntry id="1658166249163" logLevel="Update" messageType="General">Successfully set wb_ExcelPath_SOSetup to templates/AutomationOrg/SOSetup.xlsx</logEntry>
                                      </logEntries>
                                    </executionItem>
                                  </childItems>
                                </executionItem>
                              </childItems>
                            </executionItem>
                            <executionItem endedUtc="1658166249175" executionErrorCount="0" executionStatus="Executed" executionWarningCount="0" failureCount="0" id="root:plans:SYDATA-Sales Order:RSTK-9166 - Reverse Pick-Pack-Ship Sales Order Lines.testinstance:RSTK-9166 - Reverse Pick-Pack-Ship Sales Order Lines.testcase:32:40:45:Read Excel Data.testcase:2:3:8" iterationIndex="-1" skippedCount="0" startedUtc="1658166249163" successfulCount="1" testApiId="com.provar.plugins.bundled.apis.If" testItemClass="IApiCall" title="If: {GetSelectedEnvironment() = &quot;QARSF&quot;}">
                              <childItems>
                                <executionItem endedUtc="0" executionErrorCount="0" executionWarningCount="0" failureCount="0" id="root:plans:SYDATA-Sales Order:RSTK-9166 - Reverse Pick-Pack-Ship Sales Order Lines.testinstance:RSTK-9166 - Reverse Pick-Pack-Ship Sales Order Lines.testcase:32:40:45:Read Excel Data.testcase:2:3:8:9" iterationIndex="-1" skippedCount="0" startedUtc="0" successfulCount="0" testClauseName="then" testItemClass="ITestClause" title="Then">
                                  <childItems>
                                    <executionItem endedUtc="0" executionErrorCount="0" executionWarningCount="0" failureCount="0" id="root:plans:SYDATA-Sales Order:RSTK-9166 - Reverse Pick-Pack-Ship Sales Order Lines.testinstance:RSTK-9166 - Reverse Pick-Pack-Ship Sales Order Lines.testcase:32:40:45:Read Excel Data.testcase:2:3:8:9:18" iterationIndex="-1" skippedCount="0" startedUtc="0" successfulCount="0" testApiId="com.provar.plugins.bundled.apis.control.SetValues" testItemClass="IApiCall" title="Set Values: wb_ExcelPath_CustomerMaster">
                                      <childItems/>
                                    </executionItem>
                                    <executionItem endedUtc="0" executionErrorCount="0" executionWarningCount="0" failureCount="0" id="root:plans:SYDATA-Sales Order:RSTK-9166 - Reverse Pick-Pack-Ship Sales Order Lines.testinstance:RSTK-9166 - Reverse Pick-Pack-Ship Sales Order Lines.testcase:32:40:45:Read Excel Data.testcase:2:3:8:9:16" iterationIndex="-1" skippedCount="0" startedUtc="0" successfulCount="0" testApiId="com.provar.plugins.bundled.apis.control.SetValues" testItemClass="IApiCall" title="Set Values: wb_ExcelPath_SOAPI">
                                      <childItems/>
                                    </executionItem>
                                    <executionItem endedUtc="0" executionErrorCount="0" executionWarningCount="0" failureCount="0" id="root:plans:SYDATA-Sales Order:RSTK-9166 - Reverse Pick-Pack-Ship Sales Order Lines.testinstance:RSTK-9166 - Reverse Pick-Pack-Ship Sales Order Lines.testcase:32:40:45:Read Excel Data.testcase:2:3:8:9:41" iterationIndex="-1" skippedCount="0" startedUtc="0" successfulCount="0" testApiId="com.provar.plugins.bundled.apis.control.SetValues" testItemClass="IApiCall" title="Set Values: wb_ExcelPath_SalesOrder_BaseData_SingleLine">
                                      <childItems/>
                                    </executionItem>
                                    <executionItem endedUtc="0" executionErrorCount="0" executionWarningCount="0" failureCount="0" id="root:plans:SYDATA-Sales Order:RSTK-9166 - Reverse Pick-Pack-Ship Sales Order Lines.testinstance:RSTK-9166 - Reverse Pick-Pack-Ship Sales Order Lines.testcase:32:40:45:Read Excel Data.testcase:2:3:8:9:10" iterationIndex="-1" skippedCount="0" startedUtc="0" successfulCount="0" testApiId="com.provar.plugins.bundled.apis.control.SetValues" testItemClass="IApiCall" title="Set Values: wb_ExcelPath_SalesOrder_BaseData_SOAPI">
                                      <childItems/>
                                    </executionItem>
                                    <executionItem endedUtc="0" executionErrorCount="0" executionWarningCount="0" failureCount="0" id="root:plans:SYDATA-Sales Order:RSTK-9166 - Reverse Pick-Pack-Ship Sales Order Lines.testinstance:RSTK-9166 - Reverse Pick-Pack-Ship Sales Order Lines.testcase:32:40:45:Read Excel Data.testcase:2:3:8:9:21" iterationIndex="-1" skippedCount="0" startedUtc="0" successfulCount="0" testApiId="com.provar.plugins.bundled.apis.control.SetValues" testItemClass="IApiCall" title="Set Values: wb_ExcelPath_SYDATA">
                                      <childItems/>
                                    </executionItem>
                                    <executionItem endedUtc="0" executionErrorCount="0" executionWarningCount="0" failureCount="0" id="root:plans:SYDATA-Sales Order:RSTK-9166 - Reverse Pick-Pack-Ship Sales Order Lines.testinstance:RSTK-9166 - Reverse Pick-Pack-Ship Sales Order Lines.testcase:32:40:45:Read Excel Data.testcase:2:3:8:9:24" iterationIndex="-1" skippedCount="0" startedUtc="0" successfulCount="0" testApiId="com.provar.plugins.bundled.apis.control.SetValues" testItemClass="IApiCall" title="Set Values: wb_ExcelPath_AR">
                                      <childItems/>
                                    </executionItem>
                                    <executionItem endedUtc="0" executionErrorCount="0" executionWarningCount="0" failureCount="0" id="root:plans:SYDATA-Sales Order:RSTK-9166 - Reverse Pick-Pack-Ship Sales Order Lines.testinstance:RSTK-9166 - Reverse Pick-Pack-Ship Sales Order Lines.testcase:32:40:45:Read Excel Data.testcase:2:3:8:9:30" iterationIndex="-1" skippedCount="0" startedUtc="0" successfulCount="0" testApiId="com.provar.plugins.bundled.apis.control.SetValues" testItemClass="IApiCall" title="Set Values: wb_ExcelPath_MRP">
                                      <childItems/>
                                    </executionItem>
                                    <executionItem endedUtc="0" executionErrorCount="0" executionWarningCount="0" failureCount="0" id="root:plans:SYDATA-Sales Order:RSTK-9166 - Reverse Pick-Pack-Ship Sales Order Lines.testinstance:RSTK-9166 - Reverse Pick-Pack-Ship Sales Order Lines.testcase:32:40:45:Read Excel Data.testcase:2:3:8:9:36" iterationIndex="-1" skippedCount="0" startedUtc="0" successfulCount="0" testApiId="com.provar.plugins.bundled.apis.control.SetValues" testItemClass="IApiCall" title="Set Values: wb_ExcelPath_SOSetup">
                                      <childItems/>
                                    </executionItem>
                                    <executionItem endedUtc="0" executionErrorCount="0" executionWarningCount="0" failureCount="0" id="root:plans:SYDATA-Sales Order:RSTK-9166 - Reverse Pick-Pack-Ship Sales Order Lines.testinstance:RSTK-9166 - Reverse Pick-Pack-Ship Sales Order Lines.testcase:32:40:45:Read Excel Data.testcase:2:3:8:9:27" iterationIndex="-1" skippedCount="0" startedUtc="0" successfulCount="0" testApiId="com.provar.plugins.bundled.apis.control.SetValues" testItemClass="IApiCall" title="Set Values: wb_ExcelPath_FSL">
                                      <childItems/>
                                    </executionItem>
                                  </childItems>
                                </executionItem>
                              </childItems>
                            </executionItem>
                            <executionItem endedUtc="1658166249191" executionErrorCount="0" executionStatus="Executed" executionWarningCount="0" failureCount="0" id="root:plans:SYDATA-Sales Order:RSTK-9166 - Reverse Pick-Pack-Ship Sales Order Lines.testinstance:RSTK-9166 - Reverse Pick-Pack-Ship Sales Order Lines.testcase:32:40:45:Read Excel Data.testcase:2:3:32" iterationIndex="-1" skippedCount="0" startedUtc="1658166249175" successfulCount="1" testApiId="com.provar.plugins.bundled.apis.If" testItemClass="IApiCall" title="If: {GetSelectedEnvironment() = &quot;DEVQAFF&quot;}">
                              <childItems>
                                <executionItem endedUtc="0" executionErrorCount="0" executionWarningCount="0" failureCount="0" id="root:plans:SYDATA-Sales Order:RSTK-9166 - Reverse Pick-Pack-Ship Sales Order Lines.testinstance:RSTK-9166 - Reverse Pick-Pack-Ship Sales Order Lines.testcase:32:40:45:Read Excel Data.testcase:2:3:32:33" iterationIndex="-1" skippedCount="0" startedUtc="0" successfulCount="0" testClauseName="then" testItemClass="ITestClause" title="Then">
                                  <childItems>
                                    <executionItem endedUtc="0" executionErrorCount="0" executionWarningCount="0" failureCount="0" id="root:plans:SYDATA-Sales Order:RSTK-9166 - Reverse Pick-Pack-Ship Sales Order Lines.testinstance:RSTK-9166 - Reverse Pick-Pack-Ship Sales Order Lines.testcase:32:40:45:Read Excel Data.testcase:2:3:32:33:34" iterationIndex="-1" skippedCount="0" startedUtc="0" successfulCount="0" testApiId="com.provar.plugins.bundled.apis.control.SetValues" testItemClass="IApiCall" title="Set Values: wb_ExcelPath_FSL">
                                      <childItems/>
                                    </executionItem>
                                  </childItems>
                                </executionItem>
                              </childItems>
                            </executionItem>
                            <executionItem endedUtc="1658166249191" executionErrorCount="0" executionStatus="Executed" executionWarningCount="0" failureCount="0" id="root:plans:SYDATA-Sales Order:RSTK-9166 - Reverse Pick-Pack-Ship Sales Order Lines.testinstance:RSTK-9166 - Reverse Pick-Pack-Ship Sales Order Lines.testcase:32:40:45:Read Excel Data.testcase:2:3:42" iterationIndex="-1" skippedCount="0" startedUtc="1658166249191" successfulCount="1" testApiId="com.provar.plugins.bundled.apis.If" testItemClass="IApiCall" title="If: {GetSelectedEnvironment() = &quot;DEVQAFF_LUI&quot;}">
                              <childItems>
                                <executionItem endedUtc="0" executionErrorCount="0" executionWarningCount="0" failureCount="0" id="root:plans:SYDATA-Sales Order:RSTK-9166 - Reverse Pick-Pack-Ship Sales Order Lines.testinstance:RSTK-9166 - Reverse Pick-Pack-Ship Sales Order Lines.testcase:32:40:45:Read Excel Data.testcase:2:3:42:43" iterationIndex="-1" skippedCount="0" startedUtc="0" successfulCount="0" testClauseName="then" testItemClass="ITestClause" title="Then">
                                  <childItems>
                                    <executionItem endedUtc="0" executionErrorCount="0" executionWarningCount="0" failureCount="0" id="root:plans:SYDATA-Sales Order:RSTK-9166 - Reverse Pick-Pack-Ship Sales Order Lines.testinstance:RSTK-9166 - Reverse Pick-Pack-Ship Sales Order Lines.testcase:32:40:45:Read Excel Data.testcase:2:3:42:43:47" iterationIndex="-1" skippedCount="0" startedUtc="0" successfulCount="0" testApiId="com.provar.plugins.bundled.apis.control.SetValues" testItemClass="IApiCall" title="Set Values: wb_ExcelPath_SalesOrder_BaseData_SOAPI">
                                      <childItems/>
                                    </executionItem>
                                  </childItems>
                                </executionItem>
                              </childItems>
                            </executionItem>
                            <executionItem endedUtc="1658166249207" executionErrorCount="0" executionStatus="Executed" executionWarningCount="0" failureCount="0" id="root:plans:SYDATA-Sales Order:RSTK-9166 - Reverse Pick-Pack-Ship Sales Order Lines.testinstance:RSTK-9166 - Reverse Pick-Pack-Ship Sales Order Lines.testcase:32:40:45:Read Excel Data.testcase:2:3:22" iterationIndex="-1" skippedCount="0" startedUtc="1658166249191" successfulCount="1" testApiId="com.provar.plugins.bundled.apis.control.SetValues" testItemClass="IApiCall" title="Set Values: ExcelPath_SYDATA">
                              <childItems/>
                              <logEntries>
                                <logEntry id="1658166249207" messageType="General">Setting value ExcelPath_SYDATA to templates/AutomationOrg/SYDATA.xlsx</logEntry>
                                <logEntry id="1658166249207" logLevel="Debug" messageType="General">Configuration: ValueScope:Test</logEntry>
                                <logEntry id="1658166249207" logLevel="Update" messageType="General">Successfully set ExcelPath_SYDATA to templates/AutomationOrg/SYDATA.xlsx</logEntry>
                              </logEntries>
                            </executionItem>
                            <executionItem endedUtc="1658166249207" executionErrorCount="0" executionStatus="Executed" executionWarningCount="0" failureCount="0" id="root:plans:SYDATA-Sales Order:RSTK-9166 - Reverse Pick-Pack-Ship Sales Order Lines.testinstance:RSTK-9166 - Reverse Pick-Pack-Ship Sales Order Lines.testcase:32:40:45:Read Excel Data.testcase:2:3:25" iterationIndex="-1" skippedCount="0" startedUtc="1658166249207" successfulCount="1" testApiId="com.provar.plugins.bundled.apis.control.SetValues" testItemClass="IApiCall" title="Set Values: ExcelPath_SOAPI">
                              <childItems/>
                              <logEntries>
                                <logEntry id="1658166249207" messageType="General">Setting value ExcelPath_SOAPI to templates/AutomationOrg/SOAPI.xlsx</logEntry>
                                <logEntry id="1658166249207" logLevel="Debug" messageType="General">Configuration: ValueScope:Test</logEntry>
                                <logEntry id="1658166249207" logLevel="Update" messageType="General">Successfully set ExcelPath_SOAPI to templates/AutomationOrg/SOAPI.xlsx</logEntry>
                              </logEntries>
                            </executionItem>
                            <executionItem endedUtc="1658166249222" executionErrorCount="0" executionStatus="Executed" executionWarningCount="0" failureCount="0" id="root:plans:SYDATA-Sales Order:RSTK-9166 - Reverse Pick-Pack-Ship Sales Order Lines.testinstance:RSTK-9166 - Reverse Pick-Pack-Ship Sales Order Lines.testcase:32:40:45:Read Excel Data.testcase:2:3:28" iterationIndex="-1" skippedCount="0" startedUtc="1658166249207" successfulCount="1" testApiId="com.provar.plugins.bundled.apis.control.SetValues" testItemClass="IApiCall" title="Set Values: ExcelPath_AR">
                              <childItems/>
                              <logEntries>
                                <logEntry id="1658166249222" messageType="General">Setting value ExcelPath_AR to templates/AutomationOrg/AR.xlsx</logEntry>
                                <logEntry id="1658166249222" logLevel="Debug" messageType="General">Configuration: ValueScope:Test</logEntry>
                                <logEntry id="1658166249222" logLevel="Update" messageType="General">Successfully set ExcelPath_AR to templates/AutomationOrg/AR.xlsx</logEntry>
                              </logEntries>
                            </executionItem>
                            <executionItem endedUtc="1658166249222" executionErrorCount="0" executionStatus="Executed" executionWarningCount="0" failureCount="0" id="root:plans:SYDATA-Sales Order:RSTK-9166 - Reverse Pick-Pack-Ship Sales Order Lines.testinstance:RSTK-9166 - Reverse Pick-Pack-Ship Sales Order Lines.testcase:32:40:45:Read Excel Data.testcase:2:3:31" iterationIndex="-1" skippedCount="0" startedUtc="1658166249222" successfulCount="1" testApiId="com.provar.plugins.bundled.apis.control.SetValues" testItemClass="IApiCall" title="Set Values: ExcelPath_MRP">
                              <childItems/>
                              <logEntries>
                                <logEntry id="1658166249222" messageType="General">Setting value ExcelPath_MRP to templates/AutomationOrg/MRP.xlsx</logEntry>
                                <logEntry id="1658166249222" logLevel="Debug" messageType="General">Configuration: ValueScope:Test</logEntry>
                                <logEntry id="1658166249222" logLevel="Update" messageType="General">Successfully set ExcelPath_MRP to templates/AutomationOrg/MRP.xlsx</logEntry>
                              </logEntries>
                            </executionItem>
                            <executionItem endedUtc="1658166249238" executionErrorCount="0" executionStatus="Executed" executionWarningCount="0" failureCount="0" id="root:plans:SYDATA-Sales Order:RSTK-9166 - Reverse Pick-Pack-Ship Sales Order Lines.testinstance:RSTK-9166 - Reverse Pick-Pack-Ship Sales Order Lines.testcase:32:40:45:Read Excel Data.testcase:2:3:38" iterationIndex="-1" skippedCount="0" startedUtc="1658166249222" successfulCount="1" testApiId="com.provar.plugins.bundled.apis.control.SetValues" testItemClass="IApiCall" title="Set Values: ExcelPath_FSL">
                              <childItems/>
                              <logEntries>
                                <logEntry id="1658166249238" messageType="General">Setting value ExcelPath_FSL to templates/AutomationOrg/FSL.xlsx</logEntry>
                                <logEntry id="1658166249238" logLevel="Debug" messageType="General">Configuration: ValueScope:Test</logEntry>
                                <logEntry id="1658166249238" logLevel="Update" messageType="General">Successfully set ExcelPath_FSL to templates/AutomationOrg/FSL.xlsx</logEntry>
                              </logEntries>
                            </executionItem>
                            <executionItem endedUtc="1658166249238" executionErrorCount="0" executionStatus="Executed" executionWarningCount="0" failureCount="0" id="root:plans:SYDATA-Sales Order:RSTK-9166 - Reverse Pick-Pack-Ship Sales Order Lines.testinstance:RSTK-9166 - Reverse Pick-Pack-Ship Sales Order Lines.testcase:32:40:45:Read Excel Data.testcase:2:3:19" iterationIndex="-1" skippedCount="0" startedUtc="1658166249238" successfulCount="1" testApiId="com.provar.plugins.bundled.apis.control.SetValues" testItemClass="IApiCall" title="Set Values: ExcelPath_SOSetup">
                              <childItems/>
                              <logEntries>
                                <logEntry id="1658166249238" messageType="General">Setting value ExcelPath_SOSetup to templates/AutomationOrg/SOSetup.xlsx</logEntry>
                                <logEntry id="1658166249238" logLevel="Debug" messageType="General">Configuration: ValueScope:Test</logEntry>
                                <logEntry id="1658166249238" logLevel="Update" messageType="General">Successfully set ExcelPath_SOSetup to templates/AutomationOrg/SOSetup.xlsx</logEntry>
                              </logEntries>
                            </executionItem>
                            <executionItem endedUtc="1658166249254" executionErrorCount="0" executionStatus="Executed" executionWarningCount="0" failureCount="0" id="root:plans:SYDATA-Sales Order:RSTK-9166 - Reverse Pick-Pack-Ship Sales Order Lines.testinstance:RSTK-9166 - Reverse Pick-Pack-Ship Sales Order Lines.testcase:32:40:45:Read Excel Data.testcase:2:3:11" iterationIndex="-1" skippedCount="0" startedUtc="1658166249238" successfulCount="1" testApiId="com.provar.plugins.bundled.apis.control.SetValues" testItemClass="IApiCall" title="Set Values: ExcelPath_CustomerMaster">
                              <childItems/>
                              <logEntries>
                                <logEntry id="1658166249254" messageType="General">Setting value ExcelPath_CustomerMaster to templates/AutomationOrg/CustomerMaster.xlsx</logEntry>
                                <logEntry id="1658166249254" logLevel="Debug" messageType="General">Configuration: ValueScope:Test</logEntry>
                                <logEntry id="1658166249254" logLevel="Update" messageType="General">Successfully set ExcelPath_CustomerMaster to templates/AutomationOrg/CustomerMaster.xlsx</logEntry>
                              </logEntries>
                            </executionItem>
                            <executionItem endedUtc="1658166249263" executionErrorCount="0" executionStatus="Executed" executionWarningCount="0" failureCount="0" id="root:plans:SYDATA-Sales Order:RSTK-9166 - Reverse Pick-Pack-Ship Sales Order Lines.testinstance:RSTK-9166 - Reverse Pick-Pack-Ship Sales Order Lines.testcase:32:40:45:Read Excel Data.testcase:2:3:40" iterationIndex="-1" skippedCount="0" startedUtc="1658166249254" successfulCount="1" testApiId="com.provar.plugins.bundled.apis.control.SetValues" testItemClass="IApiCall" title="Set Values: ExcelPath_SalesOrder_BaseData_SingleLine">
                              <childItems/>
                              <logEntries>
                                <logEntry id="1658166249254" messageType="General">Setting value ExcelPath_SalesOrder_BaseData_SingleLine to templates/AutomationOrg/SalesOrder_BaseData_SingleLine.xlsx</logEntry>
                                <logEntry id="1658166249254" logLevel="Debug" messageType="General">Configuration: ValueScope:Test</logEntry>
                                <logEntry id="1658166249254" logLevel="Update" messageType="General">Successfully set ExcelPath_SalesOrder_BaseData_SingleLine to templates/AutomationOrg/SalesOrder_BaseData_SingleLine.xlsx</logEntry>
                              </logEntries>
                            </executionItem>
                            <executionItem endedUtc="1658166249270" executionErrorCount="0" executionStatus="Executed" executionWarningCount="0" failureCount="0" id="root:plans:SYDATA-Sales Order:RSTK-9166 - Reverse Pick-Pack-Ship Sales Order Lines.testinstance:RSTK-9166 - Reverse Pick-Pack-Ship Sales Order Lines.testcase:32:40:45:Read Excel Data.testcase:2:3:15" iterationIndex="-1" skippedCount="0" startedUtc="1658166249263" successfulCount="1" testApiId="com.provar.plugins.bundled.apis.control.SetValues" testItemClass="IApiCall" title="Set Values: ExcelPath_SalesOrder_BaseData_SOAPI">
                              <childItems/>
                              <logEntries>
                                <logEntry id="1658166249263" messageType="General">Setting value ExcelPath_SalesOrder_BaseData_SOAPI to templates/AutomationOrg/SalesOrder_BaseData_SOAPI.xlsx</logEntry>
                                <logEntry id="1658166249263" logLevel="Debug" messageType="General">Configuration: ValueScope:Test</logEntry>
                                <logEntry id="1658166249263" logLevel="Update" messageType="General">Successfully set ExcelPath_SalesOrder_BaseData_SOAPI to templates/AutomationOrg/SalesOrder_BaseData_SOAPI.xlsx</logEntry>
                              </logEntries>
                            </executionItem>
                          </childItems>
                        </executionItem>
                      </childItems>
                    </executionItem>
                    <executionItem endedUtc="1658166249285" executionErrorCount="0" executionStatus="Executed" executionWarningCount="0" failureCount="0" id="root:plans:SYDATA-Sales Order:RSTK-9166 - Reverse Pick-Pack-Ship Sales Order Lines.testinstance:RSTK-9166 - Reverse Pick-Pack-Ship Sales Order Lines.testcase:32:40:45:Read Excel Data.testcase:12" iterationIndex="-1" skippedCount="0" startedUtc="1658166249270" successfulCount="1" testApiId="com.provar.plugins.bundled.apis.control.StepGroup" testItemClass="IApiCall" title="End">
                      <childItems>
                        <executionItem endedUtc="1658166249270" executionErrorCount="0" executionStatus="Executed" executionWarningCount="0" failureCount="0" id="root:plans:SYDATA-Sales Order:RSTK-9166 - Reverse Pick-Pack-Ship Sales Order Lines.testinstance:RSTK-9166 - Reverse Pick-Pack-Ship Sales Order Lines.testcase:32:40:45:Read Excel Data.testcase:12:13" iterationIndex="-1" skippedCount="0" startedUtc="1658166249270" successfulCount="1" testClauseName="hidden" testItemClass="ITestClause" title="Steps">
                          <childItems/>
                        </executionItem>
                      </childItems>
                    </executionItem>
                  </childItems>
                </executionItem>
              </childItems>
              <logEntries>
                <logEntry id="1658166249285" messageType="General">Handling managed resource.  Name: SFConnection</logEntry>
                <logEntry id="1658166249285" logLevel="Debug" messageType="General">Not closing Salesforce Connection because it is still being used.  Name: SFConnection</logEntry>
                <logEntry id="1658166249285" logLevel="Update" messageType="General">Salesforce Connection handled successfully.  Name: SFConnection</logEntry>
              </logEntries>
            </executionItem>
          </childItems>
        </executionItem>
      </childItems>
    </executionItem>
    <executionItem endedUtc="1658166249410" executionErrorCount="0" executionStatus="Executed" executionWarningCount="0" failureCount="0" id="root:plans:SYDATA-Sales Order:RSTK-9166 - Reverse Pick-Pack-Ship Sales Order Lines.testinstance:RSTK-9166 - Reverse Pick-Pack-Ship Sales Order Lines.testcase:33" iterationIndex="-1" skippedCount="0" startedUtc="1658166249285" successfulCount="1" testApiId="com.provar.plugins.bundled.apis.control.StepGroup" testItemClass="IApiCall" title="Read Data">
      <childItems>
        <executionItem endedUtc="1658166249410" executionErrorCount="0" executionStatus="Executed" executionWarningCount="0" failureCount="0" id="root:plans:SYDATA-Sales Order:RSTK-9166 - Reverse Pick-Pack-Ship Sales Order Lines.testinstance:RSTK-9166 - Reverse Pick-Pack-Ship Sales Order Lines.testcase:33:42" iterationIndex="-1" skippedCount="0" startedUtc="1658166249410" successfulCount="1" testClauseName="hidden" testItemClass="ITestClause" title="Steps">
          <childItems/>
        </executionItem>
      </childItems>
      <logEntries>
        <logEntry id="1658166249285" messageType="ParameterValueSource">Loading data from Parameter Value Source ...</logEntry>
        <logEntry id="1658166249301" messageType="General">Loading Parameter Value Source row 1:</logEntry>
        <logEntry id="1658166249301" messageType="General">==Column=&gt; APIMode = PrimitiveValueImpl [ value: Add Header, valueId=null, createdUpdateSeq=-1, updatedUpdateSeq=-1]</logEntry>
        <logEntry id="1658166249301" messageType="General">==Column=&gt; AsynchronousProcessing = PrimitiveValueImpl [ value: false, valueId=null, createdUpdateSeq=-1, updatedUpdateSeq=-1]</logEntry>
        <logEntry id="1658166249301" messageType="General">==Column=&gt; InventoryDivision = PrimitiveValueImpl [ value: a8d5f0000004JbG, valueId=null, createdUpdateSeq=-1, updatedUpdateSeq=-1]</logEntry>
        <logEntry id="1658166249301" messageType="General">==Column=&gt; SalesDivision = PrimitiveValueImpl [ value: a8d5f0000004JbG, valueId=null, createdUpdateSeq=-1, updatedUpdateSeq=-1]</logEntry>
        <logEntry id="1658166249301" messageType="General">==Column=&gt; Customer = PrimitiveValueImpl [ value: a6B5f000000PqAT, valueId=null, createdUpdateSeq=-1, updatedUpdateSeq=-1]</logEntry>
        <logEntry id="1658166249301" messageType="General">==Column=&gt; ManufacturingUser = PrimitiveValueImpl [ value: a9L5f000000seuO, valueId=null, createdUpdateSeq=-1, updatedUpdateSeq=-1]</logEntry>
        <logEntry id="1658166249301" messageType="General">==Column=&gt; RecordProcessed = PrimitiveValueImpl [ value: true, valueId=null, createdUpdateSeq=-1, updatedUpdateSeq=-1]</logEntry>
        <logEntry id="1658166249301" logLevel="Update" messageType="General">Loaded 1 rows from Parameter Value Source.</logEntry>
        <logEntry id="1658166249301" messageType="ParameterValueSource">Loading data from Parameter Value Source ...</logEntry>
        <logEntry id="1658166249316" messageType="General">Loading Parameter Value Source row 1:</logEntry>
        <logEntry id="1658166249316" messageType="General">==Column=&gt; APIMode = PrimitiveValueImpl [ value: Add Line, valueId=null, createdUpdateSeq=-1, updatedUpdateSeq=-1]</logEntry>
        <logEntry id="1658166249316" messageType="General">==Column=&gt; AsynchronousProcessing = PrimitiveValueImpl [ value: false, valueId=null, createdUpdateSeq=-1, updatedUpdateSeq=-1]</logEntry>
        <logEntry id="1658166249316" messageType="General">==Column=&gt; InventoryDivision = PrimitiveValueImpl [ value: a8d5f0000004JbG, valueId=null, createdUpdateSeq=-1, updatedUpdateSeq=-1]</logEntry>
        <logEntry id="1658166249316" messageType="General">==Column=&gt; SalesDivision = PrimitiveValueImpl [ value: a8d5f0000004JbG, valueId=null, createdUpdateSeq=-1, updatedUpdateSeq=-1]</logEntry>
        <logEntry id="1658166249316" messageType="General">==Column=&gt; Customer = PrimitiveValueImpl [ value: a6B5f000000PqAT, valueId=null, createdUpdateSeq=-1, updatedUpdateSeq=-1]</logEntry>
        <logEntry id="1658166249316" messageType="General">==Column=&gt; ManufacturingUser = PrimitiveValueImpl [ value: a9L5f000000seuO, valueId=null, createdUpdateSeq=-1, updatedUpdateSeq=-1]</logEntry>
        <logEntry id="1658166249316" messageType="General">==Column=&gt; Product = PrimitiveValueImpl [ value: a7S5f000000kRvX, valueId=null, createdUpdateSeq=-1, updatedUpdateSeq=-1]</logEntry>
        <logEntry id="1658166249316" messageType="General">==Column=&gt; OrderQuantity = PrimitiveValueImpl [ value: 2, valueId=null, createdUpdateSeq=-1, updatedUpdateSeq=-1]</logEntry>
        <logEntry id="1658166249316" messageType="General">==Column=&gt; UnitPrice = PrimitiveValueImpl [ value: 200, valueId=null, createdUpdateSeq=-1, updatedUpdateSeq=-1]</logEntry>
        <logEntry id="1658166249316" messageType="General">==Column=&gt; LineNumber = PrimitiveValueImpl [ value: 1, valueId=null, createdUpdateSeq=-1, updatedUpdateSeq=-1]</logEntry>
        <logEntry id="1658166249316" messageType="General">==Column=&gt; RecordProcessed = PrimitiveValueImpl [ value: true, valueId=null, createdUpdateSeq=-1, updatedUpdateSeq=-1]</logEntry>
        <logEntry id="1658166249332" messageType="General">Loading Parameter Value Source row 2:</logEntry>
        <logEntry id="1658166249332" messageType="General">==Column=&gt; APIMode = PrimitiveValueImpl [ value: Add Line, valueId=null, createdUpdateSeq=-1, updatedUpdateSeq=-1]</logEntry>
        <logEntry id="1658166249332" messageType="General">==Column=&gt; AsynchronousProcessing = PrimitiveValueImpl [ value: false, valueId=null, createdUpdateSeq=-1, updatedUpdateSeq=-1]</logEntry>
        <logEntry id="1658166249332" messageType="General">==Column=&gt; InventoryDivision = PrimitiveValueImpl [ value: a8d5f0000004JbG, valueId=null, createdUpdateSeq=-1, updatedUpdateSeq=-1]</logEntry>
        <logEntry id="1658166249332" messageType="General">==Column=&gt; SalesDivision = PrimitiveValueImpl [ value: a8d5f0000004JbG, valueId=null, createdUpdateSeq=-1, updatedUpdateSeq=-1]</logEntry>
        <logEntry id="1658166249332" messageType="General">==Column=&gt; Customer = PrimitiveValueImpl [ value: a6B5f000000PqAT, valueId=null, createdUpdateSeq=-1, updatedUpdateSeq=-1]</logEntry>
        <logEntry id="1658166249332" messageType="General">==Column=&gt; ManufacturingUser = PrimitiveValueImpl [ value: a9L5f000000seuO, valueId=null, createdUpdateSeq=-1, updatedUpdateSeq=-1]</logEntry>
        <logEntry id="1658166249332" messageType="General">==Column=&gt; Product = PrimitiveValueImpl [ value: a7S5f000000kRvc, valueId=null, createdUpdateSeq=-1, updatedUpdateSeq=-1]</logEntry>
        <logEntry id="1658166249332" messageType="General">==Column=&gt; OrderQuantity = PrimitiveValueImpl [ value: 4, valueId=null, createdUpdateSeq=-1, updatedUpdateSeq=-1]</logEntry>
        <logEntry id="1658166249332" messageType="General">==Column=&gt; UnitPrice = PrimitiveValueImpl [ value: 100, valueId=null, createdUpdateSeq=-1, updatedUpdateSeq=-1]</logEntry>
        <logEntry id="1658166249332" messageType="General">==Column=&gt; LineNumber = PrimitiveValueImpl [ value: 2, valueId=null, createdUpdateSeq=-1, updatedUpdateSeq=-1]</logEntry>
        <logEntry id="1658166249332" messageType="General">==Column=&gt; RecordProcessed = PrimitiveValueImpl [ value: true, valueId=null, createdUpdateSeq=-1, updatedUpdateSeq=-1]</logEntry>
        <logEntry id="1658166249332" messageType="General">Loading Parameter Value Source row 3:</logEntry>
        <logEntry id="1658166249332" messageType="General">==Column=&gt; APIMode = PrimitiveValueImpl [ value: Add Line, valueId=null, createdUpdateSeq=-1, updatedUpdateSeq=-1]</logEntry>
        <logEntry id="1658166249332" messageType="General">==Column=&gt; AsynchronousProcessing = PrimitiveValueImpl [ value: false, valueId=null, createdUpdateSeq=-1, updatedUpdateSeq=-1]</logEntry>
        <logEntry id="1658166249332" messageType="General">==Column=&gt; InventoryDivision = PrimitiveValueImpl [ value: a8d5f0000004JbG, valueId=null, createdUpdateSeq=-1, updatedUpdateSeq=-1]</logEntry>
        <logEntry id="1658166249332" messageType="General">==Column=&gt; SalesDivision = PrimitiveValueImpl [ value: a8d5f0000004JbG, valueId=null, createdUpdateSeq=-1, updatedUpdateSeq=-1]</logEntry>
        <logEntry id="1658166249332" messageType="General">==Column=&gt; Customer = PrimitiveValueImpl [ value: a6B5f000000PqAT, valueId=null, createdUpdateSeq=-1, updatedUpdateSeq=-1]</logEntry>
        <logEntry id="1658166249332" messageType="General">==Column=&gt; ManufacturingUser = PrimitiveValueImpl [ value: a9L5f000000seuO, valueId=null, createdUpdateSeq=-1, updatedUpdateSeq=-1]</logEntry>
        <logEntry id="1658166249332" messageType="General">==Column=&gt; Product = PrimitiveValueImpl [ value: a7S5f000000kRvh, valueId=null, createdUpdateSeq=-1, updatedUpdateSeq=-1]</logEntry>
        <logEntry id="1658166249332" messageType="General">==Column=&gt; OrderQuantity = PrimitiveValueImpl [ value: 2, valueId=null, createdUpdateSeq=-1, updatedUpdateSeq=-1]</logEntry>
        <logEntry id="1658166249332" messageType="General">==Column=&gt; UnitPrice = PrimitiveValueImpl [ value: 50, valueId=null, createdUpdateSeq=-1, updatedUpdateSeq=-1]</logEntry>
        <logEntry id="1658166249332" messageType="General">==Column=&gt; LineNumber = PrimitiveValueImpl [ value: 3, valueId=null, createdUpdateSeq=-1, updatedUpdateSeq=-1]</logEntry>
        <logEntry id="1658166249332" messageType="General">==Column=&gt; RecordProcessed = PrimitiveValueImpl [ value: true, valueId=null, createdUpdateSeq=-1, updatedUpdateSeq=-1]</logEntry>
        <logEntry id="1658166249332" messageType="General">Loading Parameter Value Source row 4:</logEntry>
        <logEntry id="1658166249332" messageType="General">==Column=&gt; APIMode = PrimitiveValueImpl [ value: Add Line, valueId=null, createdUpdateSeq=-1, updatedUpdateSeq=-1]</logEntry>
        <logEntry id="1658166249332" messageType="General">==Column=&gt; AsynchronousProcessing = PrimitiveValueImpl [ value: false, valueId=null, createdUpdateSeq=-1, updatedUpdateSeq=-1]</logEntry>
        <logEntry id="1658166249332" messageType="General">==Column=&gt; InventoryDivision = PrimitiveValueImpl [ value: a8d5f0000004JbG, valueId=null, createdUpdateSeq=-1, updatedUpdateSeq=-1]</logEntry>
        <logEntry id="1658166249332" messageType="General">==Column=&gt; SalesDivision = PrimitiveValueImpl [ value: a8d5f0000004JbG, valueId=null, createdUpdateSeq=-1, updatedUpdateSeq=-1]</logEntry>
        <logEntry id="1658166249332" messageType="General">==Column=&gt; Customer = PrimitiveValueImpl [ value: a6B5f000000PqAT, valueId=null, createdUpdateSeq=-1, updatedUpdateSeq=-1]</logEntry>
        <logEntry id="1658166249332" messageType="General">==Column=&gt; ManufacturingUser = PrimitiveValueImpl [ value: a9L5f000000seuO, valueId=null, createdUpdateSeq=-1, updatedUpdateSeq=-1]</logEntry>
        <logEntry id="1658166249332" messageType="General">==Column=&gt; Product = PrimitiveValueImpl [ value: a7S5f000000kRvm, valueId=null, createdUpdateSeq=-1, updatedUpdateSeq=-1]</logEntry>
        <logEntry id="1658166249332" messageType="General">==Column=&gt; OrderQuantity = PrimitiveValueImpl [ value: 2, valueId=null, createdUpdateSeq=-1, updatedUpdateSeq=-1]</logEntry>
        <logEntry id="1658166249332" messageType="General">==Column=&gt; UnitPrice = PrimitiveValueImpl [ value: 80, valueId=null, createdUpdateSeq=-1, updatedUpdateSeq=-1]</logEntry>
        <logEntry id="1658166249332" messageType="General">==Column=&gt; LineNumber = PrimitiveValueImpl [ value: 4, valueId=null, createdUpdateSeq=-1, updatedUpdateSeq=-1]</logEntry>
        <logEntry id="1658166249332" messageType="General">==Column=&gt; RecordProcessed = PrimitiveValueImpl [ value: true, valueId=null, createdUpdateSeq=-1, updatedUpdateSeq=-1]</logEntry>
        <logEntry id="1658166249332" messageType="General">Loading Parameter Value Source row 5:</logEntry>
        <logEntry id="1658166249332" messageType="General">==Column=&gt; APIMode = PrimitiveValueImpl [ value: Add Line, valueId=null, createdUpdateSeq=-1, updatedUpdateSeq=-1]</logEntry>
        <logEntry id="1658166249332" messageType="General">==Column=&gt; AsynchronousProcessing = PrimitiveValueImpl [ value: false, valueId=null, createdUpdateSeq=-1, updatedUpdateSeq=-1]</logEntry>
        <logEntry id="1658166249332" messageType="General">==Column=&gt; InventoryDivision = PrimitiveValueImpl [ value: a8d5f0000004JbG, valueId=null, createdUpdateSeq=-1, updatedUpdateSeq=-1]</logEntry>
        <logEntry id="1658166249332" messageType="General">==Column=&gt; SalesDivision = PrimitiveValueImpl [ value: a8d5f0000004JbG, valueId=null, createdUpdateSeq=-1, updatedUpdateSeq=-1]</logEntry>
        <logEntry id="1658166249332" messageType="General">==Column=&gt; Customer = PrimitiveValueImpl [ value: a6B5f000000PqAT, valueId=null, createdUpdateSeq=-1, updatedUpdateSeq=-1]</logEntry>
        <logEntry id="1658166249332" messageType="General">==Column=&gt; ManufacturingUser = PrimitiveValueImpl [ value: a9L5f000000seuO, valueId=null, createdUpdateSeq=-1, updatedUpdateSeq=-1]</logEntry>
        <logEntry id="1658166249332" messageType="General">==Column=&gt; Product = PrimitiveValueImpl [ value: a7S5f000000kRvr, valueId=null, createdUpdateSeq=-1, updatedUpdateSeq=-1]</logEntry>
        <logEntry id="1658166249332" messageType="General">==Column=&gt; OrderQuantity = PrimitiveValueImpl [ value: 3, valueId=null, createdUpdateSeq=-1, updatedUpdateSeq=-1]</logEntry>
        <logEntry id="1658166249332" messageType="General">==Column=&gt; UnitPrice = PrimitiveValueImpl [ value: 20, valueId=null, createdUpdateSeq=-1, updatedUpdateSeq=-1]</logEntry>
        <logEntry id="1658166249332" messageType="General">==Column=&gt; LineNumber = PrimitiveValueImpl [ value: 5, valueId=null, createdUpdateSeq=-1, updatedUpdateSeq=-1]</logEntry>
        <logEntry id="1658166249332" messageType="General">==Column=&gt; RecordProcessed = PrimitiveValueImpl [ value: true, valueId=null, createdUpdateSeq=-1, updatedUpdateSeq=-1]</logEntry>
        <logEntry id="1658166249332" logLevel="Update" messageType="General">Loaded 5 rows from Parameter Value Source.</logEntry>
        <logEntry id="1658166249332" messageType="ParameterValueSource">Loading data from Parameter Value Source ...</logEntry>
        <logEntry id="1658166249348" messageType="General">Loading Parameter Value Source row 1:</logEntry>
        <logEntry id="1658166249348" messageType="General">==Column=&gt; TransactionType = PrimitiveValueImpl [ value: Firm All Sales Order Lines, valueId=null, createdUpdateSeq=-1, updatedUpdateSeq=-1]</logEntry>
        <logEntry id="1658166249348" messageType="General">==Column=&gt; BackgroundProcessing = PrimitiveValueImpl [ value: false, valueId=null, createdUpdateSeq=-1, updatedUpdateSeq=-1]</logEntry>
        <logEntry id="1658166249348" logLevel="Update" messageType="General">Loaded 1 rows from Parameter Value Source.</logEntry>
        <logEntry id="1658166249348" messageType="ParameterValueSource">Loading data from Parameter Value Source ...</logEntry>
        <logEntry id="1658166249363" messageType="General">Loading Parameter Value Source row 1:</logEntry>
        <logEntry id="1658166249363" messageType="General">==Column=&gt; TransactionType = PrimitiveValueImpl [ value: Allocate Sales Order Line, valueId=null, createdUpdateSeq=-1, updatedUpdateSeq=-1]</logEntry>
        <logEntry id="1658166249363" messageType="General">==Column=&gt; BackgroundProcessing = PrimitiveValueImpl [ value: false, valueId=null, createdUpdateSeq=-1, updatedUpdateSeq=-1]</logEntry>
        <logEntry id="1658166249363" messageType="General">==Column=&gt; ProcessAllLines = PrimitiveValueImpl [ value: true, valueId=null, createdUpdateSeq=-1, updatedUpdateSeq=-1]</logEntry>
        <logEntry id="1658166249363" logLevel="Update" messageType="General">Loaded 1 rows from Parameter Value Source.</logEntry>
        <logEntry id="1658166249363" messageType="ParameterValueSource">Loading data from Parameter Value Source ...</logEntry>
        <logEntry id="1658166249379" messageType="General">Loading Parameter Value Source row 1:</logEntry>
        <logEntry id="1658166249379" messageType="General">==Column=&gt; TransactionType = PrimitiveValueImpl [ value: Sales Order Pick-Pack-Ship, valueId=null, createdUpdateSeq=-1, updatedUpdateSeq=-1]</logEntry>
        <logEntry id="1658166249379" messageType="General">==Column=&gt; BackgroundProcessing = PrimitiveValueImpl [ value: true, valueId=null, createdUpdateSeq=-1, updatedUpdateSeq=-1]</logEntry>
        <logEntry id="1658166249379" messageType="General">==Column=&gt; ProcessAllLines = PrimitiveValueImpl [ value: true, valueId=null, createdUpdateSeq=-1, updatedUpdateSeq=-1]</logEntry>
        <logEntry id="1658166249379" logLevel="Update" messageType="General">Loaded 1 rows from Parameter Value Source.</logEntry>
        <logEntry id="1658166249379" messageType="ParameterValueSource">Loading data from Parameter Value Source ...</logEntry>
        <logEntry id="1658166249394" messageType="General">Loading Parameter Value Source row 1:</logEntry>
        <logEntry id="1658166249394" messageType="General">==Column=&gt; TransactionType = PrimitiveValueImpl [ value: Sales Order Pick-Pack-Ship Reversal, valueId=null, createdUpdateSeq=-1, updatedUpdateSeq=-1]</logEntry>
        <logEntry id="1658166249394" messageType="General">==Column=&gt; BackgroundProcessing = PrimitiveValueImpl [ value: true, valueId=null, createdUpdateSeq=-1, updatedUpdateSeq=-1]</logEntry>
        <logEntry id="1658166249394" messageType="General">==Column=&gt; ProcessAllLines = PrimitiveValueImpl [ value: true, valueId=null, createdUpdateSeq=-1, updatedUpdateSeq=-1]</logEntry>
        <logEntry id="1658166249394" logLevel="Update" messageType="General">Loaded 1 rows from Parameter Value Source.</logEntry>
      </logEntries>
    </executionItem>
    <executionItem endedUtc="1658166252601" executionErrorCount="0" executionStatus="Executed" executionWarningCount="0" failureCount="1" id="root:plans:SYDATA-Sales Order:RSTK-9166 - Reverse Pick-Pack-Ship Sales Order Lines.testinstance:RSTK-9166 - Reverse Pick-Pack-Ship Sales Order Lines.testcase:2" iterationIndex="-1" skippedCount="0" startedUtc="1658166249410" successfulCount="0" testApiId="com.provar.plugins.bundled.apis.control.StepGroup" testItemClass="IApiCall" title="Create Sales Order Header">
      <childItems>
        <executionItem endedUtc="1658166252585" executionErrorCount="0" executionStatus="Executed" executionWarningCount="0" failureCount="1" id="root:plans:SYDATA-Sales Order:RSTK-9166 - Reverse Pick-Pack-Ship Sales Order Lines.testinstance:RSTK-9166 - Reverse Pick-Pack-Ship Sales Order Lines.testcase:2:3" iterationIndex="-1" skippedCount="0" startedUtc="1658166249426" successfulCount="0" testClauseName="hidden" testItemClass="ITestClause" title="Steps">
          <childItems>
            <executionItem endedUtc="1658166252585" executionErrorCount="0" executionStatus="Executed" executionWarningCount="0" failureCount="1" id="root:plans:SYDATA-Sales Order:RSTK-9166 - Reverse Pick-Pack-Ship Sales Order Lines.testinstance:RSTK-9166 - Reverse Pick-Pack-Ship Sales Order Lines.testcase:2:3:15" iterationIndex="-1" skippedCount="0" startedUtc="1658166249426" successfulCount="0" testItemClass="ITestCaseCall" title="Call Create Sales Order Header - SOAPI">
              <childItems>
                <executionItem endedUtc="1658166252585" executionErrorCount="0" executionStatus="Executed" executionWarningCount="0" failureCount="1" id="root:plans:SYDATA-Sales Order:RSTK-9166 - Reverse Pick-Pack-Ship Sales Order Lines.testinstance:RSTK-9166 - Reverse Pick-Pack-Ship Sales Order Lines.testcase:2:3:15:Create Sales Order Header - SOAPI.testcase" iterationIndex="-1" skippedCount="0" startedUtc="1658166249426" successfulCount="0" testCasePath="D:\\provar\\Chandra Demo\\Parallel-Execution\\tests\\Sales Order\\Sales Order - CallableTesting" testItemClass="ITestCase" title="Create Sales Order Header - SOAPI">
                  <testItemSummary/>
                  <childItems>
                    <executionItem endedUtc="1658166249426" executionErrorCount="0" executionStatus="Executed" executionWarningCount="0" failureCount="0" id="root:plans:SYDATA-Sales Order:RSTK-9166 - Reverse Pick-Pack-Ship Sales Order Lines.testinstance:RSTK-9166 - Reverse Pick-Pack-Ship Sales Order Lines.testcase:2:3:15:Create Sales Order Header - SOAPI.testcase:4" iterationIndex="-1" skippedCount="0" startedUtc="1658166249426" successfulCount="1" testApiId="com.provar.plugins.forcedotcom.core.testapis.ApexConnect" testItemClass="IApiCall" title="Salesforce Connect: SFConnection (Test)">
                      <childItems/>
                      <logEntries>
                        <logEntry id="1658166249426" messageType="General">Connecting to Salesforce as QARSF_Admin</logEntry>
                        <logEntry id="1658166249426" logLevel="Update" messageType="General">Re-using existing connection. Connection: QARSF_Admin, Result Name: SFConnection</logEntry>
                      </logEntries>
                    </executionItem>
                    <executionItem endedUtc="1658166249457" executionErrorCount="0" executionStatus="Executed" executionWarningCount="0" failureCount="0" id="root:plans:SYDATA-Sales Order:RSTK-9166 - Reverse Pick-Pack-Ship Sales Order Lines.testinstance:RSTK-9166 - Reverse Pick-Pack-Ship Sales Order Lines.testcase:2:3:15:Create Sales Order Header - SOAPI.testcase:66" iterationIndex="-1" skippedCount="0" startedUtc="1658166249426" successfulCount="1" testApiId="com.provar.plugins.bundled.apis.control.StepGroup" testItemClass="IApiCall" title="Read Data for SOAPI Add Header">
                      <childItems>
                        <executionItem endedUtc="1658166249441" executionErrorCount="0" executionStatus="Executed" executionWarningCount="0" failureCount="0" id="root:plans:SYDATA-Sales Order:RSTK-9166 - Reverse Pick-Pack-Ship Sales Order Lines.testinstance:RSTK-9166 - Reverse Pick-Pack-Ship Sales Order Lines.testcase:2:3:15:Create Sales Order Header - SOAPI.testcase:66:67" iterationIndex="-1" skippedCount="0" startedUtc="1658166249441" successfulCount="1" testClauseName="hidden" testItemClass="ITestClause" title="Steps">
                          <childItems/>
                        </executionItem>
                      </childItems>
                    </executionItem>
                    <executionItem endedUtc="1658166252585" executionErrorCount="0" executionStatus="Executed" executionWarningCount="0" failureCount="1" id="root:plans:SYDATA-Sales Order:RSTK-9166 - Reverse Pick-Pack-Ship Sales Order Lines.testinstance:RSTK-9166 - Reverse Pick-Pack-Ship Sales Order Lines.testcase:2:3:15:Create Sales Order Header - SOAPI.testcase:16" iterationIndex="-1" skippedCount="0" startedUtc="1658166249457" successfulCount="0" testApiId="com.provar.plugins.bundled.apis.control.ForEach" testItemClass="IApiCall" title="For Each: {SourceData_SOHeader}=&gt;Row_AddHeader">
                      <childItems>
                        <executionItem endedUtc="1658166252585" executionErrorCount="0" executionStatus="Executed" executionWarningCount="0" failureCount="1" id="root:plans:SYDATA-Sales Order:RSTK-9166 - Reverse Pick-Pack-Ship Sales Order Lines.testinstance:RSTK-9166 - Reverse Pick-Pack-Ship Sales Order Lines.testcase:2:3:15:Create Sales Order Header - SOAPI.testcase:16:17.0" iterationIndex="0" skippedCount="0" startedUtc="1658166249463" successfulCount="0" testClauseName="substeps" testItemClass="ITestClause" title="Iteration 1">
                          <childItems>
                            <executionItem endedUtc="1658166249473" executionErrorCount="0" executionStatus="Executed" executionWarningCount="0" failureCount="0" id="root:plans:SYDATA-Sales Order:RSTK-9166 - Reverse Pick-Pack-Ship Sales Order Lines.testinstance:RSTK-9166 - Reverse Pick-Pack-Ship Sales Order Lines.testcase:2:3:15:Create Sales Order Header - SOAPI.testcase:16:17.0:30" iterationIndex="-1" skippedCount="0" startedUtc="1658166249463" successfulCount="1" testApiId="com.provar.plugins.bundled.apis.control.SetValues" testItemClass="IApiCall" title="Set Values: OrderNumber">
                              <childItems/>
                              <logEntries>
                                <logEntry id="1658166249473" messageType="General">Setting value OrderNumber to SO-DEK7</logEntry>
                                <logEntry id="1658166249473" logLevel="Debug" messageType="General">Configuration: ValueScope:Test</logEntry>
                                <logEntry id="1658166249473" logLevel="Update" messageType="General">Successfully set OrderNumber to SO-DEK7</logEntry>
                              </logEntries>
                            </executionItem>
                            <executionItem endedUtc="1658166249489" executionErrorCount="0" executionStatus="Executed" executionWarningCount="0" failureCount="1" id="root:plans:SYDATA-Sales Order:RSTK-9166 - Reverse Pick-Pack-Ship Sales Order Lines.testinstance:RSTK-9166 - Reverse Pick-Pack-Ship Sales Order Lines.testcase:2:3:15:Create Sales Order Header - SOAPI.testcase:16:17.0:29" iterationIndex="-1" skippedCount="0" startedUtc="1658166249473" successfulCount="0" testApiId="com.provar.plugins.forcedotcom.core.testapis.ApexCreateObject" testItemClass="IApiCall" title="Create Object: rstk__soapi__c=&gt;soapiId">
                              <childItems/>
                              <logEntries>
                                <logEntry id="1658166249473" messageType="General">Creating a new Salesforce object.  Connection Name: SFConnection, Name: rstk__soapi__c, field count: 8</logEntry>
                                <logEntry id="1658166249473" logLevel="Error" messageType="General">Error sending lock request to master lock manager.  Cause: Error sending message.  Messages: [null]</logEntry>
                                <logEntry id="1658166249473" logLevel="Error" messageType="General">Error loading object definition.  Object name: rstk__soapi__c, Cause: [NullPointerException\nStack Trace:\njava.lang.NullPointerException\r\n\tat com.provar.plugins.forcedotcom.core.connection.SfConnectionHandler.performInsert(SfConnectionHandler.java:1460)\r\n\tat com.provar.plugins.forcedotcom.core.connection.SfConnectionHandler.perform(SfConnectionHandler.java:298)\r\n\tat com.provar.core.testexecution.common.java.TestExecutionContextImpl.doConnectionOperation(TestExecutionContextImpl.java:857)\r\n\tat com.provar.plugins.forcedotcom.core.testapis.ApexCreateObject.execute(ApexCreateObject.java:92)\r\n\tat sun.reflect.GeneratedMethodAccessor25.invoke(Unknown Source)\r\n\tat sun.reflect.DelegatingMethodAccessorImpl.invoke(DelegatingMethodAccessorImpl.java:43)\r\n\tat java.lang.reflect.Method.invoke(Method.java:498)\r\n\tat com.provar.core.testexecution.container.java.TestExecutionContainerImpl.invokeTestApi(TestExecutionContainerImpl.java:754)\r\n\tat com.provar.core.testexecution.container.java.LocalTestExecutionContainerRunner.doInvokeTestApi(LocalTestExecutionContainerRunner.java:744)\r\n\tat com.provar.core.testexecution.container.java.LocalTestExecutionContainerRunner.access$11(LocalTestExecutionContainerRunner.java:676)\r\n\tat com.provar.core.testexecution.container.java.LocalTestExecutionContainerRunner$MessageProcessor.run(LocalTestExecutionContainerRunner.java:1400)\r\n]</logEntry>
                              </logEntries>
                            </executionItem>
                            <executionItem endedUtc="1658166250525" executionErrorCount="0" executionStatus="Executed" executionWarningCount="0" failureCount="0" id="root:plans:SYDATA-Sales Order:RSTK-9166 - Reverse Pick-Pack-Ship Sales Order Lines.testinstance:RSTK-9166 - Reverse Pick-Pack-Ship Sales Order Lines.testcase:2:3:15:Create Sales Order Header - SOAPI.testcase:16:17.0:31" iterationIndex="-1" skippedCount="0" startedUtc="1658166249489" successfulCount="1" testApiId="com.provar.plugins.forcedotcom.core.testapis.ApexSoqlQuery" testItemClass="IApiCall" title="SOQL Query: select Id,rstk__soapi_orderno__c,rstk__soapi_processed__c from rstk__soapi__c where rstk__soapi_orderno__c='SO-DEK7'=&gt;rstkRows_AddHeader">
                              <childItems/>
                              <logEntries>
                                <logEntry id="1658166249489" messageType="General">Reading a Salesforce object.  Connection Name: SFConnection, Query: select Id,rstk__soapi_orderno__c,rstk__soapi_processed__c from rstk__soapi__c where rstk__soapi_orderno__c='SO-DEK7'</logEntry>
                                <logEntry id="1658166250525" messageType="General">The query returned no records.</logEntry>
                              </logEntries>
                            </executionItem>
                            <executionItem endedUtc="1658166250541" executionErrorCount="0" executionStatus="Executed" executionWarningCount="0" failureCount="0" id="root:plans:SYDATA-Sales Order:RSTK-9166 - Reverse Pick-Pack-Ship Sales Order Lines.testinstance:RSTK-9166 - Reverse Pick-Pack-Ship Sales Order Lines.testcase:2:3:15:Create Sales Order Header - SOAPI.testcase:16:17.0:100" iterationIndex="-1" skippedCount="0" startedUtc="1658166250525" successfulCount="1" testApiId="com.provar.plugins.bundled.apis.control.DoWhile" testItemClass="IApiCall" title="While: {rstkRows_AddHeader.rstk__soapi_processed__c = &quot;false&quot;}">
                              <childItems/>
                              <logEntries>
                                <logEntry id="1658166250541" messageType="General">Looping ending because the condition is not TRUE.</logEntry>
                              </logEntries>
                            </executionItem>
                            <executionItem endedUtc="1658166251343" executionErrorCount="0" executionStatus="Executed" executionWarningCount="0" failureCount="0" id="root:plans:SYDATA-Sales Order:RSTK-9166 - Reverse Pick-Pack-Ship Sales Order Lines.testinstance:RSTK-9166 - Reverse Pick-Pack-Ship Sales Order Lines.testcase:2:3:15:Create Sales Order Header - SOAPI.testcase:16:17.0:64" iterationIndex="-1" skippedCount="0" startedUtc="1658166250541" successfulCount="1" testApiId="com.provar.plugins.forcedotcom.core.testapis.ApexSoqlQuery" testItemClass="IApiCall" title="SOQL Query: select Id,rstk__sohdr_order__c from rstk__sohdr__c where rstk__sohdr_order__c='SO-DEK7'=&gt;rstkRows_SOHeader">
                              <childItems/>
                              <logEntries>
                                <logEntry id="1658166250541" messageType="General">Reading a Salesforce object.  Connection Name: SFConnection, Query: select Id,rstk__sohdr_order__c from rstk__sohdr__c where rstk__sohdr_order__c='SO-DEK7'</logEntry>
                                <logEntry id="1658166251343" messageType="General">The query returned no records.</logEntry>
                              </logEntries>
                            </executionItem>
                            <executionItem endedUtc="1658166251689" executionErrorCount="0" executionStatus="Executed" executionWarningCount="0" failureCount="1" id="root:plans:SYDATA-Sales Order:RSTK-9166 - Reverse Pick-Pack-Ship Sales Order Lines.testinstance:RSTK-9166 - Reverse Pick-Pack-Ship Sales Order Lines.testcase:2:3:15:Create Sales Order Header - SOAPI.testcase:16:17.0:33" iterationIndex="-1" skippedCount="0" startedUtc="1658166251343" successfulCount="0" testApiId="com.provar.plugins.forcedotcom.core.testapis.ApexReadObject" testItemClass="IApiCall" title="Read Object: rstk__soapi__c = {rstkRows_AddHeader.Id}">
                              <childItems/>
                              <logEntries>
                                <logEntry id="1658166251343" messageType="General">Reading a Salesforce object.  Connection Name: SFConnection, Name: rstk__soapi__c, Id: null, field count: 3</logEntry>
                                <logEntry id="1658166251343" logLevel="Error" messageType="General">Error sending lock request to master lock manager.  Cause: Error sending message.  Messages: [null]</logEntry>
                                <logEntry id="1658166251343" logLevel="Error" messageType="General">Error loading object definition.  Object name: rstk__soapi__c, Cause: [NullPointerException\nStack Trace:\njava.lang.NullPointerException\r\n\tat com.provar.plugins.forcedotcom.core.connection.SfConnectionHandler.executeQueryById(SfConnectionHandler.java:3037)\r\n\tat com.provar.plugins.forcedotcom.core.connection.SfConnectionHandler.performRead(SfConnectionHandler.java:1422)\r\n\tat com.provar.plugins.forcedotcom.core.connection.SfConnectionHandler.perform(SfConnectionHandler.java:294)\r\n\tat com.provar.core.testexecution.common.java.TestExecutionContextImpl.doConnectionOperation(TestExecutionContextImpl.java:857)\r\n\tat com.provar.plugins.forcedotcom.core.testapis.ApexReadObject.execute(ApexReadObject.java:92)\r\n\tat sun.reflect.GeneratedMethodAccessor29.invoke(Unknown Source)\r\n\tat sun.reflect.DelegatingMethodAccessorImpl.invoke(DelegatingMethodAccessorImpl.java:43)\r\n\tat java.lang.reflect.Method.invoke(Method.java:498)\r\n\tat com.provar.core.testexecution.container.java.TestExecutionContainerImpl.invokeTestApi(TestExecutionContainerImpl.java:754)\r\n\tat com.provar.core.testexecution.container.java.LocalTestExecutionContainerRunner.doInvokeTestApi(LocalTestExecutionContainerRunner.java:744)\r\n\tat com.provar.core.testexecution.container.java.LocalTestExecutionContainerRunner.access$11(LocalTestExecutionContainerRunner.java:676)\r\n\tat com.provar.core.testexecution.container.java.LocalTestExecutionContainerRunner$MessageProcessor.run(LocalTestExecutionContainerRunner.java:1400)\r\n]</logEntry>
                                <logEntry id="1658166251343" messageType="General">Object read successfully.  Result Name: rstkRead</logEntry>
                                <logEntry id="1658166251689" logLevel="Error" messageType="AssertionFailed">Result Assertion failed (result is not a supported type).  Assertion: Check rstk__soapi_orderno__c, result type: null</logEntry>
                                <logEntry id="1658166251689" logLevel="Error" messageType="AssertionFailed">Result Assertion failed (result is not a supported type).  Assertion: Check rstk__soapi_processed__c, result type: null</logEntry>
                              </logEntries>
                            </executionItem>
                            <executionItem endedUtc="1658166252585" executionErrorCount="0" executionStatus="Executed" executionWarningCount="0" failureCount="0" id="root:plans:SYDATA-Sales Order:RSTK-9166 - Reverse Pick-Pack-Ship Sales Order Lines.testinstance:RSTK-9166 - Reverse Pick-Pack-Ship Sales Order Lines.testcase:2:3:15:Create Sales Order Header - SOAPI.testcase:16:17.0:101" iterationIndex="-1" skippedCount="0" startedUtc="1658166251689" successfulCount="1" testApiId="com.provar.plugins.forcedotcom.core.testapis.ApexSoqlQuery" testItemClass="IApiCall" title="SOQL Query: select Id,rstk__sohdr_order__c from rstk__sohdr__c where rstk__sohdr_order__c='SO-DEK7'=&gt;rstkRows_SOHDR">
                              <childItems/>
                              <logEntries>
                                <logEntry id="1658166251689" messageType="General">Reading a Salesforce object.  Connection Name: SFConnection, Query: select Id,rstk__sohdr_order__c from rstk__sohdr__c where rstk__sohdr_order__c='SO-DEK7'</logEntry>
                                <logEntry id="1658166252585" messageType="General">The query returned no records.</logEntry>
                              </logEntries>
                            </executionItem>
                          </childItems>
                        </executionItem>
                      </childItems>
                      <logEntries>
                        <logEntry id="1658166249457" messageType="General">Start of iteration 1 of 1.</logEntry>
                        <logEntry id="1658166252585" messageType="General">Reached the end of the List.</logEntry>
                      </logEntries>
                    </executionItem>
                    <executionItem endedUtc="0" executionErrorCount="0" executionStatus="Executed" executionWarningCount="0" failureCount="0" id="root:plans:SYDATA-Sales Order:RSTK-9166 - Reverse Pick-Pack-Ship Sales Order Lines.testinstance:RSTK-9166 - Reverse Pick-Pack-Ship Sales Order Lines.testcase:2:3:15:Create Sales Order Header - SOAPI.testcase:68" iterationIndex="-1" skippedCount="1" startedUtc="1658166252585" successfulCount="0" testApiId="com.provar.plugins.bundled.apis.control.StepGroup" testItemClass="IApiCall" title="End">
                      <childItems>
                        <executionItem endedUtc="0" executionErrorCount="0" executionWarningCount="0" failureCount="0" id="root:plans:SYDATA-Sales Order:RSTK-9166 - Reverse Pick-Pack-Ship Sales Order Lines.testinstance:RSTK-9166 - Reverse Pick-Pack-Ship Sales Order Lines.testcase:2:3:15:Create Sales Order Header - SOAPI.testcase:68:69" iterationIndex="-1" skippedCount="0" startedUtc="0" successfulCount="0" testClauseName="hidden" testItemClass="ITestClause" title="Steps">
                          <childItems/>
                        </executionItem>
                      </childItems>
                    </executionItem>
                  </childItems>
                </executionItem>
              </childItems>
              <logEntries>
                <logEntry id="1658166252585" messageType="General">Handling managed resource.  Name: SFConnection</logEntry>
                <logEntry id="1658166252585" logLevel="Debug" messageType="General">Not closing Salesforce Connection because it is still being used.  Name: SFConnection</logEntry>
                <logEntry id="1658166252585" logLevel="Update" messageType="General">Salesforce Connection handled successfully.  Name: SFConnection</logEntry>
              </logEntries>
            </executionItem>
          </childItems>
        </executionItem>
      </childItems>
    </executionItem>
    <executionItem endedUtc="0" executionErrorCount="0" executionStatus="Executed" executionWarningCount="0" failureCount="0" id="root:plans:SYDATA-Sales Order:RSTK-9166 - Reverse Pick-Pack-Ship Sales Order Lines.testinstance:RSTK-9166 - Reverse Pick-Pack-Ship Sales Order Lines.testcase:6" iterationIndex="-1" skippedCount="1" startedUtc="1658166252601" successfulCount="0" testApiId="com.provar.plugins.bundled.apis.control.StepGroup" testItemClass="IApiCall" title="Add SO Lines">
      <childItems>
        <executionItem endedUtc="0" executionErrorCount="0" executionWarningCount="0" failureCount="0" id="root:plans:SYDATA-Sales Order:RSTK-9166 - Reverse Pick-Pack-Ship Sales Order Lines.testinstance:RSTK-9166 - Reverse Pick-Pack-Ship Sales Order Lines.testcase:6:7" iterationIndex="-1" skippedCount="0" startedUtc="0" successfulCount="0" testClauseName="hidden" testItemClass="ITestClause" title="Steps">
          <childItems>
            <executionItem endedUtc="0" executionErrorCount="0" executionWarningCount="0" failureCount="0" id="root:plans:SYDATA-Sales Order:RSTK-9166 - Reverse Pick-Pack-Ship Sales Order Lines.testinstance:RSTK-9166 - Reverse Pick-Pack-Ship Sales Order Lines.testcase:6:7:18" iterationIndex="-1" skippedCount="0" startedUtc="0" successfulCount="0" testItemClass="ITestCaseCall" title="Call Add SO Lines for SYDATA">
              <childItems/>
            </executionItem>
          </childItems>
        </executionItem>
      </childItems>
    </executionItem>
    <executionItem endedUtc="0" executionErrorCount="0" executionStatus="Executed" executionWarningCount="0" failureCount="0" id="root:plans:SYDATA-Sales Order:RSTK-9166 - Reverse Pick-Pack-Ship Sales Order Lines.testinstance:RSTK-9166 - Reverse Pick-Pack-Ship Sales Order Lines.testcase:10" iterationIndex="-1" skippedCount="1" startedUtc="1658166252601" successfulCount="0" testApiId="com.provar.plugins.bundled.apis.control.StepGroup" testItemClass="IApiCall" title="Firm All SO Lines">
      <childItems>
        <executionItem endedUtc="0" executionErrorCount="0" executionWarningCount="0" failureCount="0" id="root:plans:SYDATA-Sales Order:RSTK-9166 - Reverse Pick-Pack-Ship Sales Order Lines.testinstance:RSTK-9166 - Reverse Pick-Pack-Ship Sales Order Lines.testcase:10:11" iterationIndex="-1" skippedCount="0" startedUtc="0" successfulCount="0" testClauseName="hidden" testItemClass="ITestClause" title="Steps">
          <childItems>
            <executionItem endedUtc="0" executionErrorCount="0" executionWarningCount="0" failureCount="0" id="root:plans:SYDATA-Sales Order:RSTK-9166 - Reverse Pick-Pack-Ship Sales Order Lines.testinstance:RSTK-9166 - Reverse Pick-Pack-Ship Sales Order Lines.testcase:10:11:12" iterationIndex="-1" skippedCount="0" startedUtc="0" successfulCount="0" testItemClass="ITestCaseCall" title="Call Firm All Sales Order Lines">
              <childItems/>
            </executionItem>
          </childItems>
        </executionItem>
      </childItems>
    </executionItem>
    <executionItem endedUtc="0" executionErrorCount="0" executionStatus="Executed" executionWarningCount="0" failureCount="0" id="root:plans:SYDATA-Sales Order:RSTK-9166 - Reverse Pick-Pack-Ship Sales Order Lines.testinstance:RSTK-9166 - Reverse Pick-Pack-Ship Sales Order Lines.testcase:19" iterationIndex="-1" skippedCount="1" startedUtc="1658166252601" successfulCount="0" testApiId="com.provar.plugins.bundled.apis.control.StepGroup" testItemClass="IApiCall" title="Allocate SO Lines">
      <childItems>
        <executionItem endedUtc="0" executionErrorCount="0" executionWarningCount="0" failureCount="0" id="root:plans:SYDATA-Sales Order:RSTK-9166 - Reverse Pick-Pack-Ship Sales Order Lines.testinstance:RSTK-9166 - Reverse Pick-Pack-Ship Sales Order Lines.testcase:19:20" iterationIndex="-1" skippedCount="0" startedUtc="0" successfulCount="0" testClauseName="hidden" testItemClass="ITestClause" title="Steps">
          <childItems>
            <executionItem endedUtc="0" executionErrorCount="0" executionWarningCount="0" failureCount="0" id="root:plans:SYDATA-Sales Order:RSTK-9166 - Reverse Pick-Pack-Ship Sales Order Lines.testinstance:RSTK-9166 - Reverse Pick-Pack-Ship Sales Order Lines.testcase:19:20:22" iterationIndex="-1" skippedCount="0" startedUtc="0" successfulCount="0" testItemClass="ITestCaseCall" title="Call Allocate Sales Order Lines">
              <childItems/>
            </executionItem>
          </childItems>
        </executionItem>
      </childItems>
    </executionItem>
    <executionItem endedUtc="0" executionErrorCount="0" executionStatus="Executed" executionWarningCount="0" failureCount="0" id="root:plans:SYDATA-Sales Order:RSTK-9166 - Reverse Pick-Pack-Ship Sales Order Lines.testinstance:RSTK-9166 - Reverse Pick-Pack-Ship Sales Order Lines.testcase:23" iterationIndex="-1" skippedCount="1" startedUtc="1658166252601" successfulCount="0" testApiId="com.provar.plugins.bundled.apis.control.StepGroup" testItemClass="IApiCall" title="Pick-Pack-Ship SO Lines">
      <childItems>
        <executionItem endedUtc="0" executionErrorCount="0" executionWarningCount="0" failureCount="0" id="root:plans:SYDATA-Sales Order:RSTK-9166 - Reverse Pick-Pack-Ship Sales Order Lines.testinstance:RSTK-9166 - Reverse Pick-Pack-Ship Sales Order Lines.testcase:23:24" iterationIndex="-1" skippedCount="0" startedUtc="0" successfulCount="0" testClauseName="hidden" testItemClass="ITestClause" title="Steps">
          <childItems>
            <executionItem endedUtc="0" executionErrorCount="0" executionWarningCount="0" failureCount="0" id="root:plans:SYDATA-Sales Order:RSTK-9166 - Reverse Pick-Pack-Ship Sales Order Lines.testinstance:RSTK-9166 - Reverse Pick-Pack-Ship Sales Order Lines.testcase:23:24:27" iterationIndex="-1" skippedCount="0" startedUtc="0" successfulCount="0" testItemClass="ITestCaseCall" title="Call Pick-Pack-Ship Sales Order Lines">
              <childItems/>
            </executionItem>
          </childItems>
        </executionItem>
      </childItems>
    </executionItem>
    <executionItem endedUtc="0" executionErrorCount="0" executionStatus="Executed" executionWarningCount="0" failureCount="0" id="root:plans:SYDATA-Sales Order:RSTK-9166 - Reverse Pick-Pack-Ship Sales Order Lines.testinstance:RSTK-9166 - Reverse Pick-Pack-Ship Sales Order Lines.testcase:28" iterationIndex="-1" skippedCount="1" startedUtc="1658166252601" successfulCount="0" testApiId="com.provar.plugins.bundled.apis.control.StepGroup" testItemClass="IApiCall" title="Reverse Pick-Pack-Ship SO Lines">
      <childItems>
        <executionItem endedUtc="0" executionErrorCount="0" executionWarningCount="0" failureCount="0" id="root:plans:SYDATA-Sales Order:RSTK-9166 - Reverse Pick-Pack-Ship Sales Order Lines.testinstance:RSTK-9166 - Reverse Pick-Pack-Ship Sales Order Lines.testcase:28:29" iterationIndex="-1" skippedCount="0" startedUtc="0" successfulCount="0" testClauseName="hidden" testItemClass="ITestClause" title="Steps">
          <childItems>
            <executionItem endedUtc="0" executionErrorCount="0" executionWarningCount="0" failureCount="0" id="root:plans:SYDATA-Sales Order:RSTK-9166 - Reverse Pick-Pack-Ship Sales Order Lines.testinstance:RSTK-9166 - Reverse Pick-Pack-Ship Sales Order Lines.testcase:28:29:31" iterationIndex="-1" skippedCount="0" startedUtc="0" successfulCount="0" testItemClass="ITestCaseCall" title="Call Reverse Pick-Pack-Ship Sales Order Lines">
              <childItems/>
            </executionItem>
          </childItems>
        </executionItem>
      </childItems>
    </executionItem>
    <executionItem endedUtc="0" executionErrorCount="0" executionStatus="Executed" executionWarningCount="0" failureCount="0" id="root:plans:SYDATA-Sales Order:RSTK-9166 - Reverse Pick-Pack-Ship Sales Order Lines.testinstance:RSTK-9166 - Reverse Pick-Pack-Ship Sales Order Lines.testcase:34" iterationIndex="-1" skippedCount="1" startedUtc="1658166252601" successfulCount="0" testApiId="com.provar.plugins.bundled.apis.control.StepGroup" testItemClass="IApiCall" title="End">
      <childItems>
        <executionItem endedUtc="0" executionErrorCount="0" executionWarningCount="0" failureCount="0" id="root:plans:SYDATA-Sales Order:RSTK-9166 - Reverse Pick-Pack-Ship Sales Order Lines.testinstance:RSTK-9166 - Reverse Pick-Pack-Ship Sales Order Lines.testcase:34:44" iterationIndex="-1" skippedCount="0" startedUtc="0" successfulCount="0" testClauseName="hidden" testItemClass="ITestClause" title="Steps">
          <childItems/>
        </executionItem>
      </childItems>
    </executionItem>
  </childItems>
</executionItem>
