<?xml version="1.0" encoding="UTF-8" standalone="no"?>
<executionItem endedUtc="1656433122281" executionErrorCount="0" executionStatus="Executed" executionWarningCount="0" failureCount="0" id="root:plans:Recurring_Billing:CRUD-Master Services Agreement Template.testinstance:CRUD-Master Services Agreement Template.testcase" iterationIndex="-1" skippedCount="0" startedUtc="1656433052343" successfulCount="1" testCasePath="D:\\provar\\EventDemo\\Parallel-Execution\\tests\\CPQ and Contract" testItemClass="ITestCase" title="CRUD-Master Services Agreement Template.testcase">
  <testItemSummary/>
  <childItems>
    <executionItem endedUtc="1656433057597" executionErrorCount="0" executionStatus="Executed" executionWarningCount="0" failureCount="0" id="root:plans:Recurring_Billing:CRUD-Master Services Agreement Template.testinstance:CRUD-Master Services Agreement Template.testcase:1" iterationIndex="-1" skippedCount="0" startedUtc="1656433052358" successfulCount="1" testApiId="com.provar.plugins.forcedotcom.core.testapis.ApexConnect" testItemClass="IApiCall" title="Salesforce Connect: SFConnection (Test)">
      <childItems/>
      <logEntries>
        <logEntry id="1656433052362" messageType="General">Connecting to Salesforce as QARSF_Admin</logEntry>
        <logEntry id="1656433052362" logLevel="Debug" messageType="General">Connection details. Connection name: QARSF_Admin, result name: SFConnection, result scope: Test, urlString: sf:environment=PRERELEASE;apiLoginUrl=https://automationtesting2.my.salesforce.com;identityServiceUrl=https://login.salesforce.com/id/00D5f000005vwGkEAI/0055f000008Hn0WAAS;clientId={clientId};clientSecret={clientSecret};authenticationType=OAUTH;callbackUrl={callbackUrl};accessToken={accessToken};refreshToken={refreshToken}, environment: AutomationOrg, clientId: [supplied], clientSecret: [supplied], callBackUrl: [supplied], accessToken: [supplied], refreshToken: [supplied]</logEntry>
        <logEntry id="1656433052363" logLevel="Debug" messageType="General">Create object id log file.</logEntry>
        <logEntry id="1656433052368" logLevel="Trace" messageType="General">Absolute path: D:\\provar\\EventDemo\\Parallel-Execution\\ANT\\..\\ANT\\Results(16)\\Artifacts\\QARSF_Admin-objectids.log</logEntry>
        <logEntry id="1656433053384" logLevel="Debug" messageType="General">Access Token refreshed successfully.</logEntry>
        <logEntry id="1656433056208" logLevel="Debug" messageType="General">Identity Service successful. ToolingEndpoint: https://automationtesting2.my.salesforce.com/services/Soap/T/53.0/00D5f000005vwGk, ToolingRestEndpoint: https://automationtesting2.my.salesforce.com/services/data/v53.0/tooling/, PartnerEndpoint: https://automationtesting2.my.salesforce.com/services/Soap/u/53.0/00D5f000005vwGk, MetadataEndpoint: https://automationtesting2.my.salesforce.com/services/Soap/m/53.0/00D5f000005vwGk, EnterpriseEndpoint: https://automationtesting2.my.salesforce.com/services/Soap/c/53.0/00D5f000005vwGk</logEntry>
        <logEntry id="1656433056208" logLevel="Debug" messageType="General">Opening Partner connection</logEntry>
        <logEntry id="1656433056208" logLevel="Trace" messageType="General">Connection configurations: userName: automation@rootstock.com,  password: [empty], securityToken: [empty], authEndpoint: https://automationtesting2.my.salesforce.com/services/Soap/u/53.0, serviceEndpoint: https://automationtesting2.my.salesforce.com/services/Soap/u/53.0/00D5f000005vwGk</logEntry>
        <logEntry id="1656433057582" logLevel="Debug" messageType="General">Opening SOAP connection</logEntry>
        <logEntry id="1656433057582" logLevel="Trace" messageType="General">Connection configurations: userName: automation@rootstock.com,  password: [empty], securityToken: [empty], authEndpoint: https://automationtesting2.my.salesforce.com/services/Soap/u/53.0, serviceEndpoint: https://automationtesting2.my.salesforce.com/services/Soap/u/53.0</logEntry>
        <logEntry id="1656433057582" logLevel="Debug" messageType="General">Opening Metadata connection</logEntry>
        <logEntry id="1656433057596" logLevel="Trace" messageType="General">Connection configurations: userName: null,  password: [empty], securityToken: [empty], authEndpoint: https://automationtesting2.my.salesforce.com/services/Soap/u/53.0, serviceEndpoint: https://automationtesting2.my.salesforce.com/services/Soap/m/53.0/00D5f000005vwGk</logEntry>
        <logEntry id="1656433057597" logLevel="Update" messageType="General">Successfully connected to Salesforce as QARSF_Admin</logEntry>
      </logEntries>
    </executionItem>
    <executionItem endedUtc="1656433057717" executionErrorCount="0" executionStatus="Executed" executionWarningCount="0" failureCount="0" id="root:plans:Recurring_Billing:CRUD-Master Services Agreement Template.testinstance:CRUD-Master Services Agreement Template.testcase:20" iterationIndex="-1" skippedCount="0" startedUtc="1656433057597" successfulCount="1" testApiId="com.provar.plugins.bundled.apis.control.StepGroup" testItemClass="IApiCall" title="Read excel data based on selected environment">
      <childItems>
        <executionItem endedUtc="1656433057702" executionErrorCount="0" executionStatus="Executed" executionWarningCount="0" failureCount="0" id="root:plans:Recurring_Billing:CRUD-Master Services Agreement Template.testinstance:CRUD-Master Services Agreement Template.testcase:20:590" iterationIndex="-1" skippedCount="0" startedUtc="1656433057599" successfulCount="1" testClauseName="hidden" testItemClass="ITestClause" title="Steps">
          <childItems>
            <executionItem endedUtc="1656433057702" executionErrorCount="0" executionStatus="Executed" executionWarningCount="0" failureCount="0" id="root:plans:Recurring_Billing:CRUD-Master Services Agreement Template.testinstance:CRUD-Master Services Agreement Template.testcase:20:590:591" iterationIndex="-1" skippedCount="0" startedUtc="1656433057599" successfulCount="1" testApiId="com.provar.plugins.bundled.apis.Switch" testItemClass="IApiCall" title="Switch: AutomationOrg">
              <childItems>
                <executionItem endedUtc="1656433057702" executionErrorCount="0" executionStatus="Executed" executionWarningCount="0" failureCount="0" id="root:plans:Recurring_Billing:CRUD-Master Services Agreement Template.testinstance:CRUD-Master Services Agreement Template.testcase:20:590:591:595" iterationIndex="-1" skippedCount="0" startedUtc="1656433057602" successfulCount="1" testClauseName="case" testItemClass="ITestClause" title="Case">
                  <childItems>
                    <executionItem endedUtc="1656433057702" executionErrorCount="0" executionStatus="Executed" executionWarningCount="0" failureCount="0" id="root:plans:Recurring_Billing:CRUD-Master Services Agreement Template.testinstance:CRUD-Master Services Agreement Template.testcase:20:590:591:595:596" iterationIndex="-1" skippedCount="0" startedUtc="1656433057602" successfulCount="1" testApiId="com.provar.plugins.bundled.apis.SwitchCase" testItemClass="IApiCall" title="Case: AutomationOrg">
                      <childItems>
                        <executionItem endedUtc="1656433057702" executionErrorCount="0" executionStatus="Executed" executionWarningCount="0" failureCount="0" id="root:plans:Recurring_Billing:CRUD-Master Services Agreement Template.testinstance:CRUD-Master Services Agreement Template.testcase:20:590:591:595:596:597" iterationIndex="-1" skippedCount="0" startedUtc="1656433057606" successfulCount="1" testClauseName="steps" testItemClass="ITestClause" title="Steps">
                          <childItems>
                            <executionItem endedUtc="1656433057702" executionErrorCount="0" executionStatus="Executed" executionWarningCount="0" failureCount="0" id="root:plans:Recurring_Billing:CRUD-Master Services Agreement Template.testinstance:CRUD-Master Services Agreement Template.testcase:20:590:591:595:596:597:598" iterationIndex="-1" skippedCount="0" startedUtc="1656433057606" successfulCount="1" testApiId="com.provar.plugins.bundled.apis.control.StepGroup" testItemClass="IApiCall" title="Read Exel Data">
                              <childItems>
                                <executionItem endedUtc="1656433057702" executionErrorCount="0" executionStatus="Executed" executionWarningCount="0" failureCount="0" id="root:plans:Recurring_Billing:CRUD-Master Services Agreement Template.testinstance:CRUD-Master Services Agreement Template.testcase:20:590:591:595:596:597:598:599" iterationIndex="-1" skippedCount="0" startedUtc="1656433057702" successfulCount="1" testClauseName="hidden" testItemClass="ITestClause" title="Steps">
                                  <childItems/>
                                </executionItem>
                              </childItems>
                              <logEntries>
                                <logEntry id="1656433057606" messageType="ParameterValueSource">Loading data from Parameter Value Source ...</logEntry>
                                <logEntry id="1656433057686" messageType="General">Loading Parameter Value Source row 1:</logEntry>
                                <logEntry id="1656433057686" messageType="General">==Column=&gt; RowNumber = PrimitiveValueImpl [ value: 2, valueId=null, createdUpdateSeq=-1, updatedUpdateSeq=-1]</logEntry>
                                <logEntry id="1656433057686" messageType="General">==Column=&gt; MasterServicesAgreement = PrimitiveValueImpl [ value: MSA-01, valueId=null, createdUpdateSeq=-1, updatedUpdateSeq=-1]</logEntry>
                                <logEntry id="1656433057702" messageType="General">==Column=&gt; MSADescription = PrimitiveValueImpl [ value: MSA Description1, valueId=null, createdUpdateSeq=-1, updatedUpdateSeq=-1]</logEntry>
                                <logEntry id="1656433057702" messageType="General">==Column=&gt; MSAResponsibleUser = PrimitiveValueImpl [ value: Provar Automation, valueId=null, createdUpdateSeq=-1, updatedUpdateSeq=-1]</logEntry>
                                <logEntry id="1656433057702" messageType="General">==Column=&gt; MSAIsActive = null</logEntry>
                                <logEntry id="1656433057702" logLevel="Update" messageType="General">Loaded 1 rows from Parameter Value Source.</logEntry>
                              </logEntries>
                            </executionItem>
                            <executionItem endedUtc="1656433057702" executionErrorCount="0" executionStatus="Executed" executionWarningCount="0" failureCount="0" id="root:plans:Recurring_Billing:CRUD-Master Services Agreement Template.testinstance:CRUD-Master Services Agreement Template.testcase:20:590:591:595:596:597:816" iterationIndex="-1" skippedCount="0" startedUtc="1656433057702" successfulCount="1" testApiId="com.provar.plugins.bundled.apis.control.Break" testItemClass="IApiCall" title="Break">
                              <childItems/>
                              <logEntries>
                                <logEntry id="1656433057702" messageType="General">BREAK</logEntry>
                              </logEntries>
                            </executionItem>
                          </childItems>
                        </executionItem>
                      </childItems>
                      <logEntries>
                        <logEntry id="1656433057605" messageType="General">Processing because the values match.  Switch Value: AutomationOrg, Value: AutomationOrg</logEntry>
                      </logEntries>
                    </executionItem>
                  </childItems>
                </executionItem>
                <executionItem endedUtc="0" executionErrorCount="0" executionWarningCount="0" failureCount="0" id="root:plans:Recurring_Billing:CRUD-Master Services Agreement Template.testinstance:CRUD-Master Services Agreement Template.testcase:20:590:591:600" iterationIndex="-1" skippedCount="0" startedUtc="0" successfulCount="0" testClauseName="default" testItemClass="ITestClause" title="Default">
                  <childItems>
                    <executionItem endedUtc="0" executionErrorCount="0" executionWarningCount="0" failureCount="0" id="root:plans:Recurring_Billing:CRUD-Master Services Agreement Template.testinstance:CRUD-Master Services Agreement Template.testcase:20:590:591:600:601" iterationIndex="-1" skippedCount="0" startedUtc="0" successfulCount="0" testApiId="com.provar.plugins.bundled.apis.SwitchDefault" testItemClass="IApiCall" title="Default">
                      <childItems>
                        <executionItem endedUtc="0" executionErrorCount="0" executionWarningCount="0" failureCount="0" id="root:plans:Recurring_Billing:CRUD-Master Services Agreement Template.testinstance:CRUD-Master Services Agreement Template.testcase:20:590:591:600:601:602" iterationIndex="-1" skippedCount="0" startedUtc="0" successfulCount="0" testClauseName="steps" testItemClass="ITestClause" title="Steps">
                          <childItems/>
                        </executionItem>
                      </childItems>
                    </executionItem>
                  </childItems>
                </executionItem>
              </childItems>
            </executionItem>
          </childItems>
        </executionItem>
      </childItems>
    </executionItem>
    <executionItem endedUtc="1656433122276" executionErrorCount="0" executionStatus="Executed" executionWarningCount="0" failureCount="0" id="root:plans:Recurring_Billing:CRUD-Master Services Agreement Template.testinstance:CRUD-Master Services Agreement Template.testcase:36" iterationIndex="-1" skippedCount="0" startedUtc="1656433057717" successfulCount="1" testApiId="com.provar.plugins.bundled.apis.control.ForEach" testItemClass="IApiCall" title="Process reords">
      <childItems>
        <executionItem endedUtc="1656433122271" executionErrorCount="0" executionStatus="Executed" executionWarningCount="0" failureCount="0" id="root:plans:Recurring_Billing:CRUD-Master Services Agreement Template.testinstance:CRUD-Master Services Agreement Template.testcase:36:37.0" iterationIndex="0" skippedCount="0" startedUtc="1656433057717" successfulCount="1" testClauseName="substeps" testItemClass="ITestClause" title="Iteration 1">
          <childItems>
            <executionItem endedUtc="1656433092975" executionErrorCount="0" executionStatus="Executed" executionWarningCount="0" failureCount="0" id="root:plans:Recurring_Billing:CRUD-Master Services Agreement Template.testinstance:CRUD-Master Services Agreement Template.testcase:36:37.0:53" iterationIndex="-1" skippedCount="0" startedUtc="1656433057717" successfulCount="1" testItemClass="ITestCaseCall" title="Call Create Master Services Agreement Template ">
              <childItems>
                <executionItem endedUtc="1656433092975" executionErrorCount="0" executionStatus="Executed" executionWarningCount="0" failureCount="0" id="root:plans:Recurring_Billing:CRUD-Master Services Agreement Template.testinstance:CRUD-Master Services Agreement Template.testcase:36:37.0:53:Create Master Services Agreement Template .testcase" iterationIndex="-1" skippedCount="0" startedUtc="1656433057717" successfulCount="1" testCasePath="D:\\provar\\EventDemo\\Parallel-Execution\\tests\\CPQ and Contract\\Callable" testItemClass="ITestCase" title="Create Master Services Agreement Template ">
                  <testItemSummary/>
                  <childItems>
                    <executionItem endedUtc="1656433057717" executionErrorCount="0" executionStatus="Executed" executionWarningCount="0" failureCount="0" id="root:plans:Recurring_Billing:CRUD-Master Services Agreement Template.testinstance:CRUD-Master Services Agreement Template.testcase:36:37.0:53:Create Master Services Agreement Template .testcase:1" iterationIndex="-1" skippedCount="0" startedUtc="1656433057717" successfulCount="1" testApiId="com.provar.plugins.forcedotcom.core.testapis.ApexConnect" testItemClass="IApiCall" title="Salesforce Connect: SFConnection (Test)">
                      <childItems/>
                      <logEntries>
                        <logEntry id="1656433057717" messageType="General">Connecting to Salesforce as QARSF_Admin</logEntry>
                        <logEntry id="1656433057717" logLevel="Update" messageType="General">Re-using existing connection. Connection: QARSF_Admin, Result Name: SFConnection</logEntry>
                      </logEntries>
                    </executionItem>
                    <executionItem endedUtc="1656433082887" executionErrorCount="0" executionStatus="Executed" executionWarningCount="0" failureCount="0" id="root:plans:Recurring_Billing:CRUD-Master Services Agreement Template.testinstance:CRUD-Master Services Agreement Template.testcase:36:37.0:53:Create Master Services Agreement Template .testcase:2" iterationIndex="-1" skippedCount="0" startedUtc="1656433057717" successfulCount="1" testApiId="com.provar.plugins.forcedotcom.core.ui.UiWithScreen" testItemClass="IApiCall" title="On SF Master Services Agreement Template New screen">
                      <childItems>
                        <executionItem endedUtc="1656433078417" executionErrorCount="0" executionStatus="Executed" executionWarningCount="0" failureCount="0" id="root:plans:Recurring_Billing:CRUD-Master Services Agreement Template.testinstance:CRUD-Master Services Agreement Template.testcase:36:37.0:53:Create Master Services Agreement Template .testcase:2:6" iterationIndex="-1" skippedCount="0" startedUtc="1656433078416" successfulCount="1" testClauseName="substeps" testItemClass="ITestClause" title="Sub Steps">
                          <childItems/>
                        </executionItem>
                      </childItems>
                      <logEntries>
                        <logEntry id="1656433057717" messageType="General">Start of With Screen.  Connection Name: SFConnection, target: sf:ui:target?object=rstk__somsa__c&amp;action=New</logEntry>
                        <logEntry id="1656433057717" messageType="General">Opening Chrome webdriver instance to https://automationtesting2.my.salesforce.com/secur/frontdoor.jsp</logEntry>
                        <logEntry id="1656433057717" logLevel="Debug" messageType="General">Add Chrome browser specific capabilities</logEntry>
                        <logEntry id="1656433057717" logLevel="Trace" messageType="General">Using executable from UserHome Provar.  executable: C:\\Users\\Mayur\\Provar\\.chromeDriver\\chromedriver.exe</logEntry>
                        <logEntry id="1656433057733" logLevel="Trace" messageType="General">Added Chrome command line switch to bypass proxy for local addresses: --proxy-bypass-list=localhost,127.0.0.1,192.168.1.14</logEntry>
                        <logEntry id="1656433057733" logLevel="Trace" messageType="General">Added desired capability for Chrome browser proxy Null</logEntry>
                        <logEntry id="1656433057733" logLevel="Trace" messageType="General">Using executable from UserHome Provar.  executable: C:\\Users\\Mayur\\Provar\\.chromeDriver\\chromedriver.exe</logEntry>
                        <logEntry id="1656433059374" logLevel="Update" messageType="General">Successfully opened Chrome webdriver to https://automationtesting2.my.salesforce.com/secur/frontdoor.jsp</logEntry>
                        <logEntry id="1656433060878" messageType="General">Opening Page context.  Name: screen, data: null, frame: null</logEntry>
                        <logEntry id="1656433060880" messageType="General">Opening Salesforce page.  Object: rstk__somsa__c, RelatedList: null, Action: New, Page URL: /a6u/e, Current URL: chrome://new-tab-page/</logEntry>
                        <logEntry id="1656433060881" messageType="General">Opening Salesforce user home page</logEntry>
                        <logEntry id="1656433061672" logLevel="Debug" messageType="General">Navigate to home page</logEntry>
                        <logEntry id="1656433061689" logLevel="Trace" messageType="General">Opening page.  URL: https://automationtesting2.my.salesforce.com/secur/frontdoor.jsp?retURL=/home/home.jsp&amp;sid={accessToken}</logEntry>
                        <logEntry id="1656433067258" logLevel="Debug" messageType="General">Perform page load wait</logEntry>
                        <logEntry id="1656433068267" logLevel="Trace" messageType="General">Start of waitForPageToLoad. Timeout(ms): 90000</logEntry>
                        <logEntry id="1656433068299" logLevel="Trace" messageType="General">Re-attempting of waitForPageToLoad.  Timeout(ms): 90000</logEntry>
                        <logEntry id="1656433068330" logLevel="Trace" messageType="General">End of waitForPageToLoad.  Duration(ms): 63</logEntry>
                        <logEntry id="1656433068408" logLevel="Trace" messageType="General">Qualified relative URL.  URL: https://automationtesting2.my.salesforce.com/a6u/e</logEntry>
                        <logEntry id="1656433068408" logLevel="Trace" messageType="General">Opening page.  Requested URL: /a6u/e, Absolute URL: https://automationtesting2.my.salesforce.com/a6u/e?//automationtesting2.my.salesforce.com/a6u/e=</logEntry>
                        <logEntry id="1656433073204" logLevel="Debug" messageType="General">Perform page load wait</logEntry>
                        <logEntry id="1656433073266" logLevel="Update" messageType="General">Successfully opened user home page</logEntry>
                        <logEntry id="1656433078273" messageType="General">Going to update browser window handles.</logEntry>
                        <logEntry id="1656433078273" logLevel="Debug" messageType="General">Update browser window handles.</logEntry>
                        <logEntry id="1656433078416" logLevel="Update" messageType="General">Successfully updated browser window handles.</logEntry>
                        <logEntry id="1656433078420" messageType="General">All Sub-Test Steps were successful.</logEntry>
                        <logEntry id="1656433078544" messageType="General">Switched focus to main window.  URL: https://automationtesting2--rstk.visualforce.com/apex/somsa?save_new=1&amp;sfdc.override=1</logEntry>
                        <logEntry id="1656433078544" logLevel="Trace" messageType="General">Start of waitForPageToLoad. Timeout(ms): 90000</logEntry>
                        <logEntry id="1656433078575" logLevel="Trace" messageType="General">Re-attempting of waitForPageToLoad.  Timeout(ms): 90000</logEntry>
                        <logEntry id="1656433078608" logLevel="Trace" messageType="General">End of waitForPageToLoad.  Duration(ms): 64</logEntry>
                        <logEntry id="1656433078641" messageType="General">Fetching created Id from URL</logEntry>
                        <logEntry id="1656433080678" messageType="General">Reattempting for the createdId</logEntry>
                        <logEntry id="1656433080696" messageType="General">Reattempting for the createdId</logEntry>
                        <logEntry id="1656433080710" messageType="General">Reattempting for the createdId</logEntry>
                        <logEntry id="1656433080726" messageType="General">Discarding created Salesforce Object Id because no Result Name was specified.</logEntry>
                        <logEntry id="1656433080727" messageType="General">Closing Page context.  Name: screen, data: null, frame: null</logEntry>
                        <logEntry id="1656433080729" messageType="General">Main window reselected.  Window: main</logEntry>
                        <logEntry id="1656433080794" messageType="General">Switched focus to main window.  URL: https://automationtesting2--rstk.visualforce.com/apex/somsa?save_new=1&amp;sfdc.override=1</logEntry>
                        <logEntry id="1656433082807" messageType="General">Going to update browser window handles.</logEntry>
                        <logEntry id="1656433082807" logLevel="Debug" messageType="General">Update browser window handles.</logEntry>
                        <logEntry id="1656433082887" logLevel="Update" messageType="General">Successfully updated browser window handles.</logEntry>
                      </logEntries>
                    </executionItem>
                    <executionItem endedUtc="1656433092975" executionErrorCount="0" executionStatus="Executed" executionWarningCount="0" failureCount="0" id="root:plans:Recurring_Billing:CRUD-Master Services Agreement Template.testinstance:CRUD-Master Services Agreement Template.testcase:36:37.0:53:Create Master Services Agreement Template .testcase:3" iterationIndex="-1" skippedCount="0" startedUtc="1656433082887" successfulCount="1" testApiId="com.provar.plugins.forcedotcom.core.ui.UiWithScreen" testItemClass="IApiCall" title="On SF rstk__somsa page with pageobject Rstk__somsa">
                      <childItems>
                        <executionItem endedUtc="1656433090746" executionErrorCount="0" executionStatus="Executed" executionWarningCount="0" failureCount="0" id="root:plans:Recurring_Billing:CRUD-Master Services Agreement Template.testinstance:CRUD-Master Services Agreement Template.testcase:36:37.0:53:Create Master Services Agreement Template .testcase:3:8" iterationIndex="-1" skippedCount="0" startedUtc="1656433083063" successfulCount="1" testClauseName="substeps" testItemClass="ITestClause" title="Sub Steps">
                          <childItems>
                            <executionItem endedUtc="1656433084080" executionErrorCount="0" executionStatus="Executed" executionWarningCount="0" failureCount="0" id="root:plans:Recurring_Billing:CRUD-Master Services Agreement Template.testinstance:CRUD-Master Services Agreement Template.testcase:36:37.0:53:Create Master Services Agreement Template .testcase:3:8:9" iterationIndex="-1" skippedCount="0" startedUtc="1656433083063" successfulCount="1" testApiId="com.provar.plugins.forcedotcom.core.ui.UiDoAction" testItemClass="IApiCall" title="Set the Master Services Agreement field to MSA-01">
                              <childItems/>
                              <logEntries>
                                <logEntry id="1656433083067" messageType="General">Start of Interact.  Connection: SFConnection, Locator: ui:locator?name=masterServicesAgreement, before wait: default, after wait: default, auto retry: default</logEntry>
                                <logEntry id="1656433083141" messageType="General">Locator: ui:locator?name=masterServicesAgreement</logEntry>
                                <logEntry id="1656433083141" messageType="General">Interaction: ui:interaction?name=set</logEntry>
                                <logEntry id="1656433083209" messageType="General">Switched focus to main window.  URL: https://automationtesting2--rstk.visualforce.com/apex/somsa?save_new=1&amp;sfdc.override=1</logEntry>
                                <logEntry id="1656433083330" messageType="General">Doing before wait.  waitUrl: default</logEntry>
                                <logEntry id="1656433083330" messageType="General">End of &amp;lt;default&amp;gt; wait.</logEntry>
                                <logEntry id="1656433083330" messageType="General">Doing after wait.  waitUrl: default</logEntry>
                                <logEntry id="1656433083401" messageType="General">Got webElement.  tagName: INPUT, id: pg:fm:pb:pbs_Main:j_id100:somsa_title__c, type: text, selector: null</logEntry>
                                <logEntry id="1656433083653" messageType="General">Typing value.  tagName: INPUT, type: text, value: MSA-01, blur: false, selector: null</logEntry>
                                <logEntry id="1656433084018" messageType="General">Doing after wait.  waitUrl: default</logEntry>
                                <logEntry id="1656433084019" messageType="General">End of &amp;lt;default&amp;gt; wait.</logEntry>
                                <logEntry id="1656433084019" messageType="General">Going to update browser window handles.</logEntry>
                                <logEntry id="1656433084019" logLevel="Debug" messageType="General">Update browser window handles.</logEntry>
                                <logEntry id="1656433084080" logLevel="Update" messageType="General">Successfully updated browser window handles.</logEntry>
                              </logEntries>
                            </executionItem>
                            <executionItem endedUtc="1656433085355" executionErrorCount="0" executionStatus="Executed" executionWarningCount="0" failureCount="0" id="root:plans:Recurring_Billing:CRUD-Master Services Agreement Template.testinstance:CRUD-Master Services Agreement Template.testcase:36:37.0:53:Create Master Services Agreement Template .testcase:3:8:10" iterationIndex="-1" skippedCount="0" startedUtc="1656433084080" successfulCount="1" testApiId="com.provar.plugins.forcedotcom.core.ui.UiDoAction" testItemClass="IApiCall" title="Set the M SA Description field to MSA Description1">
                              <childItems/>
                              <logEntries>
                                <logEntry id="1656433084080" messageType="General">Start of Interact.  Connection: SFConnection, Locator: ui:locator?name=mSADescription, before wait: default, after wait: default, auto retry: default</logEntry>
                                <logEntry id="1656433084159" messageType="General">Locator: ui:locator?name=mSADescription</logEntry>
                                <logEntry id="1656433084159" messageType="General">Interaction: ui:interaction?name=set</logEntry>
                                <logEntry id="1656433084222" messageType="General">Switched focus to main window.  URL: https://automationtesting2--rstk.visualforce.com/apex/somsa?save_new=1&amp;sfdc.override=1</logEntry>
                                <logEntry id="1656433084771" messageType="General">Doing before wait.  waitUrl: default</logEntry>
                                <logEntry id="1656433084771" messageType="General">End of &amp;lt;default&amp;gt; wait.</logEntry>
                                <logEntry id="1656433084771" messageType="General">Doing after wait.  waitUrl: default</logEntry>
                                <logEntry id="1656433084839" messageType="General">Got webElement.  tagName: TEXTAREA, id: pg:fm:pb:pbs_Main:somsa_desc__c, type: text, selector: null</logEntry>
                                <logEntry id="1656433084988" messageType="General">Typing value.  tagName: TEXTAREA, type: text, value: MSA Description1, blur: false, selector: null</logEntry>
                                <logEntry id="1656433085303" messageType="General">Doing after wait.  waitUrl: default</logEntry>
                                <logEntry id="1656433085303" messageType="General">End of &amp;lt;default&amp;gt; wait.</logEntry>
                                <logEntry id="1656433085304" messageType="General">Going to update browser window handles.</logEntry>
                                <logEntry id="1656433085304" logLevel="Debug" messageType="General">Update browser window handles.</logEntry>
                                <logEntry id="1656433085355" logLevel="Update" messageType="General">Successfully updated browser window handles.</logEntry>
                              </logEntries>
                            </executionItem>
                            <executionItem endedUtc="1656433086131" executionErrorCount="0" executionStatus="Executed" executionWarningCount="0" failureCount="0" id="root:plans:Recurring_Billing:CRUD-Master Services Agreement Template.testinstance:CRUD-Master Services Agreement Template.testcase:36:37.0:53:Create Master Services Agreement Template .testcase:3:8:11" iterationIndex="-1" skippedCount="0" startedUtc="1656433085355" successfulCount="1" testApiId="com.provar.plugins.forcedotcom.core.ui.UiDoAction" testItemClass="IApiCall" title="Set the M SA Responsible User select to Provar Automation">
                              <childItems/>
                              <logEntries>
                                <logEntry id="1656433085358" messageType="General">Start of Interact.  Connection: SFConnection, Locator: ui:locator?name=mSAResponsibleUser, before wait: default, after wait: default, auto retry: default</logEntry>
                                <logEntry id="1656433085443" messageType="General">Locator: ui:locator?name=mSAResponsibleUser</logEntry>
                                <logEntry id="1656433085443" messageType="General">Interaction: ui:interaction?name=set</logEntry>
                                <logEntry id="1656433085506" messageType="General">Switched focus to main window.  URL: https://automationtesting2--rstk.visualforce.com/apex/somsa?save_new=1&amp;sfdc.override=1</logEntry>
                                <logEntry id="1656433085617" messageType="General">Doing before wait.  waitUrl: default</logEntry>
                                <logEntry id="1656433085617" messageType="General">End of &amp;lt;default&amp;gt; wait.</logEntry>
                                <logEntry id="1656433085626" messageType="General">Doing after wait.  waitUrl: default</logEntry>
                                <logEntry id="1656433085694" messageType="General">Got webElement.  tagName: SELECT, id: pg:fm:pb:pbs_Main:j_id104:somsa_resp__c, type: null, selector: null</logEntry>
                                <logEntry id="1656433086080" messageType="General">Doing after wait.  waitUrl: default</logEntry>
                                <logEntry id="1656433086081" messageType="General">End of &amp;lt;default&amp;gt; wait.</logEntry>
                                <logEntry id="1656433086081" messageType="General">Going to update browser window handles.</logEntry>
                                <logEntry id="1656433086081" logLevel="Debug" messageType="General">Update browser window handles.</logEntry>
                                <logEntry id="1656433086131" logLevel="Update" messageType="General">Successfully updated browser window handles.</logEntry>
                              </logEntries>
                            </executionItem>
                            <executionItem endedUtc="1656433086131" executionErrorCount="0" executionStatus="Executed" executionWarningCount="0" failureCount="0" id="root:plans:Recurring_Billing:CRUD-Master Services Agreement Template.testinstance:CRUD-Master Services Agreement Template.testcase:36:37.0:53:Create Master Services Agreement Template .testcase:3:8:5" iterationIndex="-1" skippedCount="0" startedUtc="1656433086131" successfulCount="1" testApiId="com.provar.plugins.bundled.apis.If" testItemClass="IApiCall" title="If: {ip_MSAisActive = true}">
                              <childItems>
                                <executionItem endedUtc="0" executionErrorCount="0" executionWarningCount="0" failureCount="0" id="root:plans:Recurring_Billing:CRUD-Master Services Agreement Template.testinstance:CRUD-Master Services Agreement Template.testcase:36:37.0:53:Create Master Services Agreement Template .testcase:3:8:5:7" iterationIndex="-1" skippedCount="0" startedUtc="0" successfulCount="0" testClauseName="then" testItemClass="ITestClause" title="Then">
                                  <childItems>
                                    <executionItem endedUtc="0" executionErrorCount="0" executionWarningCount="0" failureCount="0" id="root:plans:Recurring_Billing:CRUD-Master Services Agreement Template.testinstance:CRUD-Master Services Agreement Template.testcase:36:37.0:53:Create Master Services Agreement Template .testcase:3:8:5:7:12" iterationIndex="-1" skippedCount="0" startedUtc="0" successfulCount="0" testApiId="com.provar.plugins.forcedotcom.core.ui.UiDoAction" testItemClass="IApiCall" title="Check the M SA Is Active field">
                                      <childItems/>
                                    </executionItem>
                                  </childItems>
                                </executionItem>
                              </childItems>
                            </executionItem>
                            <executionItem endedUtc="1656433090746" executionErrorCount="0" executionStatus="Executed" executionWarningCount="0" failureCount="0" id="root:plans:Recurring_Billing:CRUD-Master Services Agreement Template.testinstance:CRUD-Master Services Agreement Template.testcase:36:37.0:53:Create Master Services Agreement Template .testcase:3:8:13" iterationIndex="-1" skippedCount="0" startedUtc="1656433086131" successfulCount="1" testApiId="com.provar.plugins.forcedotcom.core.ui.UiDoAction" testItemClass="IApiCall" title="Click the Save button">
                              <childItems/>
                              <logEntries>
                                <logEntry id="1656433086146" messageType="General">Start of Interact.  Connection: SFConnection, Locator: ui:locator?name=save, before wait: default, after wait: default, auto retry: default</logEntry>
                                <logEntry id="1656433086225" messageType="General">Locator: ui:locator?name=save</logEntry>
                                <logEntry id="1656433086225" messageType="General">Interaction: ui:interaction?name=action</logEntry>
                                <logEntry id="1656433086303" messageType="General">Switched focus to main window.  URL: https://automationtesting2--rstk.visualforce.com/apex/somsa?save_new=1&amp;sfdc.override=1</logEntry>
                                <logEntry id="1656433086335" messageType="General">Doing before wait.  waitUrl: default</logEntry>
                                <logEntry id="1656433086335" messageType="General">End of &amp;lt;default&amp;gt; wait.</logEntry>
                                <logEntry id="1656433086335" messageType="General">Doing after wait.  waitUrl: default</logEntry>
                                <logEntry id="1656433086635" messageType="General">Clicking WebElement.  WebElement [tag: input, text: Save]</logEntry>
                                <logEntry id="1656433086670" messageType="General">Doing after wait.  waitUrl: default</logEntry>
                                <logEntry id="1656433086671" messageType="General">waitAnno: @com.provar.core.testapi.annotations.PageObjectWait(implementation=class com.provar.core.testapi.BackgroundActivityWait)</logEntry>
                                <logEntry id="1656433086672" messageType="General">Doing background activity wait.  Timeout(seconds): 60, Interval(milliseconds): 500</logEntry>
                                <logEntry id="1656433090685" logLevel="Update" messageType="General">Background activity wait successful.  Actual duration(seconds): 4.015</logEntry>
                                <logEntry id="1656433090686" messageType="General">End of &amp;lt;default&amp;gt; wait.</logEntry>
                                <logEntry id="1656433090687" messageType="General">Going to update browser window handles.</logEntry>
                                <logEntry id="1656433090687" logLevel="Debug" messageType="General">Update browser window handles.</logEntry>
                                <logEntry id="1656433090745" logLevel="Update" messageType="General">Successfully updated browser window handles.</logEntry>
                              </logEntries>
                            </executionItem>
                          </childItems>
                        </executionItem>
                      </childItems>
                      <logEntries>
                        <logEntry id="1656433082894" messageType="General">Start of With Screen.  Connection Name: SFConnection, target: sf:ui:target?pageObject=pageobjects.rstk__somsa&amp;page=rstk__somsa</logEntry>
                        <logEntry id="1656433082983" messageType="General">Opening Page context.  Name: screen, data: null, frame: null</logEntry>
                        <logEntry id="1656433083009" messageType="General">Going to update browser window handles.</logEntry>
                        <logEntry id="1656433083009" logLevel="Debug" messageType="General">Update browser window handles.</logEntry>
                        <logEntry id="1656433083063" logLevel="Update" messageType="General">Successfully updated browser window handles.</logEntry>
                        <logEntry id="1656433090748" messageType="General">All Sub-Test Steps were successful.</logEntry>
                        <logEntry id="1656433090824" messageType="General">Closing Page context.  Name: screen, data: null, frame: null</logEntry>
                        <logEntry id="1656433090825" messageType="General">Main window reselected.  Window: main</logEntry>
                        <logEntry id="1656433090887" messageType="General">Switched focus to main window.  URL: https://automationtesting2--rstk.visualforce.com/apex/somsa?actionType=view&amp;id=a6u5f000000yeon</logEntry>
                        <logEntry id="1656433092897" messageType="General">Going to update browser window handles.</logEntry>
                        <logEntry id="1656433092897" logLevel="Debug" messageType="General">Update browser window handles.</logEntry>
                        <logEntry id="1656433092975" logLevel="Update" messageType="General">Successfully updated browser window handles.</logEntry>
                      </logEntries>
                    </executionItem>
                  </childItems>
                </executionItem>
              </childItems>
              <logEntries>
                <logEntry id="1656433092975" messageType="General">Handling managed resource.  Name: SFConnection</logEntry>
                <logEntry id="1656433092975" logLevel="Debug" messageType="General">Not closing Salesforce Connection because it is still being used.  Name: SFConnection</logEntry>
                <logEntry id="1656433092975" logLevel="Update" messageType="General">Salesforce Connection handled successfully.  Name: SFConnection</logEntry>
              </logEntries>
            </executionItem>
            <executionItem endedUtc="1656433093023" executionErrorCount="0" executionStatus="Executed" executionWarningCount="0" failureCount="0" id="root:plans:Recurring_Billing:CRUD-Master Services Agreement Template.testinstance:CRUD-Master Services Agreement Template.testcase:36:37.0:54" iterationIndex="-1" skippedCount="0" startedUtc="1656433092975" successfulCount="1" testApiId="com.provar.plugins.bundled.apis.control.StepGroup" testItemClass="IApiCall" title="Read excel data based on selected environment">
              <childItems>
                <executionItem endedUtc="1656433093023" executionErrorCount="0" executionStatus="Executed" executionWarningCount="0" failureCount="0" id="root:plans:Recurring_Billing:CRUD-Master Services Agreement Template.testinstance:CRUD-Master Services Agreement Template.testcase:36:37.0:54:55" iterationIndex="-1" skippedCount="0" startedUtc="1656433092975" successfulCount="1" testClauseName="hidden" testItemClass="ITestClause" title="Steps">
                  <childItems>
                    <executionItem endedUtc="1656433093023" executionErrorCount="0" executionStatus="Executed" executionWarningCount="0" failureCount="0" id="root:plans:Recurring_Billing:CRUD-Master Services Agreement Template.testinstance:CRUD-Master Services Agreement Template.testcase:36:37.0:54:55:56" iterationIndex="-1" skippedCount="0" startedUtc="1656433092975" successfulCount="1" testApiId="com.provar.plugins.bundled.apis.Switch" testItemClass="IApiCall" title="Switch: AutomationOrg">
                      <childItems>
                        <executionItem endedUtc="1656433093023" executionErrorCount="0" executionStatus="Executed" executionWarningCount="0" failureCount="0" id="root:plans:Recurring_Billing:CRUD-Master Services Agreement Template.testinstance:CRUD-Master Services Agreement Template.testcase:36:37.0:54:55:56:57" iterationIndex="-1" skippedCount="0" startedUtc="1656433092975" successfulCount="1" testClauseName="case" testItemClass="ITestClause" title="Case">
                          <childItems>
                            <executionItem endedUtc="1656433093023" executionErrorCount="0" executionStatus="Executed" executionWarningCount="0" failureCount="0" id="root:plans:Recurring_Billing:CRUD-Master Services Agreement Template.testinstance:CRUD-Master Services Agreement Template.testcase:36:37.0:54:55:56:57:58" iterationIndex="-1" skippedCount="0" startedUtc="1656433092975" successfulCount="1" testApiId="com.provar.plugins.bundled.apis.SwitchCase" testItemClass="IApiCall" title="Case: AutomationOrg">
                              <childItems>
                                <executionItem endedUtc="1656433093020" executionErrorCount="0" executionStatus="Executed" executionWarningCount="0" failureCount="0" id="root:plans:Recurring_Billing:CRUD-Master Services Agreement Template.testinstance:CRUD-Master Services Agreement Template.testcase:36:37.0:54:55:56:57:58:59" iterationIndex="-1" skippedCount="0" startedUtc="1656433092975" successfulCount="1" testClauseName="steps" testItemClass="ITestClause" title="Steps">
                                  <childItems>
                                    <executionItem endedUtc="1656433093007" executionErrorCount="0" executionStatus="Executed" executionWarningCount="0" failureCount="0" id="root:plans:Recurring_Billing:CRUD-Master Services Agreement Template.testinstance:CRUD-Master Services Agreement Template.testcase:36:37.0:54:55:56:57:58:59:60" iterationIndex="-1" skippedCount="0" startedUtc="1656433092975" successfulCount="1" testApiId="com.provar.plugins.bundled.apis.control.StepGroup" testItemClass="IApiCall" title="Read Exel Data-Update">
                                      <childItems>
                                        <executionItem endedUtc="1656433093007" executionErrorCount="0" executionStatus="Executed" executionWarningCount="0" failureCount="0" id="root:plans:Recurring_Billing:CRUD-Master Services Agreement Template.testinstance:CRUD-Master Services Agreement Template.testcase:36:37.0:54:55:56:57:58:59:60:61" iterationIndex="-1" skippedCount="0" startedUtc="1656433093007" successfulCount="1" testClauseName="hidden" testItemClass="ITestClause" title="Steps">
                                          <childItems/>
                                        </executionItem>
                                      </childItems>
                                      <logEntries>
                                        <logEntry id="1656433092975" messageType="ParameterValueSource">Loading data from Parameter Value Source ...</logEntry>
                                        <logEntry id="1656433093007" messageType="General">Loading Parameter Value Source row 1:</logEntry>
                                        <logEntry id="1656433093007" messageType="General">==Column=&gt; RowNumber = PrimitiveValueImpl [ value: 2, valueId=null, createdUpdateSeq=-1, updatedUpdateSeq=-1]</logEntry>
                                        <logEntry id="1656433093007" messageType="General">==Column=&gt; MasterServicesAgreement = PrimitiveValueImpl [ value: MSA-01, valueId=null, createdUpdateSeq=-1, updatedUpdateSeq=-1]</logEntry>
                                        <logEntry id="1656433093007" messageType="General">==Column=&gt; MSADescription = PrimitiveValueImpl [ value: MSA description update, valueId=null, createdUpdateSeq=-1, updatedUpdateSeq=-1]</logEntry>
                                        <logEntry id="1656433093007" messageType="General">==Column=&gt; MSAResponsibleUser = PrimitiveValueImpl [ value: Mayur Suryawanshi, valueId=null, createdUpdateSeq=-1, updatedUpdateSeq=-1]</logEntry>
                                        <logEntry id="1656433093007" messageType="General">==Column=&gt; MSAIsActive = PrimitiveValueImpl [ value: true, valueId=null, createdUpdateSeq=-1, updatedUpdateSeq=-1]</logEntry>
                                        <logEntry id="1656433093007" logLevel="Update" messageType="General">Loaded 1 rows from Parameter Value Source.</logEntry>
                                      </logEntries>
                                    </executionItem>
                                    <executionItem endedUtc="1656433093020" executionErrorCount="0" executionStatus="Executed" executionWarningCount="0" failureCount="0" id="root:plans:Recurring_Billing:CRUD-Master Services Agreement Template.testinstance:CRUD-Master Services Agreement Template.testcase:36:37.0:54:55:56:57:58:59:62" iterationIndex="-1" skippedCount="0" startedUtc="1656433093007" successfulCount="1" testApiId="com.provar.plugins.bundled.apis.control.Break" testItemClass="IApiCall" title="Break">
                                      <childItems/>
                                      <logEntries>
                                        <logEntry id="1656433093020" messageType="General">BREAK</logEntry>
                                      </logEntries>
                                    </executionItem>
                                  </childItems>
                                </executionItem>
                              </childItems>
                              <logEntries>
                                <logEntry id="1656433092975" messageType="General">Processing because the values match.  Switch Value: AutomationOrg, Value: AutomationOrg</logEntry>
                              </logEntries>
                            </executionItem>
                          </childItems>
                        </executionItem>
                        <executionItem endedUtc="0" executionErrorCount="0" executionWarningCount="0" failureCount="0" id="root:plans:Recurring_Billing:CRUD-Master Services Agreement Template.testinstance:CRUD-Master Services Agreement Template.testcase:36:37.0:54:55:56:63" iterationIndex="-1" skippedCount="0" startedUtc="0" successfulCount="0" testClauseName="default" testItemClass="ITestClause" title="Default">
                          <childItems>
                            <executionItem endedUtc="0" executionErrorCount="0" executionWarningCount="0" failureCount="0" id="root:plans:Recurring_Billing:CRUD-Master Services Agreement Template.testinstance:CRUD-Master Services Agreement Template.testcase:36:37.0:54:55:56:63:64" iterationIndex="-1" skippedCount="0" startedUtc="0" successfulCount="0" testApiId="com.provar.plugins.bundled.apis.SwitchDefault" testItemClass="IApiCall" title="Default">
                              <childItems>
                                <executionItem endedUtc="0" executionErrorCount="0" executionWarningCount="0" failureCount="0" id="root:plans:Recurring_Billing:CRUD-Master Services Agreement Template.testinstance:CRUD-Master Services Agreement Template.testcase:36:37.0:54:55:56:63:64:65" iterationIndex="-1" skippedCount="0" startedUtc="0" successfulCount="0" testClauseName="steps" testItemClass="ITestClause" title="Steps">
                                  <childItems/>
                                </executionItem>
                              </childItems>
                            </executionItem>
                          </childItems>
                        </executionItem>
                      </childItems>
                    </executionItem>
                  </childItems>
                </executionItem>
              </childItems>
            </executionItem>
            <executionItem endedUtc="1656433108980" executionErrorCount="0" executionStatus="Executed" executionWarningCount="0" failureCount="0" id="root:plans:Recurring_Billing:CRUD-Master Services Agreement Template.testinstance:CRUD-Master Services Agreement Template.testcase:36:37.0:78" iterationIndex="-1" skippedCount="0" startedUtc="1656433093023" successfulCount="1" testApiId="com.provar.plugins.bundled.apis.control.ForEach" testItemClass="IApiCall" title="Update Master Services Agreement Template">
              <childItems>
                <executionItem endedUtc="1656433108973" executionErrorCount="0" executionStatus="Executed" executionWarningCount="0" failureCount="0" id="root:plans:Recurring_Billing:CRUD-Master Services Agreement Template.testinstance:CRUD-Master Services Agreement Template.testcase:36:37.0:78:79.0" iterationIndex="0" skippedCount="0" startedUtc="1656433093023" successfulCount="1" testClauseName="substeps" testItemClass="ITestClause" title="Iteration 1">
                  <childItems>
                    <executionItem endedUtc="1656433108973" executionErrorCount="0" executionStatus="Executed" executionWarningCount="0" failureCount="0" id="root:plans:Recurring_Billing:CRUD-Master Services Agreement Template.testinstance:CRUD-Master Services Agreement Template.testcase:36:37.0:78:79.0:7" iterationIndex="-1" skippedCount="0" startedUtc="1656433093023" successfulCount="1" testApiId="com.provar.plugins.forcedotcom.core.ui.UiWithScreen" testItemClass="IApiCall" title="On SF rstk__somsa page with pageobject Rstk__somsa">
                      <childItems>
                        <executionItem endedUtc="1656433106742" executionErrorCount="0" executionStatus="Executed" executionWarningCount="0" failureCount="0" id="root:plans:Recurring_Billing:CRUD-Master Services Agreement Template.testinstance:CRUD-Master Services Agreement Template.testcase:36:37.0:78:79.0:7:8" iterationIndex="-1" skippedCount="0" startedUtc="1656433093195" successfulCount="1" testClauseName="substeps" testItemClass="ITestClause" title="Sub Steps">
                          <childItems>
                            <executionItem endedUtc="1656433093753" executionErrorCount="0" executionStatus="Executed" executionWarningCount="0" failureCount="0" id="root:plans:Recurring_Billing:CRUD-Master Services Agreement Template.testinstance:CRUD-Master Services Agreement Template.testcase:36:37.0:78:79.0:7:8:14" iterationIndex="-1" skippedCount="0" startedUtc="1656433093195" successfulCount="1" testApiId="com.provar.plugins.forcedotcom.core.ui.UiDoAction" testItemClass="IApiCall" title="Click the Edit button">
                              <childItems/>
                              <logEntries>
                                <logEntry id="1656433093195" messageType="General">Start of Interact.  Connection: SFConnection, Locator: ui:locator?name=edit, before wait: default, after wait: default, auto retry: default</logEntry>
                                <logEntry id="1656433093274" messageType="General">Locator: ui:locator?name=edit</logEntry>
                                <logEntry id="1656433093289" messageType="General">Interaction: ui:interaction?name=action</logEntry>
                                <logEntry id="1656433093344" messageType="General">Switched focus to main window.  URL: https://automationtesting2--rstk.visualforce.com/apex/somsa?actionType=view&amp;id=a6u5f000000yeon</logEntry>
                                <logEntry id="1656433093375" messageType="General">Doing before wait.  waitUrl: default</logEntry>
                                <logEntry id="1656433093375" messageType="General">End of &amp;lt;default&amp;gt; wait.</logEntry>
                                <logEntry id="1656433093375" messageType="General">Doing after wait.  waitUrl: default</logEntry>
                                <logEntry id="1656433093659" messageType="General">Clicking WebElement.  WebElement [tag: input, text: Edit]</logEntry>
                                <logEntry id="1656433093696" messageType="General">Doing after wait.  waitUrl: default</logEntry>
                                <logEntry id="1656433093696" messageType="General">End of &amp;lt;default&amp;gt; wait.</logEntry>
                                <logEntry id="1656433093697" messageType="General">Going to update browser window handles.</logEntry>
                                <logEntry id="1656433093697" logLevel="Debug" messageType="General">Update browser window handles.</logEntry>
                                <logEntry id="1656433093753" logLevel="Update" messageType="General">Successfully updated browser window handles.</logEntry>
                              </logEntries>
                            </executionItem>
                            <executionItem endedUtc="1656433097229" executionErrorCount="0" executionStatus="Executed" executionWarningCount="0" failureCount="0" id="root:plans:Recurring_Billing:CRUD-Master Services Agreement Template.testinstance:CRUD-Master Services Agreement Template.testcase:36:37.0:78:79.0:7:8:116" iterationIndex="-1" skippedCount="0" startedUtc="1656433093753" successfulCount="1" testApiId="com.provar.plugins.forcedotcom.core.ui.UiDoAction" testItemClass="IApiCall" title="Set the M SA Description field to MSA description update">
                              <childItems/>
                              <logEntries>
                                <logEntry id="1656433093756" messageType="General">Start of Interact.  Connection: SFConnection, Locator: ui:locator?name=mSADescription, before wait: default, after wait: default, auto retry: default</logEntry>
                                <logEntry id="1656433093831" messageType="General">Locator: ui:locator?name=mSADescription</logEntry>
                                <logEntry id="1656433093831" messageType="General">Interaction: ui:interaction?name=set</logEntry>
                                <logEntry id="1656433096542" messageType="General">Switched focus to main window.  URL: https://automationtesting2--rstk.visualforce.com/apex/somsa?id=a6u5f000000yeon&amp;sfdc.override=1</logEntry>
                                <logEntry id="1656433096640" messageType="General">Doing before wait.  waitUrl: default</logEntry>
                                <logEntry id="1656433096640" messageType="General">End of &amp;lt;default&amp;gt; wait.</logEntry>
                                <logEntry id="1656433096640" messageType="General">Doing after wait.  waitUrl: default</logEntry>
                                <logEntry id="1656433096691" messageType="General">Got webElement.  tagName: TEXTAREA, id: pg:fm:pb:pbs_Main:somsa_desc__c, type: text, selector: null</logEntry>
                                <logEntry id="1656433096858" messageType="General">Typing value.  tagName: TEXTAREA, type: text, value: MSA description update, blur: false, selector: null</logEntry>
                                <logEntry id="1656433097169" messageType="General">Doing after wait.  waitUrl: default</logEntry>
                                <logEntry id="1656433097170" messageType="General">End of &amp;lt;default&amp;gt; wait.</logEntry>
                                <logEntry id="1656433097170" messageType="General">Going to update browser window handles.</logEntry>
                                <logEntry id="1656433097170" logLevel="Debug" messageType="General">Update browser window handles.</logEntry>
                                <logEntry id="1656433097228" logLevel="Update" messageType="General">Successfully updated browser window handles.</logEntry>
                              </logEntries>
                            </executionItem>
                            <executionItem endedUtc="1656433097947" executionErrorCount="0" executionStatus="Executed" executionWarningCount="0" failureCount="0" id="root:plans:Recurring_Billing:CRUD-Master Services Agreement Template.testinstance:CRUD-Master Services Agreement Template.testcase:36:37.0:78:79.0:7:8:15" iterationIndex="-1" skippedCount="0" startedUtc="1656433097229" successfulCount="1" testApiId="com.provar.plugins.forcedotcom.core.ui.UiDoAction" testItemClass="IApiCall" title="Set the M SA Responsible User select to Mayur Suryawanshi">
                              <childItems/>
                              <logEntries>
                                <logEntry id="1656433097236" messageType="General">Start of Interact.  Connection: SFConnection, Locator: ui:locator?name=mSAResponsibleUser, before wait: default, after wait: default, auto retry: default</logEntry>
                                <logEntry id="1656433097306" messageType="General">Locator: ui:locator?name=mSAResponsibleUser</logEntry>
                                <logEntry id="1656433097306" messageType="General">Interaction: ui:interaction?name=set</logEntry>
                                <logEntry id="1656433097373" messageType="General">Switched focus to main window.  URL: https://automationtesting2--rstk.visualforce.com/apex/somsa?id=a6u5f000000yeon&amp;sfdc.override=1</logEntry>
                                <logEntry id="1656433097483" messageType="General">Doing before wait.  waitUrl: default</logEntry>
                                <logEntry id="1656433097483" messageType="General">End of &amp;lt;default&amp;gt; wait.</logEntry>
                                <logEntry id="1656433097483" messageType="General">Doing after wait.  waitUrl: default</logEntry>
                                <logEntry id="1656433097546" messageType="General">Got webElement.  tagName: SELECT, id: pg:fm:pb:pbs_Main:j_id104:somsa_resp__c, type: null, selector: null</logEntry>
                                <logEntry id="1656433097890" messageType="General">Doing after wait.  waitUrl: default</logEntry>
                                <logEntry id="1656433097891" messageType="General">End of &amp;lt;default&amp;gt; wait.</logEntry>
                                <logEntry id="1656433097894" messageType="General">Going to update browser window handles.</logEntry>
                                <logEntry id="1656433097894" logLevel="Debug" messageType="General">Update browser window handles.</logEntry>
                                <logEntry id="1656433097947" logLevel="Update" messageType="General">Successfully updated browser window handles.</logEntry>
                              </logEntries>
                            </executionItem>
                            <executionItem endedUtc="1656433099227" executionErrorCount="0" executionStatus="Executed" executionWarningCount="0" failureCount="0" id="root:plans:Recurring_Billing:CRUD-Master Services Agreement Template.testinstance:CRUD-Master Services Agreement Template.testcase:36:37.0:78:79.0:7:8:93" iterationIndex="-1" skippedCount="0" startedUtc="1656433097947" successfulCount="1" testApiId="com.provar.plugins.bundled.apis.If" testItemClass="IApiCall" title="If: {op_SOMSAupdate.MSAIsActive = true}">
                              <childItems>
                                <executionItem endedUtc="1656433099227" executionErrorCount="0" executionStatus="Executed" executionWarningCount="0" failureCount="0" id="root:plans:Recurring_Billing:CRUD-Master Services Agreement Template.testinstance:CRUD-Master Services Agreement Template.testcase:36:37.0:78:79.0:7:8:93:94" iterationIndex="-1" skippedCount="0" startedUtc="1656433097947" successfulCount="1" testClauseName="then" testItemClass="ITestClause" title="Then">
                                  <childItems>
                                    <executionItem endedUtc="1656433099227" executionErrorCount="0" executionStatus="Executed" executionWarningCount="0" failureCount="0" id="root:plans:Recurring_Billing:CRUD-Master Services Agreement Template.testinstance:CRUD-Master Services Agreement Template.testcase:36:37.0:78:79.0:7:8:93:94:16" iterationIndex="-1" skippedCount="0" startedUtc="1656433097947" successfulCount="1" testApiId="com.provar.plugins.forcedotcom.core.ui.UiDoAction" testItemClass="IApiCall" title="Check the M SA Is Active field">
                                      <childItems/>
                                      <logEntries>
                                        <logEntry id="1656433097947" messageType="General">Start of Interact.  Connection: SFConnection, Locator: ui:locator?name=mSAIsActive, before wait: default, after wait: default, auto retry: default</logEntry>
                                        <logEntry id="1656433098028" messageType="General">Locator: ui:locator?name=mSAIsActive</logEntry>
                                        <logEntry id="1656433098029" messageType="General">Interaction: ui:interaction?name=check</logEntry>
                                        <logEntry id="1656433098090" messageType="General">Switched focus to main window.  URL: https://automationtesting2--rstk.visualforce.com/apex/somsa?id=a6u5f000000yeon&amp;sfdc.override=1</logEntry>
                                        <logEntry id="1656433098240" messageType="General">Doing before wait.  waitUrl: default</logEntry>
                                        <logEntry id="1656433098240" messageType="General">End of &amp;lt;default&amp;gt; wait.</logEntry>
                                        <logEntry id="1656433098240" messageType="General">Doing after wait.  waitUrl: default</logEntry>
                                        <logEntry id="1656433098303" messageType="General">Got webElement.  tagName: INPUT, id: pg:fm:pb:pbs_Main:somsa_active__c, type: checkbox, selector: null</logEntry>
                                        <logEntry id="1656433098913" messageType="General">Hover&gt;Clicking WebElement.  WebElement [tag: input, text: 1]</logEntry>
                                        <logEntry id="1656433099165" messageType="General">Doing after wait.  waitUrl: default</logEntry>
                                        <logEntry id="1656433099166" messageType="General">End of &amp;lt;default&amp;gt; wait.</logEntry>
                                        <logEntry id="1656433099167" messageType="General">Going to update browser window handles.</logEntry>
                                        <logEntry id="1656433099167" logLevel="Debug" messageType="General">Update browser window handles.</logEntry>
                                        <logEntry id="1656433099227" logLevel="Update" messageType="General">Successfully updated browser window handles.</logEntry>
                                      </logEntries>
                                    </executionItem>
                                  </childItems>
                                </executionItem>
                              </childItems>
                            </executionItem>
                            <executionItem endedUtc="1656433103068" executionErrorCount="0" executionStatus="Executed" executionWarningCount="0" failureCount="0" id="root:plans:Recurring_Billing:CRUD-Master Services Agreement Template.testinstance:CRUD-Master Services Agreement Template.testcase:36:37.0:78:79.0:7:8:17" iterationIndex="-1" skippedCount="0" startedUtc="1656433099227" successfulCount="1" testApiId="com.provar.plugins.forcedotcom.core.ui.UiDoAction" testItemClass="IApiCall" title="Click the Save button">
                              <childItems/>
                              <logEntries>
                                <logEntry id="1656433099227" messageType="General">Start of Interact.  Connection: SFConnection, Locator: ui:locator?name=save, before wait: default, after wait: default, auto retry: default</logEntry>
                                <logEntry id="1656433099304" messageType="General">Locator: ui:locator?name=save</logEntry>
                                <logEntry id="1656433099304" messageType="General">Interaction: ui:interaction?name=action</logEntry>
                                <logEntry id="1656433099367" messageType="General">Switched focus to main window.  URL: https://automationtesting2--rstk.visualforce.com/apex/somsa?id=a6u5f000000yeon&amp;sfdc.override=1</logEntry>
                                <logEntry id="1656433099414" messageType="General">Doing before wait.  waitUrl: default</logEntry>
                                <logEntry id="1656433099414" messageType="General">End of &amp;lt;default&amp;gt; wait.</logEntry>
                                <logEntry id="1656433099414" messageType="General">Doing after wait.  waitUrl: default</logEntry>
                                <logEntry id="1656433099684" messageType="General">Clicking WebElement.  WebElement [tag: input, text: Save]</logEntry>
                                <logEntry id="1656433099720" messageType="General">Doing after wait.  waitUrl: default</logEntry>
                                <logEntry id="1656433099722" messageType="General">waitAnno: @com.provar.core.testapi.annotations.PageObjectWait(implementation=class com.provar.core.testapi.BackgroundActivityWait)</logEntry>
                                <logEntry id="1656433099722" messageType="General">Doing background activity wait.  Timeout(seconds): 60, Interval(milliseconds): 500</logEntry>
                                <logEntry id="1656433103000" logLevel="Update" messageType="General">Background activity wait successful.  Actual duration(seconds): 3.278</logEntry>
                                <logEntry id="1656433103001" messageType="General">End of &amp;lt;default&amp;gt; wait.</logEntry>
                                <logEntry id="1656433103002" messageType="General">Going to update browser window handles.</logEntry>
                                <logEntry id="1656433103003" logLevel="Debug" messageType="General">Update browser window handles.</logEntry>
                                <logEntry id="1656433103068" logLevel="Update" messageType="General">Successfully updated browser window handles.</logEntry>
                              </logEntries>
                            </executionItem>
                            <executionItem endedUtc="1656433105079" executionErrorCount="0" executionStatus="Executed" executionWarningCount="0" failureCount="0" id="root:plans:Recurring_Billing:CRUD-Master Services Agreement Template.testinstance:CRUD-Master Services Agreement Template.testcase:36:37.0:78:79.0:7:8:98" iterationIndex="-1" skippedCount="0" startedUtc="1656433103069" successfulCount="1" testApiId="com.provar.plugins.forcedotcom.core.ui.UiAssert" testItemClass="IApiCall" title="UI Assert:MSA Description">
                              <childItems/>
                              <logEntries>
                                <logEntry id="1656433103083" messageType="General">Start of UiAssert.  Connection: SFConnection</logEntry>
                                <logEntry id="1656433103160" messageType="General">Resolving field mSADescription1</logEntry>
                                <logEntry id="1656433103224" messageType="General">Switched focus to main window.  URL: https://automationtesting2--rstk.visualforce.com/apex/somsa?actionType=view&amp;id=a6u5f000000yeon</logEntry>
                                <logEntry id="1656433103228" messageType="General">Doing before wait.  waitUrl: default</logEntry>
                                <logEntry id="1656433103228" messageType="General">End of &amp;lt;default&amp;gt; wait.</logEntry>
                                <logEntry id="1656433104229" messageType="General">Switched focus to main window.  URL: https://automationtesting2--rstk.visualforce.com/apex/somsa?actionType=view&amp;id=a6u5f000000yeon</logEntry>
                                <logEntry id="1656433105016" messageType="General">Asserting field attributes: mSADescription1</logEntry>
                                <logEntry id="1656433105016" messageType="General">Asserting Attribute: value to PrimitiveValueImpl [ value: MSA description update, valueId=475, createdUpdateSeq=606, updatedUpdateSeq=606]</logEntry>
                                <logEntry id="1656433105016" messageType="AssertionSuccessful">Assertion successful.MSA description update EqualTo MSA description update</logEntry>
                                <logEntry id="1656433105016" messageType="General">Object read successfully.  Result Name: Values</logEntry>
                                <logEntry id="1656433105016" messageType="General">Going to update browser window handles.</logEntry>
                                <logEntry id="1656433105016" logLevel="Debug" messageType="General">Update browser window handles.</logEntry>
                                <logEntry id="1656433105079" logLevel="Update" messageType="General">Successfully updated browser window handles.</logEntry>
                              </logEntries>
                            </executionItem>
                            <executionItem endedUtc="1656433106742" executionErrorCount="0" executionStatus="Executed" executionWarningCount="0" failureCount="0" id="root:plans:Recurring_Billing:CRUD-Master Services Agreement Template.testinstance:CRUD-Master Services Agreement Template.testcase:36:37.0:78:79.0:7:8:99" iterationIndex="-1" skippedCount="0" startedUtc="1656433105079" successfulCount="1" testApiId="com.provar.plugins.forcedotcom.core.ui.UiAssert" testItemClass="IApiCall" title="UI Assert:MSA Responsible User">
                              <childItems/>
                              <logEntries>
                                <logEntry id="1656433105079" messageType="General">Start of UiAssert.  Connection: SFConnection</logEntry>
                                <logEntry id="1656433105158" messageType="General">Resolving field mSAResponsibleUser1</logEntry>
                                <logEntry id="1656433105221" messageType="General">Switched focus to main window.  URL: https://automationtesting2--rstk.visualforce.com/apex/somsa?actionType=view&amp;id=a6u5f000000yeon</logEntry>
                                <logEntry id="1656433105221" messageType="General">Doing before wait.  waitUrl: default</logEntry>
                                <logEntry id="1656433105221" messageType="General">End of &amp;lt;default&amp;gt; wait.</logEntry>
                                <logEntry id="1656433105964" messageType="General">Switched focus to main window.  URL: https://automationtesting2--rstk.visualforce.com/apex/somsa?actionType=view&amp;id=a6u5f000000yeon</logEntry>
                                <logEntry id="1656433106691" messageType="General">Asserting field attributes: mSAResponsibleUser1</logEntry>
                                <logEntry id="1656433106693" messageType="General">Asserting Attribute: value to PrimitiveValueImpl [ value: Mayur Suryawanshi, valueId=477, createdUpdateSeq=606, updatedUpdateSeq=606]</logEntry>
                                <logEntry id="1656433106693" messageType="AssertionSuccessful">Assertion successful.Mayur Suryawanshi EqualTo Mayur Suryawanshi</logEntry>
                                <logEntry id="1656433106694" messageType="General">Object read successfully.  Result Name: Values</logEntry>
                                <logEntry id="1656433106694" messageType="General">Going to update browser window handles.</logEntry>
                                <logEntry id="1656433106694" logLevel="Debug" messageType="General">Update browser window handles.</logEntry>
                                <logEntry id="1656433106741" logLevel="Update" messageType="General">Successfully updated browser window handles.</logEntry>
                              </logEntries>
                            </executionItem>
                          </childItems>
                        </executionItem>
                      </childItems>
                      <logEntries>
                        <logEntry id="1656433093023" messageType="General">Start of With Screen.  Connection Name: SFConnection, target: sf:ui:target?pageObject=pageobjects.rstk__somsa&amp;page=rstk__somsa</logEntry>
                        <logEntry id="1656433093116" messageType="General">Opening Page context.  Name: screen, data: null, frame: null</logEntry>
                        <logEntry id="1656433093132" messageType="General">Going to update browser window handles.</logEntry>
                        <logEntry id="1656433093132" logLevel="Debug" messageType="General">Update browser window handles.</logEntry>
                        <logEntry id="1656433093195" logLevel="Update" messageType="General">Successfully updated browser window handles.</logEntry>
                        <logEntry id="1656433106751" messageType="General">All Sub-Test Steps were successful.</logEntry>
                        <logEntry id="1656433106819" messageType="General">Closing Page context.  Name: screen, data: null, frame: null</logEntry>
                        <logEntry id="1656433106820" messageType="General">Main window reselected.  Window: main</logEntry>
                        <logEntry id="1656433106885" messageType="General">Switched focus to main window.  URL: https://automationtesting2--rstk.visualforce.com/apex/somsa?actionType=view&amp;id=a6u5f000000yeon</logEntry>
                        <logEntry id="1656433108894" messageType="General">Going to update browser window handles.</logEntry>
                        <logEntry id="1656433108894" logLevel="Debug" messageType="General">Update browser window handles.</logEntry>
                        <logEntry id="1656433108973" logLevel="Update" messageType="General">Successfully updated browser window handles.</logEntry>
                      </logEntries>
                    </executionItem>
                  </childItems>
                </executionItem>
              </childItems>
              <logEntries>
                <logEntry id="1656433093023" messageType="General">Start of iteration 1 of 1.</logEntry>
                <logEntry id="1656433108978" messageType="General">Reached the end of the List.</logEntry>
              </logEntries>
            </executionItem>
            <executionItem endedUtc="1656433122271" executionErrorCount="0" executionStatus="Executed" executionWarningCount="0" failureCount="0" id="root:plans:Recurring_Billing:CRUD-Master Services Agreement Template.testinstance:CRUD-Master Services Agreement Template.testcase:36:37.0:102" iterationIndex="-1" skippedCount="0" startedUtc="1656433108980" successfulCount="1" testApiId="com.provar.plugins.forcedotcom.core.ui.UiWithScreen" testItemClass="IApiCall" title="Delete Master Services Agreement Template">
              <childItems>
                <executionItem endedUtc="1656433120017" executionErrorCount="0" executionStatus="Executed" executionWarningCount="0" failureCount="0" id="root:plans:Recurring_Billing:CRUD-Master Services Agreement Template.testinstance:CRUD-Master Services Agreement Template.testcase:36:37.0:102:103" iterationIndex="-1" skippedCount="0" startedUtc="1656433109146" successfulCount="1" testClauseName="substeps" testItemClass="ITestClause" title="Sub Steps">
                  <childItems>
                    <executionItem endedUtc="1656433109679" executionErrorCount="0" executionStatus="Executed" executionWarningCount="0" failureCount="0" id="root:plans:Recurring_Billing:CRUD-Master Services Agreement Template.testinstance:CRUD-Master Services Agreement Template.testcase:36:37.0:102:103:112" iterationIndex="-1" skippedCount="0" startedUtc="1656433109146" successfulCount="1" testApiId="com.provar.plugins.forcedotcom.core.ui.UiDoAction" testItemClass="IApiCall" title="Click the Delete button">
                      <childItems/>
                      <logEntries>
                        <logEntry id="1656433109149" messageType="General">Start of Interact.  Connection: SFConnection, Locator: ui:locator?name=delete, before wait: default, after wait: default, auto retry: default</logEntry>
                        <logEntry id="1656433109224" messageType="General">Locator: ui:locator?name=delete</logEntry>
                        <logEntry id="1656433109228" messageType="General">Interaction: ui:interaction?name=action</logEntry>
                        <logEntry id="1656433109295" messageType="General">Switched focus to main window.  URL: https://automationtesting2--rstk.visualforce.com/apex/somsa?actionType=view&amp;id=a6u5f000000yeon</logEntry>
                        <logEntry id="1656433109341" messageType="General">Doing before wait.  waitUrl: default</logEntry>
                        <logEntry id="1656433109342" messageType="General">End of &amp;lt;default&amp;gt; wait.</logEntry>
                        <logEntry id="1656433109343" messageType="General">Doing after wait.  waitUrl: default</logEntry>
                        <logEntry id="1656433109589" messageType="General">Clicking WebElement.  WebElement [tag: input, text: Delete]</logEntry>
                        <logEntry id="1656433109623" messageType="General">Doing after wait.  waitUrl: default</logEntry>
                        <logEntry id="1656433109624" messageType="General">End of &amp;lt;default&amp;gt; wait.</logEntry>
                        <logEntry id="1656433109626" messageType="General">Going to update browser window handles.</logEntry>
                        <logEntry id="1656433109627" logLevel="Debug" messageType="General">Update browser window handles.</logEntry>
                        <logEntry id="1656433109678" logLevel="Update" messageType="General">Successfully updated browser window handles.</logEntry>
                      </logEntries>
                    </executionItem>
                    <executionItem endedUtc="1656433116239" executionErrorCount="0" executionStatus="Executed" executionWarningCount="0" failureCount="0" id="root:plans:Recurring_Billing:CRUD-Master Services Agreement Template.testinstance:CRUD-Master Services Agreement Template.testcase:36:37.0:102:103:113" iterationIndex="-1" skippedCount="0" startedUtc="1656433109679" successfulCount="1" testApiId="com.provar.plugins.forcedotcom.core.ui.UiHandleAlert" testItemClass="IApiCall" title="Handle UI Alerts">
                      <childItems/>
                      <logEntries>
                        <logEntry id="1656433109682" messageType="General">Start of Handle Alert.  Connection: SFConnection</logEntry>
                        <logEntry id="1656433113727" messageType="General">Start of Alert Wait.  Timeout (seconds): 30</logEntry>
                        <logEntry id="1656433113741" messageType="General">Polling for Alert successful.  Attempt: 1</logEntry>
                        <logEntry id="1656433113742" messageType="General">End of Alert Wait.  Actual duration(seconds): 0.015</logEntry>
                        <logEntry id="1656433113744" messageType="General">Switching to alert.  ExpectedMessage: Delete this record?</logEntry>
                        <logEntry id="1656433113771" messageType="General">Got alert text: Delete this record?</logEntry>
                        <logEntry id="1656433113773" messageType="General">com.provar.core.model.base.java.ComparisonType$Options@3f54299a</logEntry>
                        <logEntry id="1656433113774" messageType="General">Asserting Alert Message, To: 'Delete this record?', Comparision Type: Equals</logEntry>
                        <logEntry id="1656433113775" messageType="AssertionSuccessful">Assertion successful. 'Delete this record?' Equals 'Delete this record?'</logEntry>
                        <logEntry id="1656433113775" messageType="General">Accepting alert.</logEntry>
                        <logEntry id="1656433113790" messageType="General">Switching back to current frame.</logEntry>
                        <logEntry id="1656433116173" messageType="General">Switched focus to main window.  URL: https://automationtesting2.my.salesforce.com/a6u</logEntry>
                        <logEntry id="1656433116174" messageType="General">Going to update browser window handles.</logEntry>
                        <logEntry id="1656433116174" logLevel="Debug" messageType="General">Update browser window handles.</logEntry>
                        <logEntry id="1656433116239" logLevel="Update" messageType="General">Successfully updated browser window handles.</logEntry>
                      </logEntries>
                    </executionItem>
                    <executionItem endedUtc="1656433120015" executionErrorCount="0" executionStatus="Executed" executionWarningCount="0" failureCount="0" id="root:plans:Recurring_Billing:CRUD-Master Services Agreement Template.testinstance:CRUD-Master Services Agreement Template.testcase:36:37.0:102:103:114" iterationIndex="-1" skippedCount="0" startedUtc="1656433116239" successfulCount="1" testApiId="com.provar.plugins.forcedotcom.core.testapis.ApexSoqlQuery" testItemClass="IApiCall" title="Read Routing Master Qty">
                      <childItems/>
                      <logEntries>
                        <logEntry id="1656433116241" messageType="General">Reading a Salesforce object.  Connection Name: SFConnection, Query: select count() from rstk__somsa__c\twhere Name='MSA-01'</logEntry>
                        <logEntry id="1656433120014" messageType="General">The count query returned 0.</logEntry>
                      </logEntries>
                    </executionItem>
                    <executionItem endedUtc="1656433120017" executionErrorCount="0" executionStatus="Executed" executionWarningCount="0" failureCount="0" id="root:plans:Recurring_Billing:CRUD-Master Services Agreement Template.testinstance:CRUD-Master Services Agreement Template.testcase:36:37.0:102:103:115" iterationIndex="-1" skippedCount="0" startedUtc="1656433120015" successfulCount="1" testApiId="com.provar.plugins.bundled.apis.AssertValues" testItemClass="IApiCall" title="Assert: 0 EqualTo 0">
                      <childItems/>
                      <logEntries>
                        <logEntry id="1656433120017" messageType="AssertionSuccessful">Assertion successful. (result) 0 = 0 (target)</logEntry>
                      </logEntries>
                    </executionItem>
                  </childItems>
                </executionItem>
              </childItems>
              <logEntries>
                <logEntry id="1656433108983" messageType="General">Start of With Screen.  Connection Name: SFConnection, target: sf:ui:target?pageObject=pageobjects.rstk__somsa&amp;page=rstk__somsa</logEntry>
                <logEntry id="1656433109068" messageType="General">Opening Page context.  Name: screen, data: null, frame: null</logEntry>
                <logEntry id="1656433109091" messageType="General">Going to update browser window handles.</logEntry>
                <logEntry id="1656433109091" logLevel="Debug" messageType="General">Update browser window handles.</logEntry>
                <logEntry id="1656433109146" logLevel="Update" messageType="General">Successfully updated browser window handles.</logEntry>
                <logEntry id="1656433120019" messageType="General">All Sub-Test Steps were successful.</logEntry>
                <logEntry id="1656433120106" messageType="General">Closing Page context.  Name: screen, data: null, frame: null</logEntry>
                <logEntry id="1656433120107" messageType="General">Main window reselected.  Window: main</logEntry>
                <logEntry id="1656433120173" messageType="General">Switched focus to main window.  URL: https://automationtesting2.my.salesforce.com/a6u</logEntry>
                <logEntry id="1656433122200" messageType="General">Going to update browser window handles.</logEntry>
                <logEntry id="1656433122200" logLevel="Debug" messageType="General">Update browser window handles.</logEntry>
                <logEntry id="1656433122271" logLevel="Update" messageType="General">Successfully updated browser window handles.</logEntry>
              </logEntries>
            </executionItem>
          </childItems>
        </executionItem>
      </childItems>
      <logEntries>
        <logEntry id="1656433057717" messageType="General">Start of iteration 1 of 1.</logEntry>
        <logEntry id="1656433122274" messageType="General">Reached the end of the List.</logEntry>
      </logEntries>
    </executionItem>
  </childItems>
</executionItem>
