<?xml version="1.0" encoding="UTF-8" standalone="no"?>
<executionItem endedUtc="1656434047823" executionErrorCount="0" executionStatus="Executed" executionWarningCount="0" failureCount="0" id="root:plans:Shop_Floor:RSTK-9709-CRUD Operation on Labor Pay Type.testinstance:RSTK-9709-CRUD Operation on Labor Pay Type.testcase" iterationIndex="-1" skippedCount="0" startedUtc="1656433969655" successfulCount="1" testCasePath="D:\\provar\\EventDemo\\Parallel-Execution\\tests\\Shop Floor" testItemClass="ITestCase" title="RSTK-9709-CRUD Operation on Labor Pay Type.testcase">
  <testItemSummary/>
  <childItems>
    <executionItem endedUtc="1656433974320" executionErrorCount="0" executionStatus="Executed" executionWarningCount="0" failureCount="0" id="root:plans:Shop_Floor:RSTK-9709-CRUD Operation on Labor Pay Type.testinstance:RSTK-9709-CRUD Operation on Labor Pay Type.testcase:1" iterationIndex="-1" skippedCount="0" startedUtc="1656433969676" successfulCount="1" testApiId="com.provar.plugins.forcedotcom.core.testapis.ApexConnect" testItemClass="IApiCall" title="Salesforce Connect: SFConnection (Test)">
      <childItems/>
      <logEntries>
        <logEntry id="1656433969681" messageType="General">Connecting to Salesforce as QARSF_Admin</logEntry>
        <logEntry id="1656433969681" logLevel="Debug" messageType="General">Connection details. Connection name: QARSF_Admin, result name: SFConnection, result scope: Test, urlString: sf:environment=PRERELEASE;apiLoginUrl=https://automationtesting2.my.salesforce.com;identityServiceUrl=https://login.salesforce.com/id/00D5f000005vwGkEAI/0055f000008Hn0WAAS;clientId={clientId};clientSecret={clientSecret};authenticationType=OAUTH;callbackUrl={callbackUrl};accessToken={accessToken};refreshToken={refreshToken}, environment: AutomationOrg, clientId: [supplied], clientSecret: [supplied], callBackUrl: [supplied], accessToken: [supplied], refreshToken: [supplied]</logEntry>
        <logEntry id="1656433969681" logLevel="Debug" messageType="General">Create object id log file.</logEntry>
        <logEntry id="1656433969686" logLevel="Trace" messageType="General">Absolute path: D:\\provar\\EventDemo\\Parallel-Execution\\ANT\\..\\ANT\\Results(15)\\Artifacts\\QARSF_Admin-objectids.log</logEntry>
        <logEntry id="1656433970680" logLevel="Debug" messageType="General">Access Token refreshed successfully.</logEntry>
        <logEntry id="1656433973233" logLevel="Debug" messageType="General">Identity Service successful. ToolingEndpoint: https://automationtesting2.my.salesforce.com/services/Soap/T/53.0/00D5f000005vwGk, ToolingRestEndpoint: https://automationtesting2.my.salesforce.com/services/data/v53.0/tooling/, PartnerEndpoint: https://automationtesting2.my.salesforce.com/services/Soap/u/53.0/00D5f000005vwGk, MetadataEndpoint: https://automationtesting2.my.salesforce.com/services/Soap/m/53.0/00D5f000005vwGk, EnterpriseEndpoint: https://automationtesting2.my.salesforce.com/services/Soap/c/53.0/00D5f000005vwGk</logEntry>
        <logEntry id="1656433973233" logLevel="Debug" messageType="General">Opening Partner connection</logEntry>
        <logEntry id="1656433973233" logLevel="Trace" messageType="General">Connection configurations: userName: automation@rootstock.com,  password: [empty], securityToken: [empty], authEndpoint: https://automationtesting2.my.salesforce.com/services/Soap/u/53.0, serviceEndpoint: https://automationtesting2.my.salesforce.com/services/Soap/u/53.0/00D5f000005vwGk</logEntry>
        <logEntry id="1656433974318" logLevel="Debug" messageType="General">Opening SOAP connection</logEntry>
        <logEntry id="1656433974319" logLevel="Trace" messageType="General">Connection configurations: userName: automation@rootstock.com,  password: [empty], securityToken: [empty], authEndpoint: https://automationtesting2.my.salesforce.com/services/Soap/u/53.0, serviceEndpoint: https://automationtesting2.my.salesforce.com/services/Soap/u/53.0</logEntry>
        <logEntry id="1656433974319" logLevel="Debug" messageType="General">Opening Metadata connection</logEntry>
        <logEntry id="1656433974319" logLevel="Trace" messageType="General">Connection configurations: userName: null,  password: [empty], securityToken: [empty], authEndpoint: https://automationtesting2.my.salesforce.com/services/Soap/u/53.0, serviceEndpoint: https://automationtesting2.my.salesforce.com/services/Soap/m/53.0/00D5f000005vwGk</logEntry>
        <logEntry id="1656433974320" logLevel="Update" messageType="General">Successfully connected to Salesforce as QARSF_Admin</logEntry>
      </logEntries>
    </executionItem>
    <executionItem endedUtc="1656433974370" executionErrorCount="0" executionStatus="Executed" executionWarningCount="0" failureCount="0" id="root:plans:Shop_Floor:RSTK-9709-CRUD Operation on Labor Pay Type.testinstance:RSTK-9709-CRUD Operation on Labor Pay Type.testcase:48" iterationIndex="-1" skippedCount="0" startedUtc="1656433974321" successfulCount="1" testApiId="com.provar.plugins.bundled.apis.If" testItemClass="IApiCall" title="If: {GetSelectedEnvironment() = &quot;PDE5&quot;}">
      <childItems>
        <executionItem endedUtc="0" executionErrorCount="0" executionWarningCount="0" failureCount="0" id="root:plans:Shop_Floor:RSTK-9709-CRUD Operation on Labor Pay Type.testinstance:RSTK-9709-CRUD Operation on Labor Pay Type.testcase:48:905" iterationIndex="-1" skippedCount="0" startedUtc="0" successfulCount="0" testClauseName="then" testItemClass="ITestClause" title="Then">
          <childItems>
            <executionItem endedUtc="0" executionErrorCount="0" executionWarningCount="0" failureCount="0" id="root:plans:Shop_Floor:RSTK-9709-CRUD Operation on Labor Pay Type.testinstance:RSTK-9709-CRUD Operation on Labor Pay Type.testcase:48:905:948" iterationIndex="-1" skippedCount="0" startedUtc="0" successfulCount="0" testApiId="com.provar.plugins.bundled.apis.control.StepGroup" testItemClass="IApiCall" title="Read Excel data based on selected Enviornment">
              <childItems>
                <executionItem endedUtc="0" executionErrorCount="0" executionWarningCount="0" failureCount="0" id="root:plans:Shop_Floor:RSTK-9709-CRUD Operation on Labor Pay Type.testinstance:RSTK-9709-CRUD Operation on Labor Pay Type.testcase:48:905:948:925" iterationIndex="-1" skippedCount="0" startedUtc="0" successfulCount="0" testClauseName="hidden" testItemClass="ITestClause" title="Steps">
                  <childItems/>
                </executionItem>
              </childItems>
            </executionItem>
          </childItems>
        </executionItem>
        <executionItem endedUtc="1656433974370" executionErrorCount="0" executionStatus="Executed" executionWarningCount="0" failureCount="0" id="root:plans:Shop_Floor:RSTK-9709-CRUD Operation on Labor Pay Type.testinstance:RSTK-9709-CRUD Operation on Labor Pay Type.testcase:48:906" iterationIndex="-1" skippedCount="0" startedUtc="1656433974325" successfulCount="1" testClauseName="else" testItemClass="ITestClause" title="Else">
          <childItems>
            <executionItem endedUtc="1656433974370" executionErrorCount="0" executionStatus="Executed" executionWarningCount="0" failureCount="0" id="root:plans:Shop_Floor:RSTK-9709-CRUD Operation on Labor Pay Type.testinstance:RSTK-9709-CRUD Operation on Labor Pay Type.testcase:48:906:918" iterationIndex="-1" skippedCount="0" startedUtc="1656433974325" successfulCount="1" testApiId="com.provar.plugins.bundled.apis.If" testItemClass="IApiCall" title="If: {GetSelectedEnvironment() = &quot;AutomationOrg&quot;}">
              <childItems>
                <executionItem endedUtc="1656433974370" executionErrorCount="0" executionStatus="Executed" executionWarningCount="0" failureCount="0" id="root:plans:Shop_Floor:RSTK-9709-CRUD Operation on Labor Pay Type.testinstance:RSTK-9709-CRUD Operation on Labor Pay Type.testcase:48:906:918:919" iterationIndex="-1" skippedCount="0" startedUtc="1656433974329" successfulCount="1" testClauseName="then" testItemClass="ITestClause" title="Then">
                  <childItems>
                    <executionItem endedUtc="1656433974370" executionErrorCount="0" executionStatus="Executed" executionWarningCount="0" failureCount="0" id="root:plans:Shop_Floor:RSTK-9709-CRUD Operation on Labor Pay Type.testinstance:RSTK-9709-CRUD Operation on Labor Pay Type.testcase:48:906:918:919:946" iterationIndex="-1" skippedCount="0" startedUtc="1656433974329" successfulCount="1" testApiId="com.provar.plugins.bundled.apis.control.StepGroup" testItemClass="IApiCall" title="Read Excel data based on selected Enviornment">
                      <childItems>
                        <executionItem endedUtc="1656433974368" executionErrorCount="0" executionStatus="Executed" executionWarningCount="0" failureCount="0" id="root:plans:Shop_Floor:RSTK-9709-CRUD Operation on Labor Pay Type.testinstance:RSTK-9709-CRUD Operation on Labor Pay Type.testcase:48:906:918:919:946:949" iterationIndex="-1" skippedCount="0" startedUtc="1656433974368" successfulCount="1" testClauseName="hidden" testItemClass="ITestClause" title="Steps">
                          <childItems/>
                        </executionItem>
                      </childItems>
                      <logEntries>
                        <logEntry id="1656433974330" messageType="ParameterValueSource">Loading data from Parameter Value Source ...</logEntry>
                        <logEntry id="1656433974357" messageType="General">Loading Parameter Value Source row 1:</logEntry>
                        <logEntry id="1656433974359" messageType="General">==Column=&gt; RowNumber = PrimitiveValueImpl [ value: 2, valueId=null, createdUpdateSeq=-1, updatedUpdateSeq=-1]</logEntry>
                        <logEntry id="1656433974361" messageType="General">==Column=&gt; LaborPayType = PrimitiveValueImpl [ value: Pro-labPay, valueId=null, createdUpdateSeq=-1, updatedUpdateSeq=-1]</logEntry>
                        <logEntry id="1656433974362" messageType="General">==Column=&gt; Description = PrimitiveValueImpl [ value: Test, valueId=null, createdUpdateSeq=-1, updatedUpdateSeq=-1]</logEntry>
                        <logEntry id="1656433974363" messageType="General">==Column=&gt; HourlyAddAmount = PrimitiveValueImpl [ value: 10, valueId=null, createdUpdateSeq=-1, updatedUpdateSeq=-1]</logEntry>
                        <logEntry id="1656433974364" messageType="General">==Column=&gt; RateFactor = null</logEntry>
                        <logEntry id="1656433974364" logLevel="Update" messageType="General">Loaded 1 rows from Parameter Value Source.</logEntry>
                      </logEntries>
                    </executionItem>
                  </childItems>
                </executionItem>
                <executionItem endedUtc="0" executionErrorCount="0" executionWarningCount="0" failureCount="0" id="root:plans:Shop_Floor:RSTK-9709-CRUD Operation on Labor Pay Type.testinstance:RSTK-9709-CRUD Operation on Labor Pay Type.testcase:48:906:918:922" iterationIndex="-1" skippedCount="0" startedUtc="0" successfulCount="0" testClauseName="else" testItemClass="ITestClause" title="Else">
                  <childItems>
                    <executionItem endedUtc="0" executionErrorCount="0" executionWarningCount="0" failureCount="0" id="root:plans:Shop_Floor:RSTK-9709-CRUD Operation on Labor Pay Type.testinstance:RSTK-9709-CRUD Operation on Labor Pay Type.testcase:48:906:918:922:924" iterationIndex="-1" skippedCount="0" startedUtc="0" successfulCount="0" testApiId="com.provar.plugins.bundled.apis.control.StepGroup" testItemClass="IApiCall" title="Read Excel data based on selected Enviornment">
                      <childItems>
                        <executionItem endedUtc="0" executionErrorCount="0" executionWarningCount="0" failureCount="0" id="root:plans:Shop_Floor:RSTK-9709-CRUD Operation on Labor Pay Type.testinstance:RSTK-9709-CRUD Operation on Labor Pay Type.testcase:48:906:918:922:924:947" iterationIndex="-1" skippedCount="0" startedUtc="0" successfulCount="0" testClauseName="hidden" testItemClass="ITestClause" title="Steps">
                          <childItems/>
                        </executionItem>
                      </childItems>
                    </executionItem>
                  </childItems>
                </executionItem>
              </childItems>
            </executionItem>
          </childItems>
        </executionItem>
      </childItems>
    </executionItem>
    <executionItem endedUtc="1656434047822" executionErrorCount="0" executionStatus="Executed" executionWarningCount="0" failureCount="0" id="root:plans:Shop_Floor:RSTK-9709-CRUD Operation on Labor Pay Type.testinstance:RSTK-9709-CRUD Operation on Labor Pay Type.testcase:2" iterationIndex="-1" skippedCount="0" startedUtc="1656433974370" successfulCount="1" testApiId="com.provar.plugins.bundled.apis.control.ForEach" testItemClass="IApiCall" title="Read excel data and process record">
      <childItems>
        <executionItem endedUtc="1656434047817" executionErrorCount="0" executionStatus="Executed" executionWarningCount="0" failureCount="0" id="root:plans:Shop_Floor:RSTK-9709-CRUD Operation on Labor Pay Type.testinstance:RSTK-9709-CRUD Operation on Labor Pay Type.testcase:2:3.0" iterationIndex="0" skippedCount="0" startedUtc="1656433974376" successfulCount="1" testClauseName="substeps" testItemClass="ITestClause" title="Iteration 1">
          <childItems>
            <executionItem endedUtc="1656433975214" executionErrorCount="0" executionStatus="Executed" executionWarningCount="0" failureCount="0" id="root:plans:Shop_Floor:RSTK-9709-CRUD Operation on Labor Pay Type.testinstance:RSTK-9709-CRUD Operation on Labor Pay Type.testcase:2:3.0:950" iterationIndex="-1" skippedCount="0" startedUtc="1656433974376" successfulCount="1" testApiId="com.provar.plugins.forcedotcom.core.testapis.ApexSoqlQuery" testItemClass="IApiCall" title="Read Labor Pay Type Record Count">
              <childItems/>
              <logEntries>
                <logEntry id="1656433974379" messageType="General">Reading a Salesforce object.  Connection Name: SFConnection, Query: select count() from rstk__tapaytype__c where Name like 'Pro-labPay%'</logEntry>
                <logEntry id="1656433975213" messageType="General">The count query returned 0.</logEntry>
              </logEntries>
            </executionItem>
            <executionItem endedUtc="1656433975216" executionErrorCount="0" executionStatus="Executed" executionWarningCount="0" failureCount="0" id="root:plans:Shop_Floor:RSTK-9709-CRUD Operation on Labor Pay Type.testinstance:RSTK-9709-CRUD Operation on Labor Pay Type.testcase:2:3.0:955" iterationIndex="-1" skippedCount="0" startedUtc="1656433975214" successfulCount="1" testApiId="com.provar.plugins.bundled.apis.If" testItemClass="IApiCall" title="Delete if record is present">
              <childItems>
                <executionItem endedUtc="0" executionErrorCount="0" executionWarningCount="0" failureCount="0" id="root:plans:Shop_Floor:RSTK-9709-CRUD Operation on Labor Pay Type.testinstance:RSTK-9709-CRUD Operation on Labor Pay Type.testcase:2:3.0:955:956" iterationIndex="-1" skippedCount="0" startedUtc="0" successfulCount="0" testClauseName="then" testItemClass="ITestClause" title="Then">
                  <childItems>
                    <executionItem endedUtc="0" executionErrorCount="0" executionWarningCount="0" failureCount="0" id="root:plans:Shop_Floor:RSTK-9709-CRUD Operation on Labor Pay Type.testinstance:RSTK-9709-CRUD Operation on Labor Pay Type.testcase:2:3.0:955:956:960" iterationIndex="-1" skippedCount="0" startedUtc="0" successfulCount="0" testApiId="com.provar.plugins.forcedotcom.core.testapis.ApexSoqlQuery" testItemClass="IApiCall" title="Read Labor Pay Type Record Count">
                      <childItems/>
                    </executionItem>
                    <executionItem endedUtc="0" executionErrorCount="0" executionWarningCount="0" failureCount="0" id="root:plans:Shop_Floor:RSTK-9709-CRUD Operation on Labor Pay Type.testinstance:RSTK-9709-CRUD Operation on Labor Pay Type.testcase:2:3.0:955:956:958" iterationIndex="-1" skippedCount="0" startedUtc="0" successfulCount="0" testApiId="com.provar.plugins.forcedotcom.core.testapis.ApexDeleteObject" testItemClass="IApiCall" title="Delete Object: {op_tapaytypeCount.id}">
                      <childItems/>
                    </executionItem>
                  </childItems>
                </executionItem>
              </childItems>
            </executionItem>
            <executionItem endedUtc="1656433999783" executionErrorCount="0" executionStatus="Executed" executionWarningCount="0" failureCount="0" id="root:plans:Shop_Floor:RSTK-9709-CRUD Operation on Labor Pay Type.testinstance:RSTK-9709-CRUD Operation on Labor Pay Type.testcase:2:3.0:952" iterationIndex="-1" skippedCount="0" startedUtc="1656433975216" successfulCount="1" testApiId="com.provar.plugins.forcedotcom.core.ui.UiWithScreen" testItemClass="IApiCall" title="On SF Rootstock Site Map tab">
              <childItems>
                <executionItem endedUtc="1656433996530" executionErrorCount="0" executionStatus="Executed" executionWarningCount="0" failureCount="0" id="root:plans:Shop_Floor:RSTK-9709-CRUD Operation on Labor Pay Type.testinstance:RSTK-9709-CRUD Operation on Labor Pay Type.testcase:2:3.0:952:953" iterationIndex="-1" skippedCount="0" startedUtc="1656433995625" successfulCount="1" testClauseName="substeps" testItemClass="ITestClause" title="Sub Steps">
                  <childItems>
                    <executionItem endedUtc="1656433996530" executionErrorCount="0" executionStatus="Executed" executionWarningCount="0" failureCount="0" id="root:plans:Shop_Floor:RSTK-9709-CRUD Operation on Labor Pay Type.testinstance:RSTK-9709-CRUD Operation on Labor Pay Type.testcase:2:3.0:952:953:954" iterationIndex="-1" skippedCount="0" startedUtc="1656433995625" successfulCount="1" testApiId="com.provar.plugins.forcedotcom.core.ui.UiDoAction" testItemClass="IApiCall" title="Click the Labor Pay Type button">
                      <childItems/>
                      <logEntries>
                        <logEntry id="1656433995631" messageType="General">Start of Interact.  Connection: SFConnection, Locator: ui:locator?name=laborPayType, before wait: default, after wait: default, auto retry: default</logEntry>
                        <logEntry id="1656433995696" messageType="General">Locator: ui:locator?name=laborPayType</logEntry>
                        <logEntry id="1656433995697" messageType="General">Interaction: ui:interaction?name=action</logEntry>
                        <logEntry id="1656433995748" messageType="General">Switched focus to main window.  URL: https://automationtesting2--rstk.visualforce.com/apex/Manufacturing?sfdc.tabName=01r5f000000Ptu4</logEntry>
                        <logEntry id="1656433995889" messageType="General">Doing before wait.  waitUrl: default</logEntry>
                        <logEntry id="1656433995890" messageType="General">End of &amp;lt;default&amp;gt; wait.</logEntry>
                        <logEntry id="1656433995890" messageType="General">Doing after wait.  waitUrl: default</logEntry>
                        <logEntry id="1656433996407" messageType="General">Clicking WebElement.  WebElement [tag: a, text: Labor Pay Type, href: https://automationtesting2--rstk.visualforce.com/a9T?retURL=%2Fapex%2Frstk__Manufacturing%3Fsfdc.tabName%3D01r5f000000Ptu4]</logEntry>
                        <logEntry id="1656433996470" messageType="General">Doing after wait.  waitUrl: default</logEntry>
                        <logEntry id="1656433996471" messageType="General">End of &amp;lt;default&amp;gt; wait.</logEntry>
                        <logEntry id="1656433996472" messageType="General">Going to update browser window handles.</logEntry>
                        <logEntry id="1656433996472" logLevel="Debug" messageType="General">Update browser window handles.</logEntry>
                        <logEntry id="1656433996529" logLevel="Update" messageType="General">Successfully updated browser window handles.</logEntry>
                      </logEntries>
                    </executionItem>
                  </childItems>
                </executionItem>
              </childItems>
              <logEntries>
                <logEntry id="1656433975218" messageType="General">Start of With Screen.  Connection Name: SFConnection, target: sf:ui:target?application=rstk__Force_com&amp;pageObject=pageobjects.rstk__Manufacturing&amp;tab=rstk__Rootstock_Site_Map</logEntry>
                <logEntry id="1656433975219" messageType="General">Opening Chrome webdriver instance to https://automationtesting2.my.salesforce.com/secur/frontdoor.jsp</logEntry>
                <logEntry id="1656433975219" logLevel="Debug" messageType="General">Add Chrome browser specific capabilities</logEntry>
                <logEntry id="1656433975219" logLevel="Trace" messageType="General">Using executable from UserHome Provar.  executable: C:\\Users\\Mayur\\Provar\\.chromeDriver\\chromedriver.exe</logEntry>
                <logEntry id="1656433975223" logLevel="Trace" messageType="General">Added Chrome command line switch to bypass proxy for local addresses: --proxy-bypass-list=localhost,127.0.0.1,192.168.1.14</logEntry>
                <logEntry id="1656433975223" logLevel="Trace" messageType="General">Added desired capability for Chrome browser proxy Null</logEntry>
                <logEntry id="1656433975223" logLevel="Trace" messageType="General">Using executable from UserHome Provar.  executable: C:\\Users\\Mayur\\Provar\\.chromeDriver\\chromedriver.exe</logEntry>
                <logEntry id="1656433976754" logLevel="Update" messageType="General">Successfully opened Chrome webdriver to https://automationtesting2.my.salesforce.com/secur/frontdoor.jsp</logEntry>
                <logEntry id="1656433977308" messageType="General">Opening Page context.  Name: screen, data: null, frame: null</logEntry>
                <logEntry id="1656433977640" messageType="General">Opening Salesforce Tab.  Tab Name: rstk__Rootstock_Site_Map, Url: https://automationtesting2.my.salesforce.com/servlet/servlet.Integration?lid=01r5f000000Ptu4&amp;ic=1&amp;linkToken=VmpFPSxNakF5TWkwd05pMHlNRlF4T0Rvd05Eb3dNeTR4TVRCYSx5YmdBQWpLRG1oRkhJTVFxV0FTVXNpLFlXWmtNR0po</logEntry>
                <logEntry id="1656433977657" messageType="General">Opening Salesforce user home page</logEntry>
                <logEntry id="1656433978494" logLevel="Debug" messageType="General">Navigate to home page</logEntry>
                <logEntry id="1656433978507" logLevel="Trace" messageType="General">Opening page.  URL: https://automationtesting2.my.salesforce.com/secur/frontdoor.jsp?retURL=/home/home.jsp?tsid=02u5f000000R3zG&amp;sid={accessToken}</logEntry>
                <logEntry id="1656433983986" logLevel="Debug" messageType="General">Perform page load wait</logEntry>
                <logEntry id="1656433984993" logLevel="Trace" messageType="General">Start of waitForPageToLoad. Timeout(ms): 90000</logEntry>
                <logEntry id="1656433985028" logLevel="Trace" messageType="General">Re-attempting of waitForPageToLoad.  Timeout(ms): 90000</logEntry>
                <logEntry id="1656433985060" logLevel="Trace" messageType="General">End of waitForPageToLoad.  Duration(ms): 67</logEntry>
                <logEntry id="1656433985141" logLevel="Trace" messageType="General">Opening page.  URL: https://automationtesting2.my.salesforce.com/servlet/servlet.Integration?lid=01r5f000000Ptu4&amp;ic=1&amp;linkToken=VmpFPSxNakF5TWkwd05pMHlNRlF4T0Rvd05Eb3dNeTR4TVRCYSx5YmdBQWpLRG1oRkhJTVFxV0FTVXNpLFlXWmtNR0po</logEntry>
                <logEntry id="1656433990293" logLevel="Debug" messageType="General">Perform page load wait</logEntry>
                <logEntry id="1656433990355" logLevel="Update" messageType="General">Successfully opened user home page</logEntry>
                <logEntry id="1656433995503" messageType="General">Going to update browser window handles.</logEntry>
                <logEntry id="1656433995503" logLevel="Debug" messageType="General">Update browser window handles.</logEntry>
                <logEntry id="1656433995623" logLevel="Update" messageType="General">Successfully updated browser window handles.</logEntry>
                <logEntry id="1656433996531" messageType="General">All Sub-Test Steps were successful.</logEntry>
                <logEntry id="1656433996611" messageType="General">Closing Page context.  Name: screen, data: null, frame: null</logEntry>
                <logEntry id="1656433996612" messageType="General">Main window reselected.  Window: main</logEntry>
                <logEntry id="1656433997690" messageType="General">Switched focus to main window.  URL: https://automationtesting2.my.salesforce.com/a9T?retURL=%2Fapex%2Frstk__Manufacturing%3Fsfdc.tabName%3D01r5f000000Ptu4</logEntry>
                <logEntry id="1656433999703" messageType="General">Going to update browser window handles.</logEntry>
                <logEntry id="1656433999703" logLevel="Debug" messageType="General">Update browser window handles.</logEntry>
                <logEntry id="1656433999783" logLevel="Update" messageType="General">Successfully updated browser window handles.</logEntry>
              </logEntries>
            </executionItem>
            <executionItem endedUtc="0" executionErrorCount="0" executionWarningCount="0" failureCount="0" id="root:plans:Shop_Floor:RSTK-9709-CRUD Operation on Labor Pay Type.testinstance:RSTK-9709-CRUD Operation on Labor Pay Type.testcase:2:3.0:8" iterationIndex="-1" skippedCount="0" startedUtc="0" successfulCount="0" testApiId="com.provar.plugins.forcedotcom.core.ui.UiWithScreen" testItemClass="IApiCall" title="On SF Labor Pay Type New screen">
              <childItems>
                <executionItem endedUtc="0" executionErrorCount="0" executionWarningCount="0" failureCount="0" id="root:plans:Shop_Floor:RSTK-9709-CRUD Operation on Labor Pay Type.testinstance:RSTK-9709-CRUD Operation on Labor Pay Type.testcase:2:3.0:8:9" iterationIndex="-1" skippedCount="0" startedUtc="0" successfulCount="0" testClauseName="substeps" testItemClass="ITestClause" title="Sub Steps">
                  <childItems/>
                </executionItem>
              </childItems>
            </executionItem>
            <executionItem endedUtc="1656434017751" executionErrorCount="0" executionStatus="Executed" executionWarningCount="0" failureCount="0" id="root:plans:Shop_Floor:RSTK-9709-CRUD Operation on Labor Pay Type.testinstance:RSTK-9709-CRUD Operation on Labor Pay Type.testcase:2:3.0:16" iterationIndex="-1" skippedCount="0" startedUtc="1656433999783" successfulCount="1" testApiId="com.provar.plugins.forcedotcom.core.ui.UiWithScreen" testItemClass="IApiCall" title="On SF rstk__tapaytype page with pageobject Rstk__tapaytype">
              <childItems>
                <executionItem endedUtc="1656434015508" executionErrorCount="0" executionStatus="Executed" executionWarningCount="0" failureCount="0" id="root:plans:Shop_Floor:RSTK-9709-CRUD Operation on Labor Pay Type.testinstance:RSTK-9709-CRUD Operation on Labor Pay Type.testcase:2:3.0:16:17" iterationIndex="-1" skippedCount="0" startedUtc="1656434003975" successfulCount="1" testClauseName="substeps" testItemClass="ITestClause" title="Sub Steps">
                  <childItems>
                    <executionItem endedUtc="1656434005103" executionErrorCount="0" executionStatus="Executed" executionWarningCount="0" failureCount="0" id="root:plans:Shop_Floor:RSTK-9709-CRUD Operation on Labor Pay Type.testinstance:RSTK-9709-CRUD Operation on Labor Pay Type.testcase:2:3.0:16:17:18" iterationIndex="-1" skippedCount="0" startedUtc="1656434003975" successfulCount="1" testApiId="com.provar.plugins.forcedotcom.core.ui.UiDoAction" testItemClass="IApiCall" title="Set the Labor Pay Type field to Pro-labPay">
                      <childItems/>
                      <logEntries>
                        <logEntry id="1656434003982" messageType="General">Start of Interact.  Connection: SFConnection, Locator: ui:locator?name=laborPayType, before wait: default, after wait: default, auto retry: default</logEntry>
                        <logEntry id="1656434004052" messageType="General">Locator: ui:locator?name=laborPayType</logEntry>
                        <logEntry id="1656434004052" messageType="General">Interaction: ui:interaction?name=set</logEntry>
                        <logEntry id="1656434004122" messageType="General">Switched focus to main window.  URL: https://automationtesting2--rstk.visualforce.com/apex/tapaytype</logEntry>
                        <logEntry id="1656434004229" messageType="General">Doing before wait.  waitUrl: default</logEntry>
                        <logEntry id="1656434004230" messageType="General">End of &amp;lt;default&amp;gt; wait.</logEntry>
                        <logEntry id="1656434004230" messageType="General">Doing after wait.  waitUrl: default</logEntry>
                        <logEntry id="1656434004292" messageType="General">Got webElement.  tagName: INPUT, id: pg:fm:pb:pbs_Main:j_id100:tapaytype_paycode__c:j_id102:j_id108, type: text, selector: null</logEntry>
                        <logEntry id="1656434004557" messageType="General">Typing value.  tagName: INPUT, type: text, value: Pro-labPay, blur: false, selector: null</logEntry>
                        <logEntry id="1656434005032" messageType="General">Doing after wait.  waitUrl: default</logEntry>
                        <logEntry id="1656434005032" messageType="General">End of &amp;lt;default&amp;gt; wait.</logEntry>
                        <logEntry id="1656434005034" messageType="General">Going to update browser window handles.</logEntry>
                        <logEntry id="1656434005034" logLevel="Debug" messageType="General">Update browser window handles.</logEntry>
                        <logEntry id="1656434005103" logLevel="Update" messageType="General">Successfully updated browser window handles.</logEntry>
                      </logEntries>
                    </executionItem>
                    <executionItem endedUtc="1656434006122" executionErrorCount="0" executionStatus="Executed" executionWarningCount="0" failureCount="0" id="root:plans:Shop_Floor:RSTK-9709-CRUD Operation on Labor Pay Type.testinstance:RSTK-9709-CRUD Operation on Labor Pay Type.testcase:2:3.0:16:17:19" iterationIndex="-1" skippedCount="0" startedUtc="1656434005104" successfulCount="1" testApiId="com.provar.plugins.forcedotcom.core.ui.UiDoAction" testItemClass="IApiCall" title="Set the Description field to Test">
                      <childItems/>
                      <logEntries>
                        <logEntry id="1656434005114" messageType="General">Start of Interact.  Connection: SFConnection, Locator: ui:locator?name=description, before wait: default, after wait: default, auto retry: default</logEntry>
                        <logEntry id="1656434005196" messageType="General">Locator: ui:locator?name=description</logEntry>
                        <logEntry id="1656434005198" messageType="General">Interaction: ui:interaction?name=set</logEntry>
                        <logEntry id="1656434005260" messageType="General">Switched focus to main window.  URL: https://automationtesting2--rstk.visualforce.com/apex/tapaytype</logEntry>
                        <logEntry id="1656434005370" messageType="General">Doing before wait.  waitUrl: default</logEntry>
                        <logEntry id="1656434005370" messageType="General">End of &amp;lt;default&amp;gt; wait.</logEntry>
                        <logEntry id="1656434005371" messageType="General">Doing after wait.  waitUrl: default</logEntry>
                        <logEntry id="1656434005432" messageType="General">Got webElement.  tagName: INPUT, id: pg:fm:pb:pbs_Main:j_id114:tapaytype_desc__c:j_id116:j_id122, type: text, selector: null</logEntry>
                        <logEntry id="1656434005626" messageType="General">Typing value.  tagName: INPUT, type: text, value: Test, blur: false, selector: null</logEntry>
                        <logEntry id="1656434006060" messageType="General">Doing after wait.  waitUrl: default</logEntry>
                        <logEntry id="1656434006061" messageType="General">End of &amp;lt;default&amp;gt; wait.</logEntry>
                        <logEntry id="1656434006062" messageType="General">Going to update browser window handles.</logEntry>
                        <logEntry id="1656434006062" logLevel="Debug" messageType="General">Update browser window handles.</logEntry>
                        <logEntry id="1656434006121" logLevel="Update" messageType="General">Successfully updated browser window handles.</logEntry>
                      </logEntries>
                    </executionItem>
                    <executionItem endedUtc="1656434007086" executionErrorCount="0" executionStatus="Executed" executionWarningCount="0" failureCount="0" id="root:plans:Shop_Floor:RSTK-9709-CRUD Operation on Labor Pay Type.testinstance:RSTK-9709-CRUD Operation on Labor Pay Type.testcase:2:3.0:16:17:20" iterationIndex="-1" skippedCount="0" startedUtc="1656434006122" successfulCount="1" testApiId="com.provar.plugins.forcedotcom.core.ui.UiDoAction" testItemClass="IApiCall" title="Set the Hourly Add Amount field to 10">
                      <childItems/>
                      <logEntries>
                        <logEntry id="1656434006132" messageType="General">Start of Interact.  Connection: SFConnection, Locator: ui:locator?name=hourlyAddAmount, before wait: default, after wait: default, auto retry: default</logEntry>
                        <logEntry id="1656434006202" messageType="General">Locator: ui:locator?name=hourlyAddAmount</logEntry>
                        <logEntry id="1656434006203" messageType="General">Interaction: ui:interaction?name=set</logEntry>
                        <logEntry id="1656434006268" messageType="General">Switched focus to main window.  URL: https://automationtesting2--rstk.visualforce.com/apex/tapaytype</logEntry>
                        <logEntry id="1656434006378" messageType="General">Doing before wait.  waitUrl: default</logEntry>
                        <logEntry id="1656434006378" messageType="General">End of &amp;lt;default&amp;gt; wait.</logEntry>
                        <logEntry id="1656434006379" messageType="General">Doing after wait.  waitUrl: default</logEntry>
                        <logEntry id="1656434006442" messageType="General">Got webElement.  tagName: INPUT, id: pg:fm:pb:pbs_Main:j_id128:tapaytype_addamount__c:j_id130:j_id136, type: text, selector: null</logEntry>
                        <logEntry id="1656434006641" messageType="General">Typing value.  tagName: INPUT, type: text, value: 10, blur: false, selector: null</logEntry>
                        <logEntry id="1656434007027" messageType="General">Doing after wait.  waitUrl: default</logEntry>
                        <logEntry id="1656434007027" messageType="General">End of &amp;lt;default&amp;gt; wait.</logEntry>
                        <logEntry id="1656434007028" messageType="General">Going to update browser window handles.</logEntry>
                        <logEntry id="1656434007028" logLevel="Debug" messageType="General">Update browser window handles.</logEntry>
                        <logEntry id="1656434007085" logLevel="Update" messageType="General">Successfully updated browser window handles.</logEntry>
                      </logEntries>
                    </executionItem>
                    <executionItem endedUtc="1656434008064" executionErrorCount="0" executionStatus="Executed" executionWarningCount="0" failureCount="0" id="root:plans:Shop_Floor:RSTK-9709-CRUD Operation on Labor Pay Type.testinstance:RSTK-9709-CRUD Operation on Labor Pay Type.testcase:2:3.0:16:17:21" iterationIndex="-1" skippedCount="0" startedUtc="1656434007086" successfulCount="1" testApiId="com.provar.plugins.forcedotcom.core.ui.UiDoAction" testItemClass="IApiCall" title="Set the Rate Factor field to {op_create.RateFactor}">
                      <childItems/>
                      <logEntries>
                        <logEntry id="1656434007095" messageType="General">Start of Interact.  Connection: SFConnection, Locator: ui:locator?name=rateFactor, before wait: default, after wait: default, auto retry: default</logEntry>
                        <logEntry id="1656434007165" messageType="General">Locator: ui:locator?name=rateFactor</logEntry>
                        <logEntry id="1656434007165" messageType="General">Interaction: ui:interaction?name=set</logEntry>
                        <logEntry id="1656434007230" messageType="General">Switched focus to main window.  URL: https://automationtesting2--rstk.visualforce.com/apex/tapaytype</logEntry>
                        <logEntry id="1656434007358" messageType="General">Doing before wait.  waitUrl: default</logEntry>
                        <logEntry id="1656434007359" messageType="General">End of &amp;lt;default&amp;gt; wait.</logEntry>
                        <logEntry id="1656434007359" messageType="General">Doing after wait.  waitUrl: default</logEntry>
                        <logEntry id="1656434007422" messageType="General">Got webElement.  tagName: INPUT, id: pg:fm:pb:pbs_Main:j_id142:tapaytype_ratefactor__c:j_id144:j_id150, type: text, selector: null</logEntry>
                        <logEntry id="1656434007615" messageType="General">Typing value.  tagName: INPUT, type: text, value: , blur: false, selector: null</logEntry>
                        <logEntry id="1656434008013" messageType="General">Doing after wait.  waitUrl: default</logEntry>
                        <logEntry id="1656434008014" messageType="General">End of &amp;lt;default&amp;gt; wait.</logEntry>
                        <logEntry id="1656434008015" messageType="General">Going to update browser window handles.</logEntry>
                        <logEntry id="1656434008015" logLevel="Debug" messageType="General">Update browser window handles.</logEntry>
                        <logEntry id="1656434008063" logLevel="Update" messageType="General">Successfully updated browser window handles.</logEntry>
                      </logEntries>
                    </executionItem>
                    <executionItem endedUtc="1656434013040" executionErrorCount="0" executionStatus="Executed" executionWarningCount="0" failureCount="0" id="root:plans:Shop_Floor:RSTK-9709-CRUD Operation on Labor Pay Type.testinstance:RSTK-9709-CRUD Operation on Labor Pay Type.testcase:2:3.0:16:17:22" iterationIndex="-1" skippedCount="0" startedUtc="1656434008064" successfulCount="1" testApiId="com.provar.plugins.forcedotcom.core.ui.UiDoAction" testItemClass="IApiCall" title="Click the Save button">
                      <childItems/>
                      <logEntries>
                        <logEntry id="1656434008071" messageType="General">Start of Interact.  Connection: SFConnection, Locator: ui:locator?name=save, before wait: default, after wait: default, auto retry: default</logEntry>
                        <logEntry id="1656434008142" messageType="General">Locator: ui:locator?name=save</logEntry>
                        <logEntry id="1656434008143" messageType="General">Interaction: ui:interaction?name=action</logEntry>
                        <logEntry id="1656434008209" messageType="General">Switched focus to main window.  URL: https://automationtesting2--rstk.visualforce.com/apex/tapaytype</logEntry>
                        <logEntry id="1656434008242" messageType="General">Doing before wait.  waitUrl: default</logEntry>
                        <logEntry id="1656434008242" messageType="General">End of &amp;lt;default&amp;gt; wait.</logEntry>
                        <logEntry id="1656434008243" messageType="General">Doing after wait.  waitUrl: default</logEntry>
                        <logEntry id="1656434008522" messageType="General">Clicking WebElement.  WebElement [tag: input, text: Save]</logEntry>
                        <logEntry id="1656434008554" messageType="General">Doing after wait.  waitUrl: default</logEntry>
                        <logEntry id="1656434008555" messageType="General">waitAnno: @com.provar.core.testapi.annotations.PageObjectWait(implementation=class com.provar.core.testapi.BackgroundActivityWait)</logEntry>
                        <logEntry id="1656434008556" messageType="General">Doing background activity wait.  Timeout(seconds): 60, Interval(milliseconds): 500</logEntry>
                        <logEntry id="1656434012979" logLevel="Update" messageType="General">Background activity wait successful.  Actual duration(seconds): 4.424</logEntry>
                        <logEntry id="1656434012980" messageType="General">End of &amp;lt;default&amp;gt; wait.</logEntry>
                        <logEntry id="1656434012980" messageType="General">Going to update browser window handles.</logEntry>
                        <logEntry id="1656434012980" logLevel="Debug" messageType="General">Update browser window handles.</logEntry>
                        <logEntry id="1656434013040" logLevel="Update" messageType="General">Successfully updated browser window handles.</logEntry>
                      </logEntries>
                    </executionItem>
                    <executionItem endedUtc="1656434015508" executionErrorCount="0" executionStatus="Executed" executionWarningCount="0" failureCount="0" id="root:plans:Shop_Floor:RSTK-9709-CRUD Operation on Labor Pay Type.testinstance:RSTK-9709-CRUD Operation on Labor Pay Type.testcase:2:3.0:16:17:23" iterationIndex="-1" skippedCount="0" startedUtc="1656434013040" successfulCount="1" testApiId="com.provar.plugins.forcedotcom.core.ui.UiAssert" testItemClass="IApiCall" title="UI Assert">
                      <childItems/>
                      <logEntries>
                        <logEntry id="1656434013042" messageType="General">Start of UiAssert.  Connection: SFConnection</logEntry>
                        <logEntry id="1656434013120" messageType="General">Resolving field name</logEntry>
                        <logEntry id="1656434013188" messageType="General">Switched focus to main window.  URL: https://automationtesting2--rstk.visualforce.com/apex/tapaytype?actionType=view&amp;id=a9T5f000000shwB</logEntry>
                        <logEntry id="1656434013191" messageType="General">Doing before wait.  waitUrl: default</logEntry>
                        <logEntry id="1656434013192" messageType="General">End of &amp;lt;default&amp;gt; wait.</logEntry>
                        <logEntry id="1656434014434" messageType="General">Switched focus to main window.  URL: https://automationtesting2--rstk.visualforce.com/apex/tapaytype?actionType=view&amp;id=a9T5f000000shwB</logEntry>
                        <logEntry id="1656434015451" messageType="General">Asserting field attributes: name</logEntry>
                        <logEntry id="1656434015452" messageType="General">Asserting Attribute: value to PrimitiveValueImpl [ value: Pro-labPay (Test), valueId=0, createdUpdateSeq=1830, updatedUpdateSeq=1830]</logEntry>
                        <logEntry id="1656434015452" messageType="AssertionSuccessful">Assertion successful.Pro-labPay (Test) EqualTo Pro-labPay (Test)</logEntry>
                        <logEntry id="1656434015453" messageType="General">Object read successfully.  Result Name: op_labPayName</logEntry>
                        <logEntry id="1656434015453" messageType="General">Going to update browser window handles.</logEntry>
                        <logEntry id="1656434015453" logLevel="Debug" messageType="General">Update browser window handles.</logEntry>
                        <logEntry id="1656434015505" logLevel="Update" messageType="General">Successfully updated browser window handles.</logEntry>
                      </logEntries>
                    </executionItem>
                  </childItems>
                </executionItem>
              </childItems>
              <logEntries>
                <logEntry id="1656433999786" messageType="General">Start of With Screen.  Connection Name: SFConnection, target: sf:ui:target?page=rstk__tapaytype&amp;pageObject=pageobjects.rstk__tapaytype</logEntry>
                <logEntry id="1656433999938" messageType="General">Opening Page context.  Name: screen, data: null, frame: null</logEntry>
                <logEntry id="1656433999957" messageType="General">Opening Salesforce Page.  Page Name: rstk__tapaytype, Url: /apex/rstk__tapaytype</logEntry>
                <logEntry id="1656433999957" messageType="General">Opening Salesforce user home page</logEntry>
                <logEntry id="1656434001402" logLevel="Debug" messageType="General">Navigate to home page</logEntry>
                <logEntry id="1656434001422" logLevel="Trace" messageType="General">Qualified relative URL.  URL: https://automationtesting2.my.salesforce.com/apex/rstk__tapaytype</logEntry>
                <logEntry id="1656434001422" logLevel="Trace" messageType="General">Opening page.  Requested URL: /apex/rstk__tapaytype, Absolute URL: https://automationtesting2.my.salesforce.com/apex/rstk__tapaytype?//automationtesting2.my.salesforce.com/apex/rstk__tapaytype=</logEntry>
                <logEntry id="1656434003725" logLevel="Debug" messageType="General">Perform page load wait</logEntry>
                <logEntry id="1656434003790" logLevel="Update" messageType="General">Successfully opened user home page</logEntry>
                <logEntry id="1656434003919" messageType="General">Going to update browser window handles.</logEntry>
                <logEntry id="1656434003919" logLevel="Debug" messageType="General">Update browser window handles.</logEntry>
                <logEntry id="1656434003973" logLevel="Update" messageType="General">Successfully updated browser window handles.</logEntry>
                <logEntry id="1656434015521" messageType="General">All Sub-Test Steps were successful.</logEntry>
                <logEntry id="1656434015600" messageType="General">Closing Page context.  Name: screen, data: null, frame: null</logEntry>
                <logEntry id="1656434015601" messageType="General">Main window reselected.  Window: main</logEntry>
                <logEntry id="1656434015666" messageType="General">Switched focus to main window.  URL: https://automationtesting2--rstk.visualforce.com/apex/tapaytype?actionType=view&amp;id=a9T5f000000shwB</logEntry>
                <logEntry id="1656434017669" messageType="General">Going to update browser window handles.</logEntry>
                <logEntry id="1656434017669" logLevel="Debug" messageType="General">Update browser window handles.</logEntry>
                <logEntry id="1656434017750" logLevel="Update" messageType="General">Successfully updated browser window handles.</logEntry>
              </logEntries>
            </executionItem>
            <executionItem endedUtc="1656434017794" executionErrorCount="0" executionStatus="Executed" executionWarningCount="0" failureCount="0" id="root:plans:Shop_Floor:RSTK-9709-CRUD Operation on Labor Pay Type.testinstance:RSTK-9709-CRUD Operation on Labor Pay Type.testcase:2:3.0:934" iterationIndex="-1" skippedCount="0" startedUtc="1656434017752" successfulCount="1" testApiId="com.provar.plugins.bundled.apis.If" testItemClass="IApiCall" title="If: {GetSelectedEnvironment() = &quot;PDE5&quot;}">
              <childItems>
                <executionItem endedUtc="0" executionErrorCount="0" executionWarningCount="0" failureCount="0" id="root:plans:Shop_Floor:RSTK-9709-CRUD Operation on Labor Pay Type.testinstance:RSTK-9709-CRUD Operation on Labor Pay Type.testcase:2:3.0:934:935" iterationIndex="-1" skippedCount="0" startedUtc="0" successfulCount="0" testClauseName="then" testItemClass="ITestClause" title="Then">
                  <childItems>
                    <executionItem endedUtc="0" executionErrorCount="0" executionWarningCount="0" failureCount="0" id="root:plans:Shop_Floor:RSTK-9709-CRUD Operation on Labor Pay Type.testinstance:RSTK-9709-CRUD Operation on Labor Pay Type.testcase:2:3.0:934:935:944" iterationIndex="-1" skippedCount="0" startedUtc="0" successfulCount="0" testApiId="com.provar.plugins.bundled.apis.control.StepGroup" testItemClass="IApiCall" title="Read Excel data based on selected Enviornment">
                      <childItems>
                        <executionItem endedUtc="0" executionErrorCount="0" executionWarningCount="0" failureCount="0" id="root:plans:Shop_Floor:RSTK-9709-CRUD Operation on Labor Pay Type.testinstance:RSTK-9709-CRUD Operation on Labor Pay Type.testcase:2:3.0:934:935:944:941" iterationIndex="-1" skippedCount="0" startedUtc="0" successfulCount="0" testClauseName="hidden" testItemClass="ITestClause" title="Steps">
                          <childItems/>
                        </executionItem>
                      </childItems>
                    </executionItem>
                  </childItems>
                </executionItem>
                <executionItem endedUtc="1656434017794" executionErrorCount="0" executionStatus="Executed" executionWarningCount="0" failureCount="0" id="root:plans:Shop_Floor:RSTK-9709-CRUD Operation on Labor Pay Type.testinstance:RSTK-9709-CRUD Operation on Labor Pay Type.testcase:2:3.0:934:936" iterationIndex="-1" skippedCount="0" startedUtc="1656434017758" successfulCount="1" testClauseName="else" testItemClass="ITestClause" title="Else">
                  <childItems>
                    <executionItem endedUtc="1656434017794" executionErrorCount="0" executionStatus="Executed" executionWarningCount="0" failureCount="0" id="root:plans:Shop_Floor:RSTK-9709-CRUD Operation on Labor Pay Type.testinstance:RSTK-9709-CRUD Operation on Labor Pay Type.testcase:2:3.0:934:936:937" iterationIndex="-1" skippedCount="0" startedUtc="1656434017758" successfulCount="1" testApiId="com.provar.plugins.bundled.apis.If" testItemClass="IApiCall" title="If: {GetSelectedEnvironment() = &quot;AutomationOrg&quot;}">
                      <childItems>
                        <executionItem endedUtc="1656434017794" executionErrorCount="0" executionStatus="Executed" executionWarningCount="0" failureCount="0" id="root:plans:Shop_Floor:RSTK-9709-CRUD Operation on Labor Pay Type.testinstance:RSTK-9709-CRUD Operation on Labor Pay Type.testcase:2:3.0:934:936:937:938" iterationIndex="-1" skippedCount="0" startedUtc="1656434017762" successfulCount="1" testClauseName="then" testItemClass="ITestClause" title="Then">
                          <childItems>
                            <executionItem endedUtc="1656434017794" executionErrorCount="0" executionStatus="Executed" executionWarningCount="0" failureCount="0" id="root:plans:Shop_Floor:RSTK-9709-CRUD Operation on Labor Pay Type.testinstance:RSTK-9709-CRUD Operation on Labor Pay Type.testcase:2:3.0:934:936:937:938:942" iterationIndex="-1" skippedCount="0" startedUtc="1656434017762" successfulCount="1" testApiId="com.provar.plugins.bundled.apis.control.StepGroup" testItemClass="IApiCall" title="Read Excel data based on selected Enviornment">
                              <childItems>
                                <executionItem endedUtc="1656434017791" executionErrorCount="0" executionStatus="Executed" executionWarningCount="0" failureCount="0" id="root:plans:Shop_Floor:RSTK-9709-CRUD Operation on Labor Pay Type.testinstance:RSTK-9709-CRUD Operation on Labor Pay Type.testcase:2:3.0:934:936:937:938:942:945" iterationIndex="-1" skippedCount="0" startedUtc="1656434017791" successfulCount="1" testClauseName="hidden" testItemClass="ITestClause" title="Steps">
                                  <childItems/>
                                </executionItem>
                              </childItems>
                              <logEntries>
                                <logEntry id="1656434017762" messageType="ParameterValueSource">Loading data from Parameter Value Source ...</logEntry>
                                <logEntry id="1656434017777" messageType="General">Loading Parameter Value Source row 1:</logEntry>
                                <logEntry id="1656434017782" messageType="General">==Column=&gt; RowNumber = PrimitiveValueImpl [ value: 2, valueId=null, createdUpdateSeq=-1, updatedUpdateSeq=-1]</logEntry>
                                <logEntry id="1656434017783" messageType="General">==Column=&gt; LaborPayType = PrimitiveValueImpl [ value: Pro-labPay, valueId=null, createdUpdateSeq=-1, updatedUpdateSeq=-1]</logEntry>
                                <logEntry id="1656434017786" messageType="General">==Column=&gt; Description = PrimitiveValueImpl [ value: Test Description Update, valueId=null, createdUpdateSeq=-1, updatedUpdateSeq=-1]</logEntry>
                                <logEntry id="1656434017787" messageType="General">==Column=&gt; HourlyAddAmount = PrimitiveValueImpl [ value: 10, valueId=null, createdUpdateSeq=-1, updatedUpdateSeq=-1]</logEntry>
                                <logEntry id="1656434017788" messageType="General">==Column=&gt; RateFactor = PrimitiveValueImpl [ value: 1, valueId=null, createdUpdateSeq=-1, updatedUpdateSeq=-1]</logEntry>
                                <logEntry id="1656434017789" logLevel="Update" messageType="General">Loaded 1 rows from Parameter Value Source.</logEntry>
                              </logEntries>
                            </executionItem>
                          </childItems>
                        </executionItem>
                        <executionItem endedUtc="0" executionErrorCount="0" executionWarningCount="0" failureCount="0" id="root:plans:Shop_Floor:RSTK-9709-CRUD Operation on Labor Pay Type.testinstance:RSTK-9709-CRUD Operation on Labor Pay Type.testcase:2:3.0:934:936:937:939" iterationIndex="-1" skippedCount="0" startedUtc="0" successfulCount="0" testClauseName="else" testItemClass="ITestClause" title="Else">
                          <childItems>
                            <executionItem endedUtc="0" executionErrorCount="0" executionWarningCount="0" failureCount="0" id="root:plans:Shop_Floor:RSTK-9709-CRUD Operation on Labor Pay Type.testinstance:RSTK-9709-CRUD Operation on Labor Pay Type.testcase:2:3.0:934:936:937:939:940" iterationIndex="-1" skippedCount="0" startedUtc="0" successfulCount="0" testApiId="com.provar.plugins.bundled.apis.control.StepGroup" testItemClass="IApiCall" title="Read Excel data based on selected Enviornment">
                              <childItems>
                                <executionItem endedUtc="0" executionErrorCount="0" executionWarningCount="0" failureCount="0" id="root:plans:Shop_Floor:RSTK-9709-CRUD Operation on Labor Pay Type.testinstance:RSTK-9709-CRUD Operation on Labor Pay Type.testcase:2:3.0:934:936:937:939:940:943" iterationIndex="-1" skippedCount="0" startedUtc="0" successfulCount="0" testClauseName="hidden" testItemClass="ITestClause" title="Steps">
                                  <childItems/>
                                </executionItem>
                              </childItems>
                            </executionItem>
                          </childItems>
                        </executionItem>
                      </childItems>
                    </executionItem>
                  </childItems>
                </executionItem>
              </childItems>
            </executionItem>
            <executionItem endedUtc="1656434036640" executionErrorCount="0" executionStatus="Executed" executionWarningCount="0" failureCount="0" id="root:plans:Shop_Floor:RSTK-9709-CRUD Operation on Labor Pay Type.testinstance:RSTK-9709-CRUD Operation on Labor Pay Type.testcase:2:3.0:24" iterationIndex="-1" skippedCount="0" startedUtc="1656434017794" successfulCount="1" testApiId="com.provar.plugins.bundled.apis.control.ForEach" testItemClass="IApiCall" title="Update Record">
              <childItems>
                <executionItem endedUtc="1656434036638" executionErrorCount="0" executionStatus="Executed" executionWarningCount="0" failureCount="0" id="root:plans:Shop_Floor:RSTK-9709-CRUD Operation on Labor Pay Type.testinstance:RSTK-9709-CRUD Operation on Labor Pay Type.testcase:2:3.0:24:25.0" iterationIndex="0" skippedCount="0" startedUtc="1656434017801" successfulCount="1" testClauseName="substeps" testItemClass="ITestClause" title="Iteration 1">
                  <childItems>
                    <executionItem endedUtc="1656434036638" executionErrorCount="0" executionStatus="Executed" executionWarningCount="0" failureCount="0" id="root:plans:Shop_Floor:RSTK-9709-CRUD Operation on Labor Pay Type.testinstance:RSTK-9709-CRUD Operation on Labor Pay Type.testcase:2:3.0:24:25.0:26" iterationIndex="-1" skippedCount="0" startedUtc="1656434017801" successfulCount="1" testApiId="com.provar.plugins.forcedotcom.core.ui.UiWithScreen" testItemClass="IApiCall" title="On SF rstk__tapaytype page with pageobject Rstk__tapaytype">
                      <childItems>
                        <executionItem endedUtc="1656434034410" executionErrorCount="0" executionStatus="Executed" executionWarningCount="0" failureCount="0" id="root:plans:Shop_Floor:RSTK-9709-CRUD Operation on Labor Pay Type.testinstance:RSTK-9709-CRUD Operation on Labor Pay Type.testcase:2:3.0:24:25.0:26:27" iterationIndex="-1" skippedCount="0" startedUtc="1656434017972" successfulCount="1" testClauseName="substeps" testItemClass="ITestClause" title="Sub Steps">
                          <childItems>
                            <executionItem endedUtc="1656434018508" executionErrorCount="0" executionStatus="Executed" executionWarningCount="0" failureCount="0" id="root:plans:Shop_Floor:RSTK-9709-CRUD Operation on Labor Pay Type.testinstance:RSTK-9709-CRUD Operation on Labor Pay Type.testcase:2:3.0:24:25.0:26:27:28" iterationIndex="-1" skippedCount="0" startedUtc="1656434017972" successfulCount="1" testApiId="com.provar.plugins.forcedotcom.core.ui.UiDoAction" testItemClass="IApiCall" title="Click the Edit button">
                              <childItems/>
                              <logEntries>
                                <logEntry id="1656434017978" messageType="General">Start of Interact.  Connection: SFConnection, Locator: ui:locator?name=edit, before wait: default, after wait: default, auto retry: default</logEntry>
                                <logEntry id="1656434018049" messageType="General">Locator: ui:locator?name=edit</logEntry>
                                <logEntry id="1656434018049" messageType="General">Interaction: ui:interaction?name=action</logEntry>
                                <logEntry id="1656434018115" messageType="General">Switched focus to main window.  URL: https://automationtesting2--rstk.visualforce.com/apex/tapaytype?actionType=view&amp;id=a9T5f000000shwB</logEntry>
                                <logEntry id="1656434018145" messageType="General">Doing before wait.  waitUrl: default</logEntry>
                                <logEntry id="1656434018146" messageType="General">End of &amp;lt;default&amp;gt; wait.</logEntry>
                                <logEntry id="1656434018149" messageType="General">Doing after wait.  waitUrl: default</logEntry>
                                <logEntry id="1656434018415" messageType="General">Clicking WebElement.  WebElement [tag: input, text: Edit]</logEntry>
                                <logEntry id="1656434018449" messageType="General">Doing after wait.  waitUrl: default</logEntry>
                                <logEntry id="1656434018449" messageType="General">End of &amp;lt;default&amp;gt; wait.</logEntry>
                                <logEntry id="1656434018450" messageType="General">Going to update browser window handles.</logEntry>
                                <logEntry id="1656434018450" logLevel="Debug" messageType="General">Update browser window handles.</logEntry>
                                <logEntry id="1656434018508" logLevel="Update" messageType="General">Successfully updated browser window handles.</logEntry>
                              </logEntries>
                            </executionItem>
                            <executionItem endedUtc="1656434022678" executionErrorCount="0" executionStatus="Executed" executionWarningCount="0" failureCount="0" id="root:plans:Shop_Floor:RSTK-9709-CRUD Operation on Labor Pay Type.testinstance:RSTK-9709-CRUD Operation on Labor Pay Type.testcase:2:3.0:24:25.0:26:27:29" iterationIndex="-1" skippedCount="0" startedUtc="1656434018508" successfulCount="1" testApiId="com.provar.plugins.forcedotcom.core.ui.UiDoAction" testItemClass="IApiCall" title="Set the Description field to Test">
                              <childItems/>
                              <logEntries>
                                <logEntry id="1656434018511" messageType="General">Start of Interact.  Connection: SFConnection, Locator: ui:locator?name=description, before wait: default, after wait: default, auto retry: default</logEntry>
                                <logEntry id="1656434018586" messageType="General">Locator: ui:locator?name=description</logEntry>
                                <logEntry id="1656434018586" messageType="General">Interaction: ui:interaction?name=set</logEntry>
                                <logEntry id="1656434021805" messageType="General">Switched focus to main window.  URL: https://automationtesting2--rstk.visualforce.com/apex/tapaytype?id=a9T5f000000shwB&amp;sfdc.override=1</logEntry>
                                <logEntry id="1656434021925" messageType="General">Doing before wait.  waitUrl: default</logEntry>
                                <logEntry id="1656434021925" messageType="General">End of &amp;lt;default&amp;gt; wait.</logEntry>
                                <logEntry id="1656434021926" messageType="General">Doing after wait.  waitUrl: default</logEntry>
                                <logEntry id="1656434022025" messageType="General">Got webElement.  tagName: INPUT, id: pg:fm:pb:pbs_Main:j_id114:tapaytype_desc__c:j_id116:j_id122, type: text, selector: null</logEntry>
                                <logEntry id="1656434022213" messageType="General">Typing value.  tagName: INPUT, type: text, value: Test, blur: false, selector: null</logEntry>
                                <logEntry id="1656434022617" messageType="General">Doing after wait.  waitUrl: default</logEntry>
                                <logEntry id="1656434022618" messageType="General">End of &amp;lt;default&amp;gt; wait.</logEntry>
                                <logEntry id="1656434022618" messageType="General">Going to update browser window handles.</logEntry>
                                <logEntry id="1656434022618" logLevel="Debug" messageType="General">Update browser window handles.</logEntry>
                                <logEntry id="1656434022678" logLevel="Update" messageType="General">Successfully updated browser window handles.</logEntry>
                              </logEntries>
                            </executionItem>
                            <executionItem endedUtc="1656434023733" executionErrorCount="0" executionStatus="Executed" executionWarningCount="0" failureCount="0" id="root:plans:Shop_Floor:RSTK-9709-CRUD Operation on Labor Pay Type.testinstance:RSTK-9709-CRUD Operation on Labor Pay Type.testcase:2:3.0:24:25.0:26:27:30" iterationIndex="-1" skippedCount="0" startedUtc="1656434022679" successfulCount="1" testApiId="com.provar.plugins.forcedotcom.core.ui.UiDoAction" testItemClass="IApiCall" title="Set the Hourly Add Amount field to 10">
                              <childItems/>
                              <logEntries>
                                <logEntry id="1656434022684" messageType="General">Start of Interact.  Connection: SFConnection, Locator: ui:locator?name=hourlyAddAmount, before wait: default, after wait: default, auto retry: default</logEntry>
                                <logEntry id="1656434022756" messageType="General">Locator: ui:locator?name=hourlyAddAmount</logEntry>
                                <logEntry id="1656434022756" messageType="General">Interaction: ui:interaction?name=set</logEntry>
                                <logEntry id="1656434022823" messageType="General">Switched focus to main window.  URL: https://automationtesting2--rstk.visualforce.com/apex/tapaytype?id=a9T5f000000shwB&amp;sfdc.override=1</logEntry>
                                <logEntry id="1656434022934" messageType="General">Doing before wait.  waitUrl: default</logEntry>
                                <logEntry id="1656434022935" messageType="General">End of &amp;lt;default&amp;gt; wait.</logEntry>
                                <logEntry id="1656434022937" messageType="General">Doing after wait.  waitUrl: default</logEntry>
                                <logEntry id="1656434022998" messageType="General">Got webElement.  tagName: INPUT, id: pg:fm:pb:pbs_Main:j_id128:tapaytype_addamount__c:j_id130:j_id136, type: text, selector: null</logEntry>
                                <logEntry id="1656434023189" messageType="General">Typing value.  tagName: INPUT, type: text, value: 10, blur: false, selector: null</logEntry>
                                <logEntry id="1656434023667" messageType="General">Doing after wait.  waitUrl: default</logEntry>
                                <logEntry id="1656434023668" messageType="General">End of &amp;lt;default&amp;gt; wait.</logEntry>
                                <logEntry id="1656434023669" messageType="General">Going to update browser window handles.</logEntry>
                                <logEntry id="1656434023669" logLevel="Debug" messageType="General">Update browser window handles.</logEntry>
                                <logEntry id="1656434023733" logLevel="Update" messageType="General">Successfully updated browser window handles.</logEntry>
                              </logEntries>
                            </executionItem>
                            <executionItem endedUtc="1656434024714" executionErrorCount="0" executionStatus="Executed" executionWarningCount="0" failureCount="0" id="root:plans:Shop_Floor:RSTK-9709-CRUD Operation on Labor Pay Type.testinstance:RSTK-9709-CRUD Operation on Labor Pay Type.testcase:2:3.0:24:25.0:26:27:31" iterationIndex="-1" skippedCount="0" startedUtc="1656434023733" successfulCount="1" testApiId="com.provar.plugins.forcedotcom.core.ui.UiDoAction" testItemClass="IApiCall" title="Set the Rate Factor field to {op_create.RateFactor}">
                              <childItems/>
                              <logEntries>
                                <logEntry id="1656434023740" messageType="General">Start of Interact.  Connection: SFConnection, Locator: ui:locator?name=rateFactor, before wait: default, after wait: default, auto retry: default</logEntry>
                                <logEntry id="1656434023813" messageType="General">Locator: ui:locator?name=rateFactor</logEntry>
                                <logEntry id="1656434023813" messageType="General">Interaction: ui:interaction?name=set</logEntry>
                                <logEntry id="1656434023881" messageType="General">Switched focus to main window.  URL: https://automationtesting2--rstk.visualforce.com/apex/tapaytype?id=a9T5f000000shwB&amp;sfdc.override=1</logEntry>
                                <logEntry id="1656434024021" messageType="General">Doing before wait.  waitUrl: default</logEntry>
                                <logEntry id="1656434024021" messageType="General">End of &amp;lt;default&amp;gt; wait.</logEntry>
                                <logEntry id="1656434024022" messageType="General">Doing after wait.  waitUrl: default</logEntry>
                                <logEntry id="1656434024081" messageType="General">Got webElement.  tagName: INPUT, id: pg:fm:pb:pbs_Main:j_id142:tapaytype_ratefactor__c:j_id144:j_id150, type: text, selector: null</logEntry>
                                <logEntry id="1656434024271" messageType="General">Typing value.  tagName: INPUT, type: text, value: , blur: false, selector: null</logEntry>
                                <logEntry id="1656434024660" messageType="General">Doing after wait.  waitUrl: default</logEntry>
                                <logEntry id="1656434024660" messageType="General">End of &amp;lt;default&amp;gt; wait.</logEntry>
                                <logEntry id="1656434024660" messageType="General">Going to update browser window handles.</logEntry>
                                <logEntry id="1656434024660" logLevel="Debug" messageType="General">Update browser window handles.</logEntry>
                                <logEntry id="1656434024713" logLevel="Update" messageType="General">Successfully updated browser window handles.</logEntry>
                              </logEntries>
                            </executionItem>
                            <executionItem endedUtc="1656434032119" executionErrorCount="0" executionStatus="Executed" executionWarningCount="0" failureCount="0" id="root:plans:Shop_Floor:RSTK-9709-CRUD Operation on Labor Pay Type.testinstance:RSTK-9709-CRUD Operation on Labor Pay Type.testcase:2:3.0:24:25.0:26:27:32" iterationIndex="-1" skippedCount="0" startedUtc="1656434024714" successfulCount="1" testApiId="com.provar.plugins.forcedotcom.core.ui.UiDoAction" testItemClass="IApiCall" title="Click the Save button">
                              <childItems/>
                              <logEntries>
                                <logEntry id="1656434024721" messageType="General">Start of Interact.  Connection: SFConnection, Locator: ui:locator?name=save, before wait: default, after wait: default, auto retry: default</logEntry>
                                <logEntry id="1656434024793" messageType="General">Locator: ui:locator?name=save</logEntry>
                                <logEntry id="1656434024793" messageType="General">Interaction: ui:interaction?name=action</logEntry>
                                <logEntry id="1656434024858" messageType="General">Switched focus to main window.  URL: https://automationtesting2--rstk.visualforce.com/apex/tapaytype?id=a9T5f000000shwB&amp;sfdc.override=1</logEntry>
                                <logEntry id="1656434024891" messageType="General">Doing before wait.  waitUrl: default</logEntry>
                                <logEntry id="1656434024891" messageType="General">End of &amp;lt;default&amp;gt; wait.</logEntry>
                                <logEntry id="1656434024891" messageType="General">Doing after wait.  waitUrl: default</logEntry>
                                <logEntry id="1656434025192" messageType="General">Clicking WebElement.  WebElement [tag: input, text: Save]</logEntry>
                                <logEntry id="1656434025225" messageType="General">Doing after wait.  waitUrl: default</logEntry>
                                <logEntry id="1656434025225" messageType="General">waitAnno: @com.provar.core.testapi.annotations.PageObjectWait(implementation=class com.provar.core.testapi.BackgroundActivityWait)</logEntry>
                                <logEntry id="1656434025225" messageType="General">Doing background activity wait.  Timeout(seconds): 60, Interval(milliseconds): 500</logEntry>
                                <logEntry id="1656434032061" logLevel="Update" messageType="General">Background activity wait successful.  Actual duration(seconds): 6.835</logEntry>
                                <logEntry id="1656434032061" messageType="General">End of &amp;lt;default&amp;gt; wait.</logEntry>
                                <logEntry id="1656434032061" messageType="General">Going to update browser window handles.</logEntry>
                                <logEntry id="1656434032061" logLevel="Debug" messageType="General">Update browser window handles.</logEntry>
                                <logEntry id="1656434032118" logLevel="Update" messageType="General">Successfully updated browser window handles.</logEntry>
                              </logEntries>
                            </executionItem>
                            <executionItem endedUtc="1656434034410" executionErrorCount="0" executionStatus="Executed" executionWarningCount="0" failureCount="0" id="root:plans:Shop_Floor:RSTK-9709-CRUD Operation on Labor Pay Type.testinstance:RSTK-9709-CRUD Operation on Labor Pay Type.testcase:2:3.0:24:25.0:26:27:33" iterationIndex="-1" skippedCount="0" startedUtc="1656434032119" successfulCount="1" testApiId="com.provar.plugins.forcedotcom.core.ui.UiAssert" testItemClass="IApiCall" title="UI Assert">
                              <childItems/>
                              <logEntries>
                                <logEntry id="1656434032120" messageType="General">Start of UiAssert.  Connection: SFConnection</logEntry>
                                <logEntry id="1656434032198" messageType="General">Resolving field name</logEntry>
                                <logEntry id="1656434032268" messageType="General">Switched focus to main window.  URL: https://automationtesting2--rstk.visualforce.com/apex/tapaytype?actionType=view&amp;id=a9T5f000000shwB</logEntry>
                                <logEntry id="1656434032268" messageType="General">Doing before wait.  waitUrl: default</logEntry>
                                <logEntry id="1656434032269" messageType="General">End of &amp;lt;default&amp;gt; wait.</logEntry>
                                <logEntry id="1656434033435" messageType="General">Switched focus to main window.  URL: https://automationtesting2--rstk.visualforce.com/apex/tapaytype?actionType=view&amp;id=a9T5f000000shwB</logEntry>
                                <logEntry id="1656434034352" messageType="General">Asserting field attributes: name</logEntry>
                                <logEntry id="1656434034352" messageType="General">Asserting Attribute: value to PrimitiveValueImpl [ value: Pro-labPay (Test), valueId=0, createdUpdateSeq=1860, updatedUpdateSeq=1860]</logEntry>
                                <logEntry id="1656434034352" messageType="AssertionSuccessful">Assertion successful.Pro-labPay (Test) EqualTo Pro-labPay (Test)</logEntry>
                                <logEntry id="1656434034352" messageType="General">Object read successfully.  Result Name: op_labPayName</logEntry>
                                <logEntry id="1656434034353" messageType="General">Going to update browser window handles.</logEntry>
                                <logEntry id="1656434034353" logLevel="Debug" messageType="General">Update browser window handles.</logEntry>
                                <logEntry id="1656434034409" logLevel="Update" messageType="General">Successfully updated browser window handles.</logEntry>
                              </logEntries>
                            </executionItem>
                          </childItems>
                        </executionItem>
                      </childItems>
                      <logEntries>
                        <logEntry id="1656434017804" messageType="General">Start of With Screen.  Connection Name: SFConnection, target: sf:ui:target?page=rstk__tapaytype&amp;pageObject=pageobjects.rstk__tapaytype</logEntry>
                        <logEntry id="1656434017889" messageType="General">Opening Page context.  Name: screen, data: null, frame: null</logEntry>
                        <logEntry id="1656434017917" messageType="General">Going to update browser window handles.</logEntry>
                        <logEntry id="1656434017917" logLevel="Debug" messageType="General">Update browser window handles.</logEntry>
                        <logEntry id="1656434017970" logLevel="Update" messageType="General">Successfully updated browser window handles.</logEntry>
                        <logEntry id="1656434034419" messageType="General">All Sub-Test Steps were successful.</logEntry>
                        <logEntry id="1656434034484" messageType="General">Closing Page context.  Name: screen, data: null, frame: null</logEntry>
                        <logEntry id="1656434034484" messageType="General">Main window reselected.  Window: main</logEntry>
                        <logEntry id="1656434034552" messageType="General">Switched focus to main window.  URL: https://automationtesting2--rstk.visualforce.com/apex/tapaytype?actionType=view&amp;id=a9T5f000000shwB</logEntry>
                        <logEntry id="1656434036557" messageType="General">Going to update browser window handles.</logEntry>
                        <logEntry id="1656434036557" logLevel="Debug" messageType="General">Update browser window handles.</logEntry>
                        <logEntry id="1656434036637" logLevel="Update" messageType="General">Successfully updated browser window handles.</logEntry>
                      </logEntries>
                    </executionItem>
                  </childItems>
                </executionItem>
              </childItems>
              <logEntries>
                <logEntry id="1656434017796" messageType="General">Start of iteration 1 of 1.</logEntry>
                <logEntry id="1656434036640" messageType="General">Reached the end of the List.</logEntry>
              </logEntries>
            </executionItem>
            <executionItem endedUtc="1656434047817" executionErrorCount="0" executionStatus="Executed" executionWarningCount="0" failureCount="0" id="root:plans:Shop_Floor:RSTK-9709-CRUD Operation on Labor Pay Type.testinstance:RSTK-9709-CRUD Operation on Labor Pay Type.testcase:2:3.0:34" iterationIndex="-1" skippedCount="0" startedUtc="1656434036640" successfulCount="1" testApiId="com.provar.plugins.bundled.apis.control.StepGroup" testItemClass="IApiCall" title="Delete Record">
              <childItems>
                <executionItem endedUtc="1656434047814" executionErrorCount="0" executionStatus="Executed" executionWarningCount="0" failureCount="0" id="root:plans:Shop_Floor:RSTK-9709-CRUD Operation on Labor Pay Type.testinstance:RSTK-9709-CRUD Operation on Labor Pay Type.testcase:2:3.0:34:35" iterationIndex="-1" skippedCount="0" startedUtc="1656434036642" successfulCount="1" testClauseName="hidden" testItemClass="ITestClause" title="Steps">
                  <childItems>
                    <executionItem endedUtc="1656434047814" executionErrorCount="0" executionStatus="Executed" executionWarningCount="0" failureCount="0" id="root:plans:Shop_Floor:RSTK-9709-CRUD Operation on Labor Pay Type.testinstance:RSTK-9709-CRUD Operation on Labor Pay Type.testcase:2:3.0:34:35:36" iterationIndex="-1" skippedCount="0" startedUtc="1656434036642" successfulCount="1" testApiId="com.provar.plugins.forcedotcom.core.ui.UiWithScreen" testItemClass="IApiCall" title="On SF rstk__tapaytype page with pageobject Rstk__tapaytype">
                      <childItems>
                        <executionItem endedUtc="1656434045583" executionErrorCount="0" executionStatus="Executed" executionWarningCount="0" failureCount="0" id="root:plans:Shop_Floor:RSTK-9709-CRUD Operation on Labor Pay Type.testinstance:RSTK-9709-CRUD Operation on Labor Pay Type.testcase:2:3.0:34:35:36:37" iterationIndex="-1" skippedCount="0" startedUtc="1656434036811" successfulCount="1" testClauseName="substeps" testItemClass="ITestClause" title="Sub Steps">
                          <childItems>
                            <executionItem endedUtc="1656434037363" executionErrorCount="0" executionStatus="Executed" executionWarningCount="0" failureCount="0" id="root:plans:Shop_Floor:RSTK-9709-CRUD Operation on Labor Pay Type.testinstance:RSTK-9709-CRUD Operation on Labor Pay Type.testcase:2:3.0:34:35:36:37:44" iterationIndex="-1" skippedCount="0" startedUtc="1656434036811" successfulCount="1" testApiId="com.provar.plugins.forcedotcom.core.ui.UiDoAction" testItemClass="IApiCall" title="Click the Delete button">
                              <childItems/>
                              <logEntries>
                                <logEntry id="1656434036813" messageType="General">Start of Interact.  Connection: SFConnection, Locator: ui:locator?name=delete, before wait: default, after wait: default, auto retry: default</logEntry>
                                <logEntry id="1656434036890" messageType="General">Locator: ui:locator?name=delete</logEntry>
                                <logEntry id="1656434036890" messageType="General">Interaction: ui:interaction?name=action</logEntry>
                                <logEntry id="1656434036955" messageType="General">Switched focus to main window.  URL: https://automationtesting2--rstk.visualforce.com/apex/tapaytype?actionType=view&amp;id=a9T5f000000shwB</logEntry>
                                <logEntry id="1656434036990" messageType="General">Doing before wait.  waitUrl: default</logEntry>
                                <logEntry id="1656434036990" messageType="General">End of &amp;lt;default&amp;gt; wait.</logEntry>
                                <logEntry id="1656434036990" messageType="General">Doing after wait.  waitUrl: default</logEntry>
                                <logEntry id="1656434037270" messageType="General">Clicking WebElement.  WebElement [tag: input, text: Delete]</logEntry>
                                <logEntry id="1656434037302" messageType="General">Doing after wait.  waitUrl: default</logEntry>
                                <logEntry id="1656434037303" messageType="General">End of &amp;lt;default&amp;gt; wait.</logEntry>
                                <logEntry id="1656434037303" messageType="General">Going to update browser window handles.</logEntry>
                                <logEntry id="1656434037303" logLevel="Debug" messageType="General">Update browser window handles.</logEntry>
                                <logEntry id="1656434037363" logLevel="Update" messageType="General">Successfully updated browser window handles.</logEntry>
                              </logEntries>
                            </executionItem>
                            <executionItem endedUtc="1656434044425" executionErrorCount="0" executionStatus="Executed" executionWarningCount="0" failureCount="0" id="root:plans:Shop_Floor:RSTK-9709-CRUD Operation on Labor Pay Type.testinstance:RSTK-9709-CRUD Operation on Labor Pay Type.testcase:2:3.0:34:35:36:37:45" iterationIndex="-1" skippedCount="0" startedUtc="1656434037363" successfulCount="1" testApiId="com.provar.plugins.forcedotcom.core.ui.UiHandleAlert" testItemClass="IApiCall" title="Handle UI Alerts">
                              <childItems/>
                              <logEntries>
                                <logEntry id="1656434037365" messageType="General">Start of Handle Alert.  Connection: SFConnection</logEntry>
                                <logEntry id="1656434037939" messageType="General">Sending screenshot.  Data length: 66575</logEntry>
                                <logEntry id="1656434041981" messageType="General">Start of Alert Wait.  Timeout (seconds): 30</logEntry>
                                <logEntry id="1656434041997" messageType="General">Polling for Alert successful.  Attempt: 1</logEntry>
                                <logEntry id="1656434041997" messageType="General">End of Alert Wait.  Actual duration(seconds): 0.016</logEntry>
                                <logEntry id="1656434041997" messageType="General">Switching to alert.  ExpectedMessage: Delete this record?</logEntry>
                                <logEntry id="1656434042029" messageType="General">Got alert text: Delete this record?</logEntry>
                                <logEntry id="1656434042029" messageType="General">com.provar.core.model.base.java.ComparisonType$Options@6adfff69</logEntry>
                                <logEntry id="1656434042029" messageType="General">Asserting Alert Message, To: 'Delete this record?', Comparision Type: Equals</logEntry>
                                <logEntry id="1656434042029" messageType="AssertionSuccessful">Assertion successful. 'Delete this record?' Equals 'Delete this record?'</logEntry>
                                <logEntry id="1656434042029" messageType="General">Accepting alert.</logEntry>
                                <logEntry id="1656434042063" messageType="General">Switching back to current frame.</logEntry>
                                <logEntry id="1656434044362" messageType="General">Switched focus to main window.  URL: https://automationtesting2.my.salesforce.com/a9T</logEntry>
                                <logEntry id="1656434044362" messageType="General">Going to update browser window handles.</logEntry>
                                <logEntry id="1656434044362" logLevel="Debug" messageType="General">Update browser window handles.</logEntry>
                                <logEntry id="1656434044424" logLevel="Update" messageType="General">Successfully updated browser window handles.</logEntry>
                              </logEntries>
                              <testArtifacts>
                                <artifactFile artifactsRelativePath="ScreenShot36" createdTimestamp="1656434037939" mimeContentType="image/png" name="ScreenShot36" title="Before Screenshot : 2022/06/28 22:03:57"/>
                              </testArtifacts>
                            </executionItem>
                            <executionItem endedUtc="1656434045576" executionErrorCount="0" executionStatus="Executed" executionWarningCount="0" failureCount="0" id="root:plans:Shop_Floor:RSTK-9709-CRUD Operation on Labor Pay Type.testinstance:RSTK-9709-CRUD Operation on Labor Pay Type.testcase:2:3.0:34:35:36:37:46" iterationIndex="-1" skippedCount="0" startedUtc="1656434044425" successfulCount="1" testApiId="com.provar.plugins.forcedotcom.core.testapis.ApexSoqlQuery" testItemClass="IApiCall" title="Read Labor Pay Type Record Count">
                              <childItems/>
                              <logEntries>
                                <logEntry id="1656434044427" messageType="General">Reading a Salesforce object.  Connection Name: SFConnection, Query: select count() from rstk__tapaytype__c where Name='Pro-labPay (Test)'</logEntry>
                                <logEntry id="1656434045574" messageType="General">The count query returned 0.</logEntry>
                              </logEntries>
                            </executionItem>
                            <executionItem endedUtc="1656434045583" executionErrorCount="0" executionStatus="Executed" executionWarningCount="0" failureCount="0" id="root:plans:Shop_Floor:RSTK-9709-CRUD Operation on Labor Pay Type.testinstance:RSTK-9709-CRUD Operation on Labor Pay Type.testcase:2:3.0:34:35:36:37:47" iterationIndex="-1" skippedCount="0" startedUtc="1656434045576" successfulCount="1" testApiId="com.provar.plugins.bundled.apis.AssertValues" testItemClass="IApiCall" title="Assert: 0 EqualTo 0">
                              <childItems/>
                              <logEntries>
                                <logEntry id="1656434045581" messageType="AssertionSuccessful">Assertion successful. (result) 0 = 0 (target)</logEntry>
                              </logEntries>
                            </executionItem>
                          </childItems>
                        </executionItem>
                      </childItems>
                      <logEntries>
                        <logEntry id="1656434036644" messageType="General">Start of With Screen.  Connection Name: SFConnection, target: sf:ui:target?page=rstk__tapaytype&amp;pageObject=pageobjects.rstk__tapaytype</logEntry>
                        <logEntry id="1656434036731" messageType="General">Opening Page context.  Name: screen, data: null, frame: null</logEntry>
                        <logEntry id="1656434036755" messageType="General">Going to update browser window handles.</logEntry>
                        <logEntry id="1656434036755" logLevel="Debug" messageType="General">Update browser window handles.</logEntry>
                        <logEntry id="1656434036811" logLevel="Update" messageType="General">Successfully updated browser window handles.</logEntry>
                        <logEntry id="1656434045590" messageType="General">All Sub-Test Steps were successful.</logEntry>
                        <logEntry id="1656434045667" messageType="General">Closing Page context.  Name: screen, data: null, frame: null</logEntry>
                        <logEntry id="1656434045667" messageType="General">Main window reselected.  Window: main</logEntry>
                        <logEntry id="1656434045732" messageType="General">Switched focus to main window.  URL: https://automationtesting2.my.salesforce.com/a9T</logEntry>
                        <logEntry id="1656434047733" messageType="General">Going to update browser window handles.</logEntry>
                        <logEntry id="1656434047733" logLevel="Debug" messageType="General">Update browser window handles.</logEntry>
                        <logEntry id="1656434047813" logLevel="Update" messageType="General">Successfully updated browser window handles.</logEntry>
                      </logEntries>
                    </executionItem>
                  </childItems>
                </executionItem>
              </childItems>
            </executionItem>
          </childItems>
        </executionItem>
      </childItems>
      <logEntries>
        <logEntry id="1656433974373" messageType="General">Start of iteration 1 of 1.</logEntry>
        <logEntry id="1656434047820" messageType="General">Reached the end of the List.</logEntry>
      </logEntries>
    </executionItem>
  </childItems>
</executionItem>
