<?xml version="1.0" encoding="UTF-8" standalone="no"?>
<executionItem endedUtc="1658165029666" executionErrorCount="0" executionStatus="Executed" executionWarningCount="0" failureCount="1" id="root:plans:POSYDATA:RSTK-9084-SYDATA-PO Receipt.testinstance:RSTK-9084-SYDATA-PO Receipt.testcase" iterationIndex="-1" skippedCount="0" startedUtc="1658164983995" successfulCount="0" testCasePath="D:\\provar\\Chandra Demo\\Parallel-Execution\\tests\\PO_SYDATA" testItemClass="ITestCase" title="RSTK-9084-SYDATA-PO Receipt.testcase">
  <testItemSummary/>
  <childItems>
    <executionItem endedUtc="1658164993827" executionErrorCount="0" executionStatus="Executed" executionWarningCount="0" failureCount="0" id="root:plans:POSYDATA:RSTK-9084-SYDATA-PO Receipt.testinstance:RSTK-9084-SYDATA-PO Receipt.testcase:1" iterationIndex="-1" skippedCount="0" startedUtc="1658164984033" successfulCount="1" testApiId="com.provar.plugins.forcedotcom.core.testapis.ApexConnect" testItemClass="IApiCall" title="Salesforce Connect: SFConnection (Test)">
      <childItems/>
      <logEntries>
        <logEntry id="1658164984211" messageType="General">Connecting to Salesforce as QARSF_Admin</logEntry>
        <logEntry id="1658164984213" logLevel="Debug" messageType="General">Connection details. Connection name: QARSF_Admin, result name: SFConnection, result scope: Test, urlString: sf:environment=PRERELEASE;apiLoginUrl=https://automationtesting2.my.salesforce.com;identityServiceUrl=https://login.salesforce.com/id/00D5f000005vwGkEAI/0055f000008Hn0WAAS;clientId={clientId};clientSecret={clientSecret};authenticationType=OAUTH;callbackUrl={callbackUrl};accessToken={accessToken};refreshToken={refreshToken}, environment: AutomationOrg, clientId: [supplied], clientSecret: [supplied], callBackUrl: [supplied], accessToken: [supplied], refreshToken: [supplied]</logEntry>
        <logEntry id="1658164984215" logLevel="Debug" messageType="General">Create object id log file.</logEntry>
        <logEntry id="1658164984223" logLevel="Trace" messageType="General">Absolute path: D:\\provar\\Chandra Demo\\Parallel-Execution\\ANT\\..\\ANT\\Results(12)\\Artifacts\\QARSF_Admin-objectids.log</logEntry>
        <logEntry id="1658164986230" messageType="Progress">Perfom OAuth Login ... 0%</logEntry>
        <logEntry id="1658164988748" logLevel="Debug" messageType="General">Access Token refreshed successfully.</logEntry>
        <logEntry id="1658164988748" logLevel="Update" messageType="Progress">Doing OAuth login: Validating session token ... 0%</logEntry>
        <logEntry id="1658164988748" logLevel="Update" messageType="Progress">Doing OAuth login: Calling Salesforce Indentity Service ... 0%</logEntry>
        <logEntry id="1658164990216" logLevel="Update" messageType="Progress">Doing OAuth login ... 50%</logEntry>
        <logEntry id="1658164991591" logLevel="Debug" messageType="General">Identity Service successful. ToolingEndpoint: https://automationtesting2.my.salesforce.com/services/Soap/T/53.0/00D5f000005vwGk, ToolingRestEndpoint: https://automationtesting2.my.salesforce.com/services/data/v53.0/tooling/, PartnerEndpoint: https://automationtesting2.my.salesforce.com/services/Soap/u/53.0/00D5f000005vwGk, MetadataEndpoint: https://automationtesting2.my.salesforce.com/services/Soap/m/53.0/00D5f000005vwGk, EnterpriseEndpoint: https://automationtesting2.my.salesforce.com/services/Soap/c/53.0/00D5f000005vwGk</logEntry>
        <logEntry id="1658164991591" logLevel="Debug" messageType="General">Opening Partner connection</logEntry>
        <logEntry id="1658164991591" logLevel="Trace" messageType="General">Connection configurations: userName: automation@rootstock.com,  password: [empty], securityToken: [empty], authEndpoint: https://automationtesting2.my.salesforce.com/services/Soap/u/53.0, serviceEndpoint: https://automationtesting2.my.salesforce.com/services/Soap/u/53.0/00D5f000005vwGk</logEntry>
        <logEntry id="1658164993780" logLevel="Debug" messageType="General">Opening SOAP connection</logEntry>
        <logEntry id="1658164993780" logLevel="Trace" messageType="General">Connection configurations: userName: automation@rootstock.com,  password: [empty], securityToken: [empty], authEndpoint: https://automationtesting2.my.salesforce.com/services/Soap/u/53.0, serviceEndpoint: https://automationtesting2.my.salesforce.com/services/Soap/u/53.0</logEntry>
        <logEntry id="1658164993780" logLevel="Debug" messageType="General">Opening Metadata connection</logEntry>
        <logEntry id="1658164993780" logLevel="Trace" messageType="General">Connection configurations: userName: null,  password: [empty], securityToken: [empty], authEndpoint: https://automationtesting2.my.salesforce.com/services/Soap/u/53.0, serviceEndpoint: https://automationtesting2.my.salesforce.com/services/Soap/m/53.0/00D5f000005vwGk</logEntry>
        <logEntry id="1658164993827" logLevel="Update" messageType="General">Successfully connected to Salesforce as QARSF_Admin</logEntry>
      </logEntries>
    </executionItem>
    <executionItem endedUtc="1658164996788" executionErrorCount="0" executionStatus="Executed" executionWarningCount="0" failureCount="0" id="root:plans:POSYDATA:RSTK-9084-SYDATA-PO Receipt.testinstance:RSTK-9084-SYDATA-PO Receipt.testcase:87" iterationIndex="-1" skippedCount="0" startedUtc="1658164993838" successfulCount="1" testApiId="com.provar.plugins.bundled.apis.control.StepGroup" testItemClass="IApiCall" title="Reading Excel Data">
      <childItems>
        <executionItem endedUtc="1658164996788" executionErrorCount="0" executionStatus="Executed" executionWarningCount="0" failureCount="0" id="root:plans:POSYDATA:RSTK-9084-SYDATA-PO Receipt.testinstance:RSTK-9084-SYDATA-PO Receipt.testcase:87:242" iterationIndex="-1" skippedCount="0" startedUtc="1658164993858" successfulCount="1" testClauseName="hidden" testItemClass="ITestClause" title="Steps">
          <childItems>
            <executionItem endedUtc="1658164994224" executionErrorCount="0" executionStatus="Executed" executionWarningCount="0" failureCount="0" id="root:plans:POSYDATA:RSTK-9084-SYDATA-PO Receipt.testinstance:RSTK-9084-SYDATA-PO Receipt.testcase:87:242:245" iterationIndex="-1" skippedCount="0" startedUtc="1658164993858" successfulCount="1" testItemClass="ITestCaseCall" title="Call ReadExcelPath">
              <childItems>
                <executionItem endedUtc="1658164994062" executionErrorCount="0" executionStatus="Executed" executionWarningCount="0" failureCount="0" id="root:plans:POSYDATA:RSTK-9084-SYDATA-PO Receipt.testinstance:RSTK-9084-SYDATA-PO Receipt.testcase:87:242:245:ReadExcelPath.testcase" iterationIndex="-1" skippedCount="0" startedUtc="1658164993858" successfulCount="1" testCasePath="D:\\provar\\Chandra Demo\\Parallel-Execution\\tests\\Purchase Order\\Callable" testItemClass="ITestCase" title="ReadExcelPath">
                  <testItemSummary/>
                  <childItems>
                    <executionItem endedUtc="1658164993905" executionErrorCount="0" executionStatus="Executed" executionWarningCount="0" failureCount="0" id="root:plans:POSYDATA:RSTK-9084-SYDATA-PO Receipt.testinstance:RSTK-9084-SYDATA-PO Receipt.testcase:87:242:245:ReadExcelPath.testcase:1" iterationIndex="-1" skippedCount="0" startedUtc="1658164993858" successfulCount="1" testApiId="com.provar.plugins.forcedotcom.core.testapis.ApexConnect" testItemClass="IApiCall" title="Salesforce Connect: SFConnection (Test)">
                      <childItems/>
                      <logEntries>
                        <logEntry id="1658164993889" messageType="General">Connecting to Salesforce as QARSF_Admin</logEntry>
                        <logEntry id="1658164993889" logLevel="Update" messageType="General">Re-using existing connection. Connection: QARSF_Admin, Result Name: SFConnection</logEntry>
                      </logEntries>
                    </executionItem>
                    <executionItem endedUtc="1658164993984" executionErrorCount="0" executionStatus="Executed" executionWarningCount="0" failureCount="0" id="root:plans:POSYDATA:RSTK-9084-SYDATA-PO Receipt.testinstance:RSTK-9084-SYDATA-PO Receipt.testcase:87:242:245:ReadExcelPath.testcase:118" iterationIndex="-1" skippedCount="0" startedUtc="1658164993905" successfulCount="1" testApiId="com.provar.plugins.bundled.apis.If" testItemClass="IApiCall" title="If: {GetSelectedEnvironment() = &quot;QARSF&quot;}">
                      <childItems>
                        <executionItem endedUtc="0" executionErrorCount="0" executionWarningCount="0" failureCount="0" id="root:plans:POSYDATA:RSTK-9084-SYDATA-PO Receipt.testinstance:RSTK-9084-SYDATA-PO Receipt.testcase:87:242:245:ReadExcelPath.testcase:118:119" iterationIndex="-1" skippedCount="0" startedUtc="0" successfulCount="0" testClauseName="then" testItemClass="ITestClause" title="Then">
                          <childItems>
                            <executionItem endedUtc="0" executionErrorCount="0" executionWarningCount="0" failureCount="0" id="root:plans:POSYDATA:RSTK-9084-SYDATA-PO Receipt.testinstance:RSTK-9084-SYDATA-PO Receipt.testcase:87:242:245:ReadExcelPath.testcase:118:119:139" iterationIndex="-1" skippedCount="0" startedUtc="0" successfulCount="0" testApiId="com.provar.plugins.bundled.apis.control.SetValues" testItemClass="IApiCall" title="Set Values: poui">
                              <childItems/>
                            </executionItem>
                            <executionItem endedUtc="0" executionErrorCount="0" executionWarningCount="0" failureCount="0" id="root:plans:POSYDATA:RSTK-9084-SYDATA-PO Receipt.testinstance:RSTK-9084-SYDATA-PO Receipt.testcase:87:242:245:ReadExcelPath.testcase:118:119:120" iterationIndex="-1" skippedCount="0" startedUtc="0" successfulCount="0" testApiId="com.provar.plugins.bundled.apis.control.SetValues" testItemClass="IApiCall" title="Set Values: financial">
                              <childItems/>
                            </executionItem>
                            <executionItem endedUtc="0" executionErrorCount="0" executionWarningCount="0" failureCount="0" id="root:plans:POSYDATA:RSTK-9084-SYDATA-PO Receipt.testinstance:RSTK-9084-SYDATA-PO Receipt.testcase:87:242:245:ReadExcelPath.testcase:118:119:138" iterationIndex="-1" skippedCount="0" startedUtc="0" successfulCount="0" testApiId="com.provar.plugins.bundled.apis.control.SetValues" testItemClass="IApiCall" title="Set Values: posydata1">
                              <childItems/>
                            </executionItem>
                            <executionItem endedUtc="0" executionErrorCount="0" executionWarningCount="0" failureCount="0" id="root:plans:POSYDATA:RSTK-9084-SYDATA-PO Receipt.testinstance:RSTK-9084-SYDATA-PO Receipt.testcase:87:242:245:ReadExcelPath.testcase:118:119:134" iterationIndex="-1" skippedCount="0" startedUtc="0" successfulCount="0" testApiId="com.provar.plugins.bundled.apis.control.SetValues" testItemClass="IApiCall" title="Set Values: posydata">
                              <childItems/>
                            </executionItem>
                            <executionItem endedUtc="0" executionErrorCount="0" executionWarningCount="0" failureCount="0" id="root:plans:POSYDATA:RSTK-9084-SYDATA-PO Receipt.testinstance:RSTK-9084-SYDATA-PO Receipt.testcase:87:242:245:ReadExcelPath.testcase:118:119:125" iterationIndex="-1" skippedCount="0" startedUtc="0" successfulCount="0" testApiId="com.provar.plugins.bundled.apis.control.SetValues" testItemClass="IApiCall" title="Set Values: poloader">
                              <childItems/>
                            </executionItem>
                          </childItems>
                        </executionItem>
                        <executionItem endedUtc="1658164993984" executionErrorCount="0" executionStatus="Executed" executionWarningCount="0" failureCount="0" id="root:plans:POSYDATA:RSTK-9084-SYDATA-PO Receipt.testinstance:RSTK-9084-SYDATA-PO Receipt.testcase:87:242:245:ReadExcelPath.testcase:118:129" iterationIndex="-1" skippedCount="0" startedUtc="1658164993905" successfulCount="1" testClauseName="else" testItemClass="ITestClause" title="Else">
                          <childItems>
                            <executionItem endedUtc="1658164993984" executionErrorCount="0" executionStatus="Executed" executionWarningCount="0" failureCount="0" id="root:plans:POSYDATA:RSTK-9084-SYDATA-PO Receipt.testinstance:RSTK-9084-SYDATA-PO Receipt.testcase:87:242:245:ReadExcelPath.testcase:118:129:116" iterationIndex="-1" skippedCount="0" startedUtc="1658164993905" successfulCount="1" testApiId="com.provar.plugins.bundled.apis.If" testItemClass="IApiCall" title="If: {GetSelectedEnvironment() = &quot;AutomationOrg&quot;}">
                              <childItems>
                                <executionItem endedUtc="1658164993984" executionErrorCount="0" executionStatus="Executed" executionWarningCount="0" failureCount="0" id="root:plans:POSYDATA:RSTK-9084-SYDATA-PO Receipt.testinstance:RSTK-9084-SYDATA-PO Receipt.testcase:87:242:245:ReadExcelPath.testcase:118:129:116:115" iterationIndex="-1" skippedCount="0" startedUtc="1658164993921" successfulCount="1" testClauseName="then" testItemClass="ITestClause" title="Then">
                                  <childItems>
                                    <executionItem endedUtc="1658164993921" executionErrorCount="0" executionStatus="Executed" executionWarningCount="0" failureCount="0" id="root:plans:POSYDATA:RSTK-9084-SYDATA-PO Receipt.testinstance:RSTK-9084-SYDATA-PO Receipt.testcase:87:242:245:ReadExcelPath.testcase:118:129:116:115:140" iterationIndex="-1" skippedCount="0" startedUtc="1658164993921" successfulCount="1" testApiId="com.provar.plugins.bundled.apis.control.SetValues" testItemClass="IApiCall" title="Set Values: financial">
                                      <childItems/>
                                      <logEntries>
                                        <logEntry id="1658164993921" messageType="General">Setting value financial to templates/AutomationOrg/FinancialData_AutomationOrg.xlsx</logEntry>
                                        <logEntry id="1658164993921" logLevel="Debug" messageType="General">Configuration: ValueScope:Test</logEntry>
                                        <logEntry id="1658164993921" logLevel="Update" messageType="General">Successfully set financial to templates/AutomationOrg/FinancialData_AutomationOrg.xlsx</logEntry>
                                      </logEntries>
                                    </executionItem>
                                    <executionItem endedUtc="1658164993952" executionErrorCount="0" executionStatus="Executed" executionWarningCount="0" failureCount="0" id="root:plans:POSYDATA:RSTK-9084-SYDATA-PO Receipt.testinstance:RSTK-9084-SYDATA-PO Receipt.testcase:87:242:245:ReadExcelPath.testcase:118:129:116:115:137" iterationIndex="-1" skippedCount="0" startedUtc="1658164993921" successfulCount="1" testApiId="com.provar.plugins.bundled.apis.control.SetValues" testItemClass="IApiCall" title="Set Values: posydata1">
                                      <childItems/>
                                      <logEntries>
                                        <logEntry id="1658164993952" messageType="General">Setting value posydata1 to templates/AutomationOrg/POSYDATA-AutomationOrg.xlsx</logEntry>
                                        <logEntry id="1658164993952" logLevel="Debug" messageType="General">Configuration: ValueScope:Test</logEntry>
                                        <logEntry id="1658164993952" logLevel="Update" messageType="General">Successfully set posydata1 to templates/AutomationOrg/POSYDATA-AutomationOrg.xlsx</logEntry>
                                      </logEntries>
                                    </executionItem>
                                    <executionItem endedUtc="1658164993968" executionErrorCount="0" executionStatus="Executed" executionWarningCount="0" failureCount="0" id="root:plans:POSYDATA:RSTK-9084-SYDATA-PO Receipt.testinstance:RSTK-9084-SYDATA-PO Receipt.testcase:87:242:245:ReadExcelPath.testcase:118:129:116:115:133" iterationIndex="-1" skippedCount="0" startedUtc="1658164993952" successfulCount="1" testApiId="com.provar.plugins.bundled.apis.control.SetValues" testItemClass="IApiCall" title="Set Values: posydata">
                                      <childItems/>
                                      <logEntries>
                                        <logEntry id="1658164993952" messageType="General">Setting value posydata to templates/AutomationOrg/SYDATA-POtoPOAP Match_AutomationOrg.xlsx</logEntry>
                                        <logEntry id="1658164993952" logLevel="Debug" messageType="General">Configuration: ValueScope:Test</logEntry>
                                        <logEntry id="1658164993968" logLevel="Update" messageType="General">Successfully set posydata to templates/AutomationOrg/SYDATA-POtoPOAP Match_AutomationOrg.xlsx</logEntry>
                                      </logEntries>
                                    </executionItem>
                                    <executionItem endedUtc="1658164993968" executionErrorCount="0" executionStatus="Executed" executionWarningCount="0" failureCount="0" id="root:plans:POSYDATA:RSTK-9084-SYDATA-PO Receipt.testinstance:RSTK-9084-SYDATA-PO Receipt.testcase:87:242:245:ReadExcelPath.testcase:118:129:116:115:135" iterationIndex="-1" skippedCount="0" startedUtc="1658164993968" successfulCount="1" testApiId="com.provar.plugins.bundled.apis.control.SetValues" testItemClass="IApiCall" title="Set Values: poloader">
                                      <childItems/>
                                      <logEntries>
                                        <logEntry id="1658164993968" messageType="General">Setting value poloader to templates/AutomationOrg/POLoader_AutomationOrg.xlsx</logEntry>
                                        <logEntry id="1658164993968" logLevel="Debug" messageType="General">Configuration: ValueScope:Test</logEntry>
                                        <logEntry id="1658164993968" logLevel="Update" messageType="General">Successfully set poloader to templates/AutomationOrg/POLoader_AutomationOrg.xlsx</logEntry>
                                      </logEntries>
                                    </executionItem>
                                    <executionItem endedUtc="1658164993984" executionErrorCount="0" executionStatus="Executed" executionWarningCount="0" failureCount="0" id="root:plans:POSYDATA:RSTK-9084-SYDATA-PO Receipt.testinstance:RSTK-9084-SYDATA-PO Receipt.testcase:87:242:245:ReadExcelPath.testcase:118:129:116:115:143" iterationIndex="-1" skippedCount="0" startedUtc="1658164993968" successfulCount="1" testApiId="com.provar.plugins.bundled.apis.control.SetValues" testItemClass="IApiCall" title="Set Values: reqpay">
                                      <childItems/>
                                      <logEntries>
                                        <logEntry id="1658164993968" messageType="General">Setting value reqpay to templates/AutomationOrg/ReqtoPayment.xlsx</logEntry>
                                        <logEntry id="1658164993968" logLevel="Debug" messageType="General">Configuration: ValueScope:Test</logEntry>
                                        <logEntry id="1658164993968" logLevel="Update" messageType="General">Successfully set reqpay to templates/AutomationOrg/ReqtoPayment.xlsx</logEntry>
                                      </logEntries>
                                    </executionItem>
                                    <executionItem endedUtc="1658164993984" executionErrorCount="0" executionStatus="Executed" executionWarningCount="0" failureCount="0" id="root:plans:POSYDATA:RSTK-9084-SYDATA-PO Receipt.testinstance:RSTK-9084-SYDATA-PO Receipt.testcase:87:242:245:ReadExcelPath.testcase:118:129:116:115:96" iterationIndex="-1" skippedCount="0" startedUtc="1658164993984" successfulCount="1" testApiId="com.provar.plugins.bundled.apis.control.SetValues" testItemClass="IApiCall" title="Set Values: poui">
                                      <childItems/>
                                      <logEntries>
                                        <logEntry id="1658164993984" messageType="General">Setting value poui to templates/AutomationOrg/POData_AutomationOrg.xlsx</logEntry>
                                        <logEntry id="1658164993984" logLevel="Debug" messageType="General">Configuration: ValueScope:Test</logEntry>
                                        <logEntry id="1658164993984" logLevel="Update" messageType="General">Successfully set poui to templates/AutomationOrg/POData_AutomationOrg.xlsx</logEntry>
                                      </logEntries>
                                    </executionItem>
                                  </childItems>
                                </executionItem>
                              </childItems>
                            </executionItem>
                          </childItems>
                        </executionItem>
                      </childItems>
                    </executionItem>
                    <executionItem endedUtc="1658164993999" executionErrorCount="0" executionStatus="Executed" executionWarningCount="0" failureCount="0" id="root:plans:POSYDATA:RSTK-9084-SYDATA-PO Receipt.testinstance:RSTK-9084-SYDATA-PO Receipt.testcase:87:242:245:ReadExcelPath.testcase:142" iterationIndex="-1" skippedCount="0" startedUtc="1658164993984" successfulCount="1" testApiId="com.provar.plugins.bundled.apis.control.SetValues" testItemClass="IApiCall" title="Set Values: pouipath">
                      <childItems/>
                      <logEntries>
                        <logEntry id="1658164993999" messageType="General">Setting value pouipath to templates/AutomationOrg/POData_AutomationOrg.xlsx</logEntry>
                        <logEntry id="1658164993999" logLevel="Debug" messageType="General">Configuration: ValueScope:Test</logEntry>
                        <logEntry id="1658164993999" logLevel="Update" messageType="General">Successfully set pouipath to templates/AutomationOrg/POData_AutomationOrg.xlsx</logEntry>
                      </logEntries>
                    </executionItem>
                    <executionItem endedUtc="1658164994017" executionErrorCount="0" executionStatus="Executed" executionWarningCount="0" failureCount="0" id="root:plans:POSYDATA:RSTK-9084-SYDATA-PO Receipt.testinstance:RSTK-9084-SYDATA-PO Receipt.testcase:87:242:245:ReadExcelPath.testcase:141" iterationIndex="-1" skippedCount="0" startedUtc="1658164993999" successfulCount="1" testApiId="com.provar.plugins.bundled.apis.control.SetValues" testItemClass="IApiCall" title="Set Values: posydatapath1">
                      <childItems/>
                      <logEntries>
                        <logEntry id="1658164994017" messageType="General">Setting value posydatapath1 to templates/AutomationOrg/POSYDATA-AutomationOrg.xlsx</logEntry>
                        <logEntry id="1658164994017" logLevel="Debug" messageType="General">Configuration: ValueScope:Test</logEntry>
                        <logEntry id="1658164994017" logLevel="Update" messageType="General">Successfully set posydatapath1 to templates/AutomationOrg/POSYDATA-AutomationOrg.xlsx</logEntry>
                      </logEntries>
                    </executionItem>
                    <executionItem endedUtc="1658164994017" executionErrorCount="0" executionStatus="Executed" executionWarningCount="0" failureCount="0" id="root:plans:POSYDATA:RSTK-9084-SYDATA-PO Receipt.testinstance:RSTK-9084-SYDATA-PO Receipt.testcase:87:242:245:ReadExcelPath.testcase:127" iterationIndex="-1" skippedCount="0" startedUtc="1658164994017" successfulCount="1" testApiId="com.provar.plugins.bundled.apis.control.SetValues" testItemClass="IApiCall" title="Set Values: finpath">
                      <childItems/>
                      <logEntries>
                        <logEntry id="1658164994017" messageType="General">Setting value finpath to templates/AutomationOrg/FinancialData_AutomationOrg.xlsx</logEntry>
                        <logEntry id="1658164994017" logLevel="Debug" messageType="General">Configuration: ValueScope:Test</logEntry>
                        <logEntry id="1658164994017" logLevel="Update" messageType="General">Successfully set finpath to templates/AutomationOrg/FinancialData_AutomationOrg.xlsx</logEntry>
                      </logEntries>
                    </executionItem>
                    <executionItem endedUtc="1658164994038" executionErrorCount="0" executionStatus="Executed" executionWarningCount="0" failureCount="0" id="root:plans:POSYDATA:RSTK-9084-SYDATA-PO Receipt.testinstance:RSTK-9084-SYDATA-PO Receipt.testcase:87:242:245:ReadExcelPath.testcase:136" iterationIndex="-1" skippedCount="0" startedUtc="1658164994031" successfulCount="1" testApiId="com.provar.plugins.bundled.apis.control.SetValues" testItemClass="IApiCall" title="Set Values: poloaderpath">
                      <childItems/>
                      <logEntries>
                        <logEntry id="1658164994038" messageType="General">Setting value poloaderpath to templates/AutomationOrg/POLoader_AutomationOrg.xlsx</logEntry>
                        <logEntry id="1658164994038" logLevel="Debug" messageType="General">Configuration: ValueScope:Test</logEntry>
                        <logEntry id="1658164994038" logLevel="Update" messageType="General">Successfully set poloaderpath to templates/AutomationOrg/POLoader_AutomationOrg.xlsx</logEntry>
                      </logEntries>
                    </executionItem>
                    <executionItem endedUtc="1658164994047" executionErrorCount="0" executionStatus="Executed" executionWarningCount="0" failureCount="0" id="root:plans:POSYDATA:RSTK-9084-SYDATA-PO Receipt.testinstance:RSTK-9084-SYDATA-PO Receipt.testcase:87:242:245:ReadExcelPath.testcase:144" iterationIndex="-1" skippedCount="0" startedUtc="1658164994038" successfulCount="1" testApiId="com.provar.plugins.bundled.apis.control.SetValues" testItemClass="IApiCall" title="Set Values: posydatapath">
                      <childItems/>
                      <logEntries>
                        <logEntry id="1658164994047" messageType="General">Setting value posydatapath to templates/AutomationOrg/SYDATA-POtoPOAP Match_AutomationOrg.xlsx</logEntry>
                        <logEntry id="1658164994047" logLevel="Debug" messageType="General">Configuration: ValueScope:Test</logEntry>
                        <logEntry id="1658164994047" logLevel="Update" messageType="General">Successfully set posydatapath to templates/AutomationOrg/SYDATA-POtoPOAP Match_AutomationOrg.xlsx</logEntry>
                      </logEntries>
                    </executionItem>
                    <executionItem endedUtc="1658164994062" executionErrorCount="0" executionStatus="Executed" executionWarningCount="0" failureCount="0" id="root:plans:POSYDATA:RSTK-9084-SYDATA-PO Receipt.testinstance:RSTK-9084-SYDATA-PO Receipt.testcase:87:242:245:ReadExcelPath.testcase:124" iterationIndex="-1" skippedCount="0" startedUtc="1658164994047" successfulCount="1" testApiId="com.provar.plugins.bundled.apis.control.SetValues" testItemClass="IApiCall" title="Set Values: reqpaypath">
                      <childItems/>
                      <logEntries>
                        <logEntry id="1658164994062" messageType="General">Setting value reqpaypath to templates/AutomationOrg/ReqtoPayment.xlsx</logEntry>
                        <logEntry id="1658164994062" logLevel="Debug" messageType="General">Configuration: ValueScope:Test</logEntry>
                        <logEntry id="1658164994062" logLevel="Update" messageType="General">Successfully set reqpaypath to templates/AutomationOrg/ReqtoPayment.xlsx</logEntry>
                      </logEntries>
                    </executionItem>
                  </childItems>
                </executionItem>
              </childItems>
              <logEntries>
                <logEntry id="1658164994224" messageType="General">Handling managed resource.  Name: SFConnection</logEntry>
                <logEntry id="1658164994224" logLevel="Debug" messageType="General">Not closing Salesforce Connection because it is still being used.  Name: SFConnection</logEntry>
                <logEntry id="1658164994224" logLevel="Update" messageType="General">Salesforce Connection handled successfully.  Name: SFConnection</logEntry>
              </logEntries>
            </executionItem>
            <executionItem endedUtc="1658164996788" executionErrorCount="0" executionStatus="Executed" executionWarningCount="0" failureCount="0" id="root:plans:POSYDATA:RSTK-9084-SYDATA-PO Receipt.testinstance:RSTK-9084-SYDATA-PO Receipt.testcase:87:242:54" iterationIndex="-1" skippedCount="0" startedUtc="1658164994224" successfulCount="1" testApiId="com.provar.plugins.bundled.apis.control.StepGroup" testItemClass="IApiCall" title="Read Data for POReceipt">
              <childItems>
                <executionItem endedUtc="1658164996773" executionErrorCount="0" executionStatus="Executed" executionWarningCount="0" failureCount="0" id="root:plans:POSYDATA:RSTK-9084-SYDATA-PO Receipt.testinstance:RSTK-9084-SYDATA-PO Receipt.testcase:87:242:54:53" iterationIndex="-1" skippedCount="0" startedUtc="1658164996773" successfulCount="1" testClauseName="hidden" testItemClass="ITestClause" title="Steps">
                  <childItems/>
                </executionItem>
              </childItems>
              <logEntries>
                <logEntry id="1658164994224" messageType="ParameterValueSource">Loading data from Parameter Value Source ...</logEntry>
                <logEntry id="1658164995925" messageType="General">Loading Parameter Value Source row 1:</logEntry>
                <logEntry id="1658164995988" messageType="General">==Column=&gt; Process = PrimitiveValueImpl [ value: Ready, valueId=null, createdUpdateSeq=-1, updatedUpdateSeq=-1]</logEntry>
                <logEntry id="1658164996034" messageType="General">==Column=&gt; Name = PrimitiveValueImpl [ value: NPAutomation_Testing, valueId=null, createdUpdateSeq=-1, updatedUpdateSeq=-1]</logEntry>
                <logEntry id="1658164996042" messageType="General">==Column=&gt; Division = PrimitiveValueImpl [ value: a8d5f0000004JbG, valueId=null, createdUpdateSeq=-1, updatedUpdateSeq=-1]</logEntry>
                <logEntry id="1658164996042" messageType="General">==Column=&gt; Vendor = PrimitiveValueImpl [ value: a4X5f000000tkbm, valueId=null, createdUpdateSeq=-1, updatedUpdateSeq=-1]</logEntry>
                <logEntry id="1658164996042" messageType="General">Loading Parameter Value Source row 2:</logEntry>
                <logEntry id="1658164996051" messageType="General">==Column=&gt; Process = PrimitiveValueImpl [ value: Ready, valueId=null, createdUpdateSeq=-1, updatedUpdateSeq=-1]</logEntry>
                <logEntry id="1658164996051" messageType="General">==Column=&gt; Name = PrimitiveValueImpl [ value: NPAutomation_Testing, valueId=null, createdUpdateSeq=-1, updatedUpdateSeq=-1]</logEntry>
                <logEntry id="1658164996097" messageType="General">==Column=&gt; Division = PrimitiveValueImpl [ value: a8d5f0000004JbG, valueId=null, createdUpdateSeq=-1, updatedUpdateSeq=-1]</logEntry>
                <logEntry id="1658164996113" messageType="General">==Column=&gt; Vendor = PrimitiveValueImpl [ value: a4X5f000000tkbw, valueId=null, createdUpdateSeq=-1, updatedUpdateSeq=-1]</logEntry>
                <logEntry id="1658164996113" logLevel="Update" messageType="General">Loaded 2 rows from Parameter Value Source.</logEntry>
                <logEntry id="1658164996113" messageType="ParameterValueSource">Loading data from Parameter Value Source ...</logEntry>
                <logEntry id="1658164996242" messageType="General">Loading Parameter Value Source row 1:</logEntry>
                <logEntry id="1658164996242" messageType="General">==Column=&gt; TransactionType = PrimitiveValueImpl [ value: PO Receipt, valueId=null, createdUpdateSeq=-1, updatedUpdateSeq=-1]</logEntry>
                <logEntry id="1658164996242" messageType="General">==Column=&gt; Process = PrimitiveValueImpl [ value: Ready, valueId=null, createdUpdateSeq=-1, updatedUpdateSeq=-1]</logEntry>
                <logEntry id="1658164996242" messageType="General">==Column=&gt; BackgroundProcessing = PrimitiveValueImpl [ value: false, valueId=null, createdUpdateSeq=-1, updatedUpdateSeq=-1]</logEntry>
                <logEntry id="1658164996242" messageType="General">==Column=&gt; Division = PrimitiveValueImpl [ value: a8d5f0000004JbG, valueId=null, createdUpdateSeq=-1, updatedUpdateSeq=-1]</logEntry>
                <logEntry id="1658164996242" messageType="General">==Column=&gt; InvLocID = PrimitiveValueImpl [ value: a8s5f000000PtAg, valueId=null, createdUpdateSeq=-1, updatedUpdateSeq=-1]</logEntry>
                <logEntry id="1658164996242" messageType="General">==Column=&gt; LocNum = PrimitiveValueImpl [ value: 1, valueId=null, createdUpdateSeq=-1, updatedUpdateSeq=-1]</logEntry>
                <logEntry id="1658164996255" messageType="General">==Column=&gt; Name = PrimitiveValueImpl [ value: NP_Automation, valueId=null, createdUpdateSeq=-1, updatedUpdateSeq=-1]</logEntry>
                <logEntry id="1658164996255" messageType="General">==Column=&gt; Quantity = PrimitiveValueImpl [ value: 2, valueId=null, createdUpdateSeq=-1, updatedUpdateSeq=-1]</logEntry>
                <logEntry id="1658164996255" messageType="General">==Column=&gt; Icitem = PrimitiveValueImpl [ value: a345f000000tiH8, valueId=null, createdUpdateSeq=-1, updatedUpdateSeq=-1]</logEntry>
                <logEntry id="1658164996255" messageType="General">==Column=&gt; QuantityBefore = PrimitiveValueImpl [ value: 958.0, valueId=null, createdUpdateSeq=-1, updatedUpdateSeq=-1]</logEntry>
                <logEntry id="1658164996255" messageType="General">==Column=&gt; QuantityAfter = PrimitiveValueImpl [ value: 960.0, valueId=null, createdUpdateSeq=-1, updatedUpdateSeq=-1]</logEntry>
                <logEntry id="1658164996255" messageType="General">Loading Parameter Value Source row 2:</logEntry>
                <logEntry id="1658164996255" messageType="General">==Column=&gt; TransactionType = PrimitiveValueImpl [ value: PO Receipt, valueId=null, createdUpdateSeq=-1, updatedUpdateSeq=-1]</logEntry>
                <logEntry id="1658164996271" messageType="General">==Column=&gt; Process = PrimitiveValueImpl [ value: Ready, valueId=null, createdUpdateSeq=-1, updatedUpdateSeq=-1]</logEntry>
                <logEntry id="1658164996271" messageType="General">==Column=&gt; BackgroundProcessing = PrimitiveValueImpl [ value: false, valueId=null, createdUpdateSeq=-1, updatedUpdateSeq=-1]</logEntry>
                <logEntry id="1658164996271" messageType="General">==Column=&gt; Division = PrimitiveValueImpl [ value: a8d5f0000004JbG, valueId=null, createdUpdateSeq=-1, updatedUpdateSeq=-1]</logEntry>
                <logEntry id="1658164996271" messageType="General">==Column=&gt; InvLocID = PrimitiveValueImpl [ value: a8s5f000000PtAg, valueId=null, createdUpdateSeq=-1, updatedUpdateSeq=-1]</logEntry>
                <logEntry id="1658164996271" messageType="General">==Column=&gt; LocNum = PrimitiveValueImpl [ value: 1, valueId=null, createdUpdateSeq=-1, updatedUpdateSeq=-1]</logEntry>
                <logEntry id="1658164996271" messageType="General">==Column=&gt; Name = PrimitiveValueImpl [ value: NP_Automation, valueId=null, createdUpdateSeq=-1, updatedUpdateSeq=-1]</logEntry>
                <logEntry id="1658164996271" messageType="General">==Column=&gt; Quantity = PrimitiveValueImpl [ value: 1, valueId=null, createdUpdateSeq=-1, updatedUpdateSeq=-1]</logEntry>
                <logEntry id="1658164996271" messageType="General">==Column=&gt; Icitem = PrimitiveValueImpl [ value: a345f000000tiHN, valueId=null, createdUpdateSeq=-1, updatedUpdateSeq=-1]</logEntry>
                <logEntry id="1658164996286" messageType="General">==Column=&gt; QuantityBefore = PrimitiveValueImpl [ value: 55.0, valueId=null, createdUpdateSeq=-1, updatedUpdateSeq=-1]</logEntry>
                <logEntry id="1658164996286" messageType="General">==Column=&gt; QuantityAfter = PrimitiveValueImpl [ value: 56.0, valueId=null, createdUpdateSeq=-1, updatedUpdateSeq=-1]</logEntry>
                <logEntry id="1658164996286" messageType="General">Loading Parameter Value Source row 3:</logEntry>
                <logEntry id="1658164996286" messageType="General">==Column=&gt; TransactionType = PrimitiveValueImpl [ value: PO Receipt, valueId=null, createdUpdateSeq=-1, updatedUpdateSeq=-1]</logEntry>
                <logEntry id="1658164996302" messageType="General">==Column=&gt; Process = PrimitiveValueImpl [ value: Ready, valueId=null, createdUpdateSeq=-1, updatedUpdateSeq=-1]</logEntry>
                <logEntry id="1658164996317" messageType="General">==Column=&gt; BackgroundProcessing = PrimitiveValueImpl [ value: true, valueId=null, createdUpdateSeq=-1, updatedUpdateSeq=-1]</logEntry>
                <logEntry id="1658164996333" messageType="General">==Column=&gt; Division = PrimitiveValueImpl [ value: a8d5f0000004JbG, valueId=null, createdUpdateSeq=-1, updatedUpdateSeq=-1]</logEntry>
                <logEntry id="1658164996333" messageType="General">==Column=&gt; InvLocID = PrimitiveValueImpl [ value: a8s5f000000PtAg, valueId=null, createdUpdateSeq=-1, updatedUpdateSeq=-1]</logEntry>
                <logEntry id="1658164996365" messageType="General">==Column=&gt; LocNum = PrimitiveValueImpl [ value: 1, valueId=null, createdUpdateSeq=-1, updatedUpdateSeq=-1]</logEntry>
                <logEntry id="1658164996365" messageType="General">==Column=&gt; Name = PrimitiveValueImpl [ value: NP_Automation, valueId=null, createdUpdateSeq=-1, updatedUpdateSeq=-1]</logEntry>
                <logEntry id="1658164996396" messageType="General">==Column=&gt; Quantity = PrimitiveValueImpl [ value: 3, valueId=null, createdUpdateSeq=-1, updatedUpdateSeq=-1]</logEntry>
                <logEntry id="1658164996396" messageType="General">==Column=&gt; Icitem = PrimitiveValueImpl [ value: a345f000000tiHD, valueId=null, createdUpdateSeq=-1, updatedUpdateSeq=-1]</logEntry>
                <logEntry id="1658164996412" messageType="General">==Column=&gt; QuantityBefore = PrimitiveValueImpl [ value: 482.0, valueId=null, createdUpdateSeq=-1, updatedUpdateSeq=-1]</logEntry>
                <logEntry id="1658164996412" messageType="General">==Column=&gt; QuantityAfter = PrimitiveValueImpl [ value: 485.0, valueId=null, createdUpdateSeq=-1, updatedUpdateSeq=-1]</logEntry>
                <logEntry id="1658164996412" logLevel="Update" messageType="General">Loaded 3 rows from Parameter Value Source.</logEntry>
                <logEntry id="1658164996412" messageType="ParameterValueSource">Loading data from Parameter Value Source ...</logEntry>
                <logEntry id="1658164996474" messageType="General">Loading Parameter Value Source row 1:</logEntry>
                <logEntry id="1658164996490" messageType="General">==Column=&gt; Name = PrimitiveValueImpl [ value: NP_Automation, valueId=null, createdUpdateSeq=-1, updatedUpdateSeq=-1]</logEntry>
                <logEntry id="1658164996490" messageType="General">==Column=&gt; APIMode = PrimitiveValueImpl [ value: Add Line, valueId=null, createdUpdateSeq=-1, updatedUpdateSeq=-1]</logEntry>
                <logEntry id="1658164996490" messageType="General">==Column=&gt; Process = PrimitiveValueImpl [ value: Ready, valueId=null, createdUpdateSeq=-1, updatedUpdateSeq=-1]</logEntry>
                <logEntry id="1658164996490" messageType="General">==Column=&gt; Item = PrimitiveValueImpl [ value: a415f000000lOC4, valueId=null, createdUpdateSeq=-1, updatedUpdateSeq=-1]</logEntry>
                <logEntry id="1658164996553" messageType="General">==Column=&gt; Quantity = PrimitiveValueImpl [ value: 2, valueId=null, createdUpdateSeq=-1, updatedUpdateSeq=-1]</logEntry>
                <logEntry id="1658164996568" messageType="General">==Column=&gt; UnitPrice = PrimitiveValueImpl [ value: 33.768, valueId=null, createdUpdateSeq=-1, updatedUpdateSeq=-1]</logEntry>
                <logEntry id="1658164996568" messageType="General">==Column=&gt; Project = PrimitiveValueImpl [ value: a3A5f000000xGXA, valueId=null, createdUpdateSeq=-1, updatedUpdateSeq=-1]</logEntry>
                <logEntry id="1658164996568" messageType="General">Loading Parameter Value Source row 2:</logEntry>
                <logEntry id="1658164996568" messageType="General">==Column=&gt; Name = PrimitiveValueImpl [ value: NP_Automation, valueId=null, createdUpdateSeq=-1, updatedUpdateSeq=-1]</logEntry>
                <logEntry id="1658164996600" messageType="General">==Column=&gt; APIMode = PrimitiveValueImpl [ value: Add Line, valueId=null, createdUpdateSeq=-1, updatedUpdateSeq=-1]</logEntry>
                <logEntry id="1658164996600" messageType="General">==Column=&gt; Process = PrimitiveValueImpl [ value: Ready, valueId=null, createdUpdateSeq=-1, updatedUpdateSeq=-1]</logEntry>
                <logEntry id="1658164996615" messageType="General">==Column=&gt; Item = PrimitiveValueImpl [ value: a415f000000lOCE, valueId=null, createdUpdateSeq=-1, updatedUpdateSeq=-1]</logEntry>
                <logEntry id="1658164996615" messageType="General">==Column=&gt; Quantity = PrimitiveValueImpl [ value: 1, valueId=null, createdUpdateSeq=-1, updatedUpdateSeq=-1]</logEntry>
                <logEntry id="1658164996615" messageType="General">==Column=&gt; UnitPrice = PrimitiveValueImpl [ value: 44, valueId=null, createdUpdateSeq=-1, updatedUpdateSeq=-1]</logEntry>
                <logEntry id="1658164996615" messageType="General">==Column=&gt; Project = PrimitiveValueImpl [ value: a3A5f000000xGXA, valueId=null, createdUpdateSeq=-1, updatedUpdateSeq=-1]</logEntry>
                <logEntry id="1658164996631" messageType="General">Loading Parameter Value Source row 3:</logEntry>
                <logEntry id="1658164996631" messageType="General">==Column=&gt; Name = PrimitiveValueImpl [ value: NP_Automation, valueId=null, createdUpdateSeq=-1, updatedUpdateSeq=-1]</logEntry>
                <logEntry id="1658164996631" messageType="General">==Column=&gt; APIMode = PrimitiveValueImpl [ value: Add Line, valueId=null, createdUpdateSeq=-1, updatedUpdateSeq=-1]</logEntry>
                <logEntry id="1658164996631" messageType="General">==Column=&gt; Process = PrimitiveValueImpl [ value: Ready, valueId=null, createdUpdateSeq=-1, updatedUpdateSeq=-1]</logEntry>
                <logEntry id="1658164996631" messageType="General">==Column=&gt; Item = PrimitiveValueImpl [ value: a415f000000lOC9, valueId=null, createdUpdateSeq=-1, updatedUpdateSeq=-1]</logEntry>
                <logEntry id="1658164996631" messageType="General">==Column=&gt; Quantity = PrimitiveValueImpl [ value: 3, valueId=null, createdUpdateSeq=-1, updatedUpdateSeq=-1]</logEntry>
                <logEntry id="1658164996631" messageType="General">==Column=&gt; UnitPrice = PrimitiveValueImpl [ value: 100, valueId=null, createdUpdateSeq=-1, updatedUpdateSeq=-1]</logEntry>
                <logEntry id="1658164996643" messageType="General">==Column=&gt; Project = PrimitiveValueImpl [ value: a3A5f000000xGXA, valueId=null, createdUpdateSeq=-1, updatedUpdateSeq=-1]</logEntry>
                <logEntry id="1658164996643" messageType="General">Loading Parameter Value Source row 4:</logEntry>
                <logEntry id="1658164996643" messageType="General">==Column=&gt; Name = PrimitiveValueImpl [ value: NP_Automation, valueId=null, createdUpdateSeq=-1, updatedUpdateSeq=-1]</logEntry>
                <logEntry id="1658164996647" messageType="General">==Column=&gt; APIMode = PrimitiveValueImpl [ value: Add Line, valueId=null, createdUpdateSeq=-1, updatedUpdateSeq=-1]</logEntry>
                <logEntry id="1658164996647" messageType="General">==Column=&gt; Process = PrimitiveValueImpl [ value: Ready, valueId=null, createdUpdateSeq=-1, updatedUpdateSeq=-1]</logEntry>
                <logEntry id="1658164996647" messageType="General">==Column=&gt; Item = PrimitiveValueImpl [ value: a415f000000lOCn, valueId=null, createdUpdateSeq=-1, updatedUpdateSeq=-1]</logEntry>
                <logEntry id="1658164996647" messageType="General">==Column=&gt; Quantity = PrimitiveValueImpl [ value: 2, valueId=null, createdUpdateSeq=-1, updatedUpdateSeq=-1]</logEntry>
                <logEntry id="1658164996647" messageType="General">==Column=&gt; UnitPrice = PrimitiveValueImpl [ value: 340, valueId=null, createdUpdateSeq=-1, updatedUpdateSeq=-1]</logEntry>
                <logEntry id="1658164996647" messageType="General">==Column=&gt; Project = PrimitiveValueImpl [ value: a3A5f000000xGXA, valueId=null, createdUpdateSeq=-1, updatedUpdateSeq=-1]</logEntry>
                <logEntry id="1658164996662" messageType="General">Loading Parameter Value Source row 5:</logEntry>
                <logEntry id="1658164996678" messageType="General">==Column=&gt; Name = PrimitiveValueImpl [ value: NP_Automation, valueId=null, createdUpdateSeq=-1, updatedUpdateSeq=-1]</logEntry>
                <logEntry id="1658164996694" messageType="General">==Column=&gt; APIMode = PrimitiveValueImpl [ value: Add Line, valueId=null, createdUpdateSeq=-1, updatedUpdateSeq=-1]</logEntry>
                <logEntry id="1658164996694" messageType="General">==Column=&gt; Process = PrimitiveValueImpl [ value: Ready, valueId=null, createdUpdateSeq=-1, updatedUpdateSeq=-1]</logEntry>
                <logEntry id="1658164996694" messageType="General">==Column=&gt; Item = PrimitiveValueImpl [ value: a415f000000lOCi, valueId=null, createdUpdateSeq=-1, updatedUpdateSeq=-1]</logEntry>
                <logEntry id="1658164996710" messageType="General">==Column=&gt; Quantity = PrimitiveValueImpl [ value: 5, valueId=null, createdUpdateSeq=-1, updatedUpdateSeq=-1]</logEntry>
                <logEntry id="1658164996710" messageType="General">==Column=&gt; UnitPrice = PrimitiveValueImpl [ value: 22.69, valueId=null, createdUpdateSeq=-1, updatedUpdateSeq=-1]</logEntry>
                <logEntry id="1658164996710" messageType="General">==Column=&gt; Project = PrimitiveValueImpl [ value: a3A5f000000xGXA, valueId=null, createdUpdateSeq=-1, updatedUpdateSeq=-1]</logEntry>
                <logEntry id="1658164996710" logLevel="Update" messageType="General">Loaded 5 rows from Parameter Value Source.</logEntry>
              </logEntries>
            </executionItem>
          </childItems>
        </executionItem>
      </childItems>
    </executionItem>
    <executionItem endedUtc="1658165029666" executionErrorCount="0" executionStatus="Executed" executionWarningCount="0" failureCount="1" id="root:plans:POSYDATA:RSTK-9084-SYDATA-PO Receipt.testinstance:RSTK-9084-SYDATA-PO Receipt.testcase:96" iterationIndex="-1" skippedCount="0" startedUtc="1658164996788" successfulCount="0" testApiId="com.provar.plugins.bundled.apis.control.ForEach" testItemClass="IApiCall" title="For Each: {AddPOCreationData}=&gt;podata">
      <childItems>
        <executionItem endedUtc="1658165029666" executionErrorCount="0" executionStatus="Executed" executionWarningCount="0" failureCount="1" id="root:plans:POSYDATA:RSTK-9084-SYDATA-PO Receipt.testinstance:RSTK-9084-SYDATA-PO Receipt.testcase:96:97.0" iterationIndex="0" skippedCount="0" startedUtc="1658164996820" successfulCount="0" testClauseName="substeps" testItemClass="ITestClause" title="Iteration 1">
          <childItems>
            <executionItem endedUtc="1658165029666" executionErrorCount="0" executionStatus="Executed" executionWarningCount="0" failureCount="1" id="root:plans:POSYDATA:RSTK-9084-SYDATA-PO Receipt.testinstance:RSTK-9084-SYDATA-PO Receipt.testcase:96:97.0:67" iterationIndex="-1" skippedCount="0" startedUtc="1658164996820" successfulCount="0" testItemClass="ITestCaseCall" title="Call POLoader_POCreation">
              <childItems>
                <executionItem endedUtc="1658165029650" executionErrorCount="0" executionStatus="Executed" executionWarningCount="0" failureCount="1" id="root:plans:POSYDATA:RSTK-9084-SYDATA-PO Receipt.testinstance:RSTK-9084-SYDATA-PO Receipt.testcase:96:97.0:67:POLoader_POCreation.testcase" iterationIndex="-1" skippedCount="0" startedUtc="1658164996820" successfulCount="0" testCasePath="D:\\provar\\Chandra Demo\\Parallel-Execution\\tests\\POLOADER\\Callable" testItemClass="ITestCase" title="POLoader_POCreation">
                  <testItemSummary/>
                  <childItems>
                    <executionItem endedUtc="1658164996882" executionErrorCount="0" executionStatus="Executed" executionWarningCount="0" failureCount="0" id="root:plans:POSYDATA:RSTK-9084-SYDATA-PO Receipt.testinstance:RSTK-9084-SYDATA-PO Receipt.testcase:96:97.0:67:POLoader_POCreation.testcase:1" iterationIndex="-1" skippedCount="0" startedUtc="1658164996820" successfulCount="1" testApiId="com.provar.plugins.forcedotcom.core.testapis.ApexConnect" testItemClass="IApiCall" title="Salesforce Connect: SFConnection (Test)">
                      <childItems/>
                      <logEntries>
                        <logEntry id="1658164996882" messageType="General">Connecting to Salesforce as QARSF_Admin</logEntry>
                        <logEntry id="1658164996882" logLevel="Update" messageType="General">Re-using existing connection. Connection: QARSF_Admin, Result Name: SFConnection</logEntry>
                      </logEntries>
                    </executionItem>
                    <executionItem endedUtc="0" executionErrorCount="0" executionStatus="Executed" executionWarningCount="0" failureCount="0" id="root:plans:POSYDATA:RSTK-9084-SYDATA-PO Receipt.testinstance:RSTK-9084-SYDATA-PO Receipt.testcase:96:97.0:67:POLoader_POCreation.testcase:3" iterationIndex="-1" skippedCount="1" startedUtc="1658164996882" successfulCount="0" testApiId="com.provar.plugins.bundled.apis.control.StepGroup" testItemClass="IApiCall" title="Read Add Both Data">
                      <childItems>
                        <executionItem endedUtc="0" executionErrorCount="0" executionWarningCount="0" failureCount="0" id="root:plans:POSYDATA:RSTK-9084-SYDATA-PO Receipt.testinstance:RSTK-9084-SYDATA-PO Receipt.testcase:96:97.0:67:POLoader_POCreation.testcase:3:53" iterationIndex="-1" skippedCount="0" startedUtc="0" successfulCount="0" testClauseName="hidden" testItemClass="ITestClause" title="Steps">
                          <childItems/>
                        </executionItem>
                      </childItems>
                    </executionItem>
                    <executionItem endedUtc="1658165029650" executionErrorCount="0" executionStatus="Executed" executionWarningCount="0" failureCount="1" id="root:plans:POSYDATA:RSTK-9084-SYDATA-PO Receipt.testinstance:RSTK-9084-SYDATA-PO Receipt.testcase:96:97.0:67:POLoader_POCreation.testcase:94" iterationIndex="-1" skippedCount="0" startedUtc="1658164996882" successfulCount="0" testApiId="com.provar.plugins.bundled.apis.control.StepGroup" testItemClass="IApiCall" title="Addition of PO and PO Line">
                      <childItems>
                        <executionItem endedUtc="1658165029650" executionErrorCount="0" executionStatus="Executed" executionWarningCount="0" failureCount="1" id="root:plans:POSYDATA:RSTK-9084-SYDATA-PO Receipt.testinstance:RSTK-9084-SYDATA-PO Receipt.testcase:96:97.0:67:POLoader_POCreation.testcase:94:95" iterationIndex="-1" skippedCount="0" startedUtc="1658164996882" successfulCount="0" testClauseName="hidden" testItemClass="ITestClause" title="Steps">
                          <childItems>
                            <executionItem endedUtc="1658165025075" executionErrorCount="0" executionStatus="Executed" executionWarningCount="0" failureCount="0" id="root:plans:POSYDATA:RSTK-9084-SYDATA-PO Receipt.testinstance:RSTK-9084-SYDATA-PO Receipt.testcase:96:97.0:67:POLoader_POCreation.testcase:94:95:107" iterationIndex="-1" skippedCount="0" startedUtc="1658164996882" successfulCount="1" testApiId="com.provar.plugins.bundled.apis.control.StepGroup" testItemClass="IApiCall" title="Add PO Header">
                              <childItems>
                                <executionItem endedUtc="1658165025075" executionErrorCount="0" executionStatus="Executed" executionWarningCount="0" failureCount="0" id="root:plans:POSYDATA:RSTK-9084-SYDATA-PO Receipt.testinstance:RSTK-9084-SYDATA-PO Receipt.testcase:96:97.0:67:POLoader_POCreation.testcase:94:95:107:132" iterationIndex="-1" skippedCount="0" startedUtc="1658164996898" successfulCount="1" testClauseName="hidden" testItemClass="ITestClause" title="Steps">
                                  <childItems>
                                    <executionItem endedUtc="1658165025075" executionErrorCount="0" executionStatus="Executed" executionWarningCount="0" failureCount="0" id="root:plans:POSYDATA:RSTK-9084-SYDATA-PO Receipt.testinstance:RSTK-9084-SYDATA-PO Receipt.testcase:96:97.0:67:POLoader_POCreation.testcase:94:95:107:132:111" iterationIndex="-1" skippedCount="0" startedUtc="1658164996898" successfulCount="1" testApiId="com.provar.plugins.bundled.apis.control.ForEach" testItemClass="IApiCall" title="For Each: {List}=&gt;addheader">
                                      <childItems>
                                        <executionItem endedUtc="1658165025059" executionErrorCount="0" executionStatus="Executed" executionWarningCount="0" failureCount="0" id="root:plans:POSYDATA:RSTK-9084-SYDATA-PO Receipt.testinstance:RSTK-9084-SYDATA-PO Receipt.testcase:96:97.0:67:POLoader_POCreation.testcase:94:95:107:132:111:112.0" iterationIndex="0" skippedCount="0" startedUtc="1658164996945" successfulCount="1" testClauseName="substeps" testItemClass="ITestClause" title="Iteration 1">
                                          <childItems>
                                            <executionItem endedUtc="1658164998028" executionErrorCount="0" executionStatus="Executed" executionWarningCount="0" failureCount="0" id="root:plans:POSYDATA:RSTK-9084-SYDATA-PO Receipt.testinstance:RSTK-9084-SYDATA-PO Receipt.testcase:96:97.0:67:POLoader_POCreation.testcase:94:95:107:132:111:112.0:248" iterationIndex="-1" skippedCount="0" startedUtc="1658164996945" successfulCount="1" testApiId="com.provar.plugins.forcedotcom.core.testapis.ApexSoqlQuery" testItemClass="IApiCall" title="SOQL Query: SELECT Id,Name FROM rstk__povend__c where Name =  '{addheader.Vendor}'=&gt;povend">
                                              <childItems/>
                                              <logEntries>
                                                <logEntry id="1658164996961" messageType="General">Reading a Salesforce object.  Connection Name: SFConnection, Query: SELECT Id,Name FROM rstk__povend__c where Name =  'a4X5f000000tkbm'</logEntry>
                                                <logEntry id="1658164998028" messageType="General">The query returned no records.</logEntry>
                                              </logEntries>
                                            </executionItem>
                                            <executionItem endedUtc="1658164998060" executionErrorCount="0" executionStatus="Executed" executionWarningCount="0" failureCount="0" id="root:plans:POSYDATA:RSTK-9084-SYDATA-PO Receipt.testinstance:RSTK-9084-SYDATA-PO Receipt.testcase:96:97.0:67:POLoader_POCreation.testcase:94:95:107:132:111:112.0:249" iterationIndex="-1" skippedCount="0" startedUtc="1658164998028" successfulCount="1" testApiId="com.provar.plugins.bundled.apis.control.SetValues" testItemClass="IApiCall" title="Set Values: VendorID">
                                              <childItems/>
                                              <logEntries>
                                                <logEntry id="1658164998060" messageType="General">Setting value VendorID to &lt;null&gt;</logEntry>
                                                <logEntry id="1658164998060" logLevel="Debug" messageType="General">Configuration: ValueScope:Test</logEntry>
                                                <logEntry id="1658164998060" logLevel="Update" messageType="General">Successfully set VendorID to &lt;null&gt;</logEntry>
                                              </logEntries>
                                            </executionItem>
                                            <executionItem endedUtc="1658165023907" executionErrorCount="0" executionStatus="Executed" executionWarningCount="0" failureCount="0" id="root:plans:POSYDATA:RSTK-9084-SYDATA-PO Receipt.testinstance:RSTK-9084-SYDATA-PO Receipt.testcase:96:97.0:67:POLoader_POCreation.testcase:94:95:107:132:111:112.0:233" iterationIndex="-1" skippedCount="0" startedUtc="1658164998060" successfulCount="1" testApiId="com.provar.plugins.forcedotcom.core.testapis.ApexCreateObject" testItemClass="IApiCall" title="Create Object: rstk__poloader__c=&gt;addheaderId">
                                              <childItems/>
                                              <logEntries>
                                                <logEntry id="1658164998075" messageType="General">Creating a new Salesforce object.  Connection Name: SFConnection, Name: rstk__poloader__c, field count: 6</logEntry>
                                                <logEntry id="1658165000089" messageType="Progress">Getting the rstk__poloader__c Object ... 0%</logEntry>
                                                <logEntry id="1658165000251" logLevel="Warning" messageType="General">Failed to connect to Master Lock Manager in timeout period - assuming dead.  Host: localhost, port: 57434</logEntry>
                                                <logEntry id="1658165001768" logLevel="Update" messageType="Progress">Loading Connection model ... 100%</logEntry>
                                                <logEntry id="1658165010906" logLevel="Update" messageType="Progress">Getting the User's information: Getting user info ... 100%</logEntry>
                                                <logEntry id="1658165010906" logLevel="Update" messageType="Progress">Getting the User's information: Getting Salesforce user information ... 100%</logEntry>
                                                <logEntry id="1658165010906" logLevel="Update" messageType="Progress">Getting the User's information ... 100%</logEntry>
                                                <logEntry id="1658165011455" logLevel="Update" messageType="Progress">Describing Salesforce Objects ... 100%</logEntry>
                                                <logEntry id="1658165018142" logLevel="Update" messageType="Progress">Getting the User's information: Getting user info ... 100%</logEntry>
                                                <logEntry id="1658165018142" logLevel="Update" messageType="Progress">Getting the User's information: Getting Salesforce user information ... 100%</logEntry>
                                                <logEntry id="1658165018142" logLevel="Update" messageType="Progress">Getting the User's information ... 100%</logEntry>
                                                <logEntry id="1658165021720" messageType="General">Setting fields:</logEntry>
                                                <logEntry id="1658165021720" messageType="General">=Field=&gt; rstk__poloader_mode__c = &lt;null&gt;</logEntry>
                                                <logEntry id="1658165021720" messageType="General">=Field=&gt; rstk__poloader_vendno__c = &lt;null&gt;</logEntry>
                                                <logEntry id="1658165021720" messageType="General">=Field=&gt; rstk__poloader_div__c = a8d5f0000004JbG</logEntry>
                                                <logEntry id="1658165021720" messageType="General">=Field=&gt; rstk__poloader_poagh__c = &lt;null&gt;</logEntry>
                                                <logEntry id="1658165021720" messageType="General">=Field=&gt; rstk__poloader_process__c = Ready</logEntry>
                                                <logEntry id="1658165021720" messageType="General">=Field=&gt; Name = NPAutomation_Testing</logEntry>
                                                <logEntry id="1658165023903" logLevel="Summary" messageType="General">PO Loader created successfully.  Object Id: &lt;a href='sf:object?object=rstk__poloader__c&amp;id=a485f000001bSjSAAU&amp;connection=QARSF_Admin'&gt;a485f000001bSjSAAU&lt;/a&gt;, Result Name: addheaderId</logEntry>
                                                <logEntry id="1658165023907" messageType="General">Logging Salesforce Object Id for clean up.  Object Name: rstk__poloader__c, id: a485f000001bSjSAAU</logEntry>
                                              </logEntries>
                                            </executionItem>
                                            <executionItem endedUtc="1658165025059" executionErrorCount="0" executionStatus="Executed" executionWarningCount="0" failureCount="0" id="root:plans:POSYDATA:RSTK-9084-SYDATA-PO Receipt.testinstance:RSTK-9084-SYDATA-PO Receipt.testcase:96:97.0:67:POLoader_POCreation.testcase:94:95:107:132:111:112.0:240" iterationIndex="-1" skippedCount="0" startedUtc="1658165023907" successfulCount="1" testApiId="com.provar.plugins.forcedotcom.core.testapis.ApexSoqlQuery" testItemClass="IApiCall" title="SOQL Query: select Id,Name,rstk__poloader_pohdr__c,rstk__poloader_process__c from rstk__poloader__c where id = 'a485f000001bSjSAAU'=&gt;poloaderhdrapi">
                                              <childItems/>
                                              <logEntries>
                                                <logEntry id="1658165023910" messageType="General">Reading a Salesforce object.  Connection Name: SFConnection, Query: select Id,Name,rstk__poloader_pohdr__c,rstk__poloader_process__c from rstk__poloader__c where id = 'a485f000001bSjSAAU'</logEntry>
                                                <logEntry id="1658165025059" messageType="General">Query successful.  Row Count: 1.</logEntry>
                                              </logEntries>
                                            </executionItem>
                                            <executionItem endedUtc="1658165025059" executionErrorCount="0" executionStatus="Executed" executionWarningCount="0" failureCount="0" id="root:plans:POSYDATA:RSTK-9084-SYDATA-PO Receipt.testinstance:RSTK-9084-SYDATA-PO Receipt.testcase:96:97.0:67:POLoader_POCreation.testcase:94:95:107:132:111:112.0:239" iterationIndex="-1" skippedCount="0" startedUtc="1658165025059" successfulCount="1" testApiId="com.provar.plugins.bundled.apis.control.SetValues" testItemClass="IApiCall" title="Set Values: POHDRID">
                                              <childItems/>
                                              <logEntries>
                                                <logEntry id="1658165025059" messageType="General">Setting value POHDRID to &lt;null&gt;</logEntry>
                                                <logEntry id="1658165025059" logLevel="Debug" messageType="General">Configuration: ValueScope:Test</logEntry>
                                                <logEntry id="1658165025059" logLevel="Update" messageType="General">Successfully set POHDRID to &lt;null&gt;</logEntry>
                                              </logEntries>
                                            </executionItem>
                                          </childItems>
                                        </executionItem>
                                      </childItems>
                                      <logEntries>
                                        <logEntry id="1658164996929" messageType="General">Start of iteration 1 of 1.</logEntry>
                                        <logEntry id="1658165025075" messageType="General">Reached the end of the List.</logEntry>
                                      </logEntries>
                                    </executionItem>
                                  </childItems>
                                </executionItem>
                              </childItems>
                            </executionItem>
                            <executionItem endedUtc="1658165029650" executionErrorCount="0" executionStatus="Executed" executionWarningCount="0" failureCount="1" id="root:plans:POSYDATA:RSTK-9084-SYDATA-PO Receipt.testinstance:RSTK-9084-SYDATA-PO Receipt.testcase:96:97.0:67:POLoader_POCreation.testcase:94:95:109" iterationIndex="-1" skippedCount="0" startedUtc="1658165025075" successfulCount="0" testApiId="com.provar.plugins.bundled.apis.control.StepGroup" testItemClass="IApiCall" title="Add PO Line">
                              <childItems>
                                <executionItem endedUtc="1658165029650" executionErrorCount="0" executionStatus="Executed" executionWarningCount="0" failureCount="1" id="root:plans:POSYDATA:RSTK-9084-SYDATA-PO Receipt.testinstance:RSTK-9084-SYDATA-PO Receipt.testcase:96:97.0:67:POLoader_POCreation.testcase:94:95:109:138" iterationIndex="-1" skippedCount="0" startedUtc="1658165025075" successfulCount="0" testClauseName="hidden" testItemClass="ITestClause" title="Steps">
                                  <childItems>
                                    <executionItem endedUtc="1658165029650" executionErrorCount="0" executionStatus="Executed" executionWarningCount="0" failureCount="1" id="root:plans:POSYDATA:RSTK-9084-SYDATA-PO Receipt.testinstance:RSTK-9084-SYDATA-PO Receipt.testcase:96:97.0:67:POLoader_POCreation.testcase:94:95:109:138:104" iterationIndex="-1" skippedCount="0" startedUtc="1658165025075" successfulCount="0" testApiId="com.provar.plugins.bundled.apis.control.ForEach" testItemClass="IApiCall" title="For Each: {AddLineData}=&gt;poloaderaddline">
                                      <childItems>
                                        <executionItem endedUtc="1658165029650" executionErrorCount="0" executionStatus="Executed" executionWarningCount="0" failureCount="1" id="root:plans:POSYDATA:RSTK-9084-SYDATA-PO Receipt.testinstance:RSTK-9084-SYDATA-PO Receipt.testcase:96:97.0:67:POLoader_POCreation.testcase:94:95:109:138:104:105.0" iterationIndex="0" skippedCount="0" startedUtc="1658165025075" successfulCount="0" testClauseName="substeps" testItemClass="ITestClause" title="Iteration 1">
                                          <childItems>
                                            <executionItem endedUtc="1658165028260" executionErrorCount="0" executionStatus="Executed" executionWarningCount="0" failureCount="1" id="root:plans:POSYDATA:RSTK-9084-SYDATA-PO Receipt.testinstance:RSTK-9084-SYDATA-PO Receipt.testcase:96:97.0:67:POLoader_POCreation.testcase:94:95:109:138:104:105.0:110" iterationIndex="-1" skippedCount="0" startedUtc="1658165025075" successfulCount="0" testApiId="com.provar.plugins.forcedotcom.core.testapis.ApexCreateObject" testItemClass="IApiCall" title="Create Object: rstk__poloader__c=&gt;addlineId">
                                              <childItems/>
                                              <logEntries>
                                                <logEntry id="1658165025099" messageType="General">Creating a new Salesforce object.  Connection Name: SFConnection, Name: rstk__poloader__c, field count: 9</logEntry>
                                                <logEntry id="1658165025482" messageType="General">Setting fields:</logEntry>
                                                <logEntry id="1658165025482" messageType="General">=Field=&gt; rstk__poloader_poitem__c = a415f000000lOC4</logEntry>
                                                <logEntry id="1658165025482" messageType="General">=Field=&gt; rstk__poloader_mode__c = Add Line</logEntry>
                                                <logEntry id="1658165025482" messageType="General">=Field=&gt; rstk__poloader_unitprice__c = 33.768</logEntry>
                                                <logEntry id="1658165025482" messageType="General">=Field=&gt; rstk__poloader_qtyreq__c = 2</logEntry>
                                                <logEntry id="1658165025482" messageType="General">=Field=&gt; rstk__poloader_pohdr__c = &lt;null&gt;</logEntry>
                                                <logEntry id="1658165025482" messageType="General">=Field=&gt; rstk__poloader_proj__c = a3A5f000000xGXA</logEntry>
                                                <logEntry id="1658165025482" messageType="General">=Field=&gt; rstk__poloader_process__c = Ready</logEntry>
                                                <logEntry id="1658165025482" messageType="General">=Field=&gt; Name = NP_Automation</logEntry>
                                                <logEntry id="1658165025482" messageType="General">=Field=&gt; rstk__poloader_schedrcptdte__c = 2022-07-18</logEntry>
                                                <logEntry id="1658165028260" logLevel="Error" messageType="General">Failed to create Object.  Error Messages: PO Header must be specified to add Line</logEntry>
                                              </logEntries>
                                            </executionItem>
                                            <executionItem endedUtc="0" executionErrorCount="0" executionWarningCount="0" failureCount="0" id="root:plans:POSYDATA:RSTK-9084-SYDATA-PO Receipt.testinstance:RSTK-9084-SYDATA-PO Receipt.testcase:96:97.0:67:POLoader_POCreation.testcase:94:95:109:138:104:105.0:113" iterationIndex="-1" skippedCount="0" startedUtc="0" successfulCount="0" testApiId="com.provar.plugins.forcedotcom.core.testapis.ApexSoqlQuery" testItemClass="IApiCall" title="SOQL Query: select Id,Name,rstk__poloader_pohdr__c,rstk__poloader_process__c,rstk__poloader_asyncgroup__c,rstk__poloader_poline__c from rstk__poloader__c where id = '{addlineId}'=&gt;addlineapi">
                                              <childItems/>
                                            </executionItem>
                                            <executionItem endedUtc="0" executionErrorCount="0" executionWarningCount="0" failureCount="0" id="root:plans:POSYDATA:RSTK-9084-SYDATA-PO Receipt.testinstance:RSTK-9084-SYDATA-PO Receipt.testcase:96:97.0:67:POLoader_POCreation.testcase:94:95:109:138:104:105.0:242" iterationIndex="-1" skippedCount="0" startedUtc="0" successfulCount="0" testApiId="com.provar.plugins.bundled.apis.control.SetValues" testItemClass="IApiCall" title="Set Values: POLINEID">
                                              <childItems/>
                                            </executionItem>
                                            <executionItem endedUtc="0" executionErrorCount="0" executionWarningCount="0" failureCount="0" id="root:plans:POSYDATA:RSTK-9084-SYDATA-PO Receipt.testinstance:RSTK-9084-SYDATA-PO Receipt.testcase:96:97.0:67:POLoader_POCreation.testcase:94:95:109:138:104:105.0:167" iterationIndex="-1" skippedCount="0" startedUtc="0" successfulCount="0" testApiId="com.provar.plugins.bundled.apis.control.DoWhile" testItemClass="IApiCall" title="While: {addlineapi.rstk__poloader_process__c = &quot;Ready&quot;}">
                                              <childItems/>
                                            </executionItem>
                                          </childItems>
                                        </executionItem>
                                      </childItems>
                                      <logEntries>
                                        <logEntry id="1658165025075" messageType="General">Start of iteration 1 of 5.</logEntry>
                                        <logEntry id="1658165029650" logLevel="Error" messageType="General">Sub-Test Steps failed for iteration 1</logEntry>
                                      </logEntries>
                                    </executionItem>
                                  </childItems>
                                </executionItem>
                              </childItems>
                            </executionItem>
                            <executionItem endedUtc="0" executionErrorCount="0" executionStatus="Executed" executionWarningCount="0" failureCount="0" id="root:plans:POSYDATA:RSTK-9084-SYDATA-PO Receipt.testinstance:RSTK-9084-SYDATA-PO Receipt.testcase:96:97.0:67:POLoader_POCreation.testcase:94:95:244" iterationIndex="-1" skippedCount="1" startedUtc="1658165029650" successfulCount="0" testApiId="com.provar.plugins.forcedotcom.core.testapis.ApexSoqlQuery" testItemClass="IApiCall" title="SOQL Query: select Id,rstk__pohdr_ordsts__c,rstk__pohdr_totamt__c,rstk__pohdr_ordno__c,CreatedDate from rstk__pohdr__c where Id ='{POHDRID}'=&gt;pohdr">
                              <childItems/>
                            </executionItem>
                            <executionItem endedUtc="0" executionErrorCount="0" executionStatus="Executed" executionWarningCount="0" failureCount="0" id="root:plans:POSYDATA:RSTK-9084-SYDATA-PO Receipt.testinstance:RSTK-9084-SYDATA-PO Receipt.testcase:96:97.0:67:POLoader_POCreation.testcase:94:95:247" iterationIndex="-1" skippedCount="1" startedUtc="1658165029650" successfulCount="0" testApiId="com.provar.plugins.bundled.apis.control.SetValues" testItemClass="IApiCall" title="Set Values: POTotal">
                              <childItems/>
                            </executionItem>
                            <executionItem endedUtc="0" executionErrorCount="0" executionStatus="Executed" executionWarningCount="0" failureCount="0" id="root:plans:POSYDATA:RSTK-9084-SYDATA-PO Receipt.testinstance:RSTK-9084-SYDATA-PO Receipt.testcase:96:97.0:67:POLoader_POCreation.testcase:94:95:246" iterationIndex="-1" skippedCount="1" startedUtc="1658165029650" successfulCount="0" testApiId="com.provar.plugins.bundled.apis.control.SetValues" testItemClass="IApiCall" title="Set Values: POOrderNum">
                              <childItems/>
                            </executionItem>
                          </childItems>
                        </executionItem>
                      </childItems>
                    </executionItem>
                  </childItems>
                </executionItem>
              </childItems>
              <logEntries>
                <logEntry id="1658165029666" messageType="General">Handling managed resource.  Name: SFConnection</logEntry>
                <logEntry id="1658165029666" logLevel="Debug" messageType="General">Not closing Salesforce Connection because it is still being used.  Name: SFConnection</logEntry>
                <logEntry id="1658165029666" logLevel="Update" messageType="General">Salesforce Connection handled successfully.  Name: SFConnection</logEntry>
              </logEntries>
            </executionItem>
            <executionItem endedUtc="0" executionErrorCount="0" executionWarningCount="0" failureCount="0" id="root:plans:POSYDATA:RSTK-9084-SYDATA-PO Receipt.testinstance:RSTK-9084-SYDATA-PO Receipt.testcase:96:97.0:65" iterationIndex="-1" skippedCount="0" startedUtc="0" successfulCount="0" testItemClass="ITestCaseCall" title="Call SubmittoVendor">
              <childItems/>
            </executionItem>
            <executionItem endedUtc="0" executionErrorCount="0" executionWarningCount="0" failureCount="0" id="root:plans:POSYDATA:RSTK-9084-SYDATA-PO Receipt.testinstance:RSTK-9084-SYDATA-PO Receipt.testcase:96:97.0:72" iterationIndex="-1" skippedCount="0" startedUtc="0" successfulCount="0" testApiId="com.provar.plugins.bundled.apis.control.StepGroup" testItemClass="IApiCall" title="Fetch Quantity on Hand Before Receipt">
              <childItems>
                <executionItem endedUtc="0" executionErrorCount="0" executionWarningCount="0" failureCount="0" id="root:plans:POSYDATA:RSTK-9084-SYDATA-PO Receipt.testinstance:RSTK-9084-SYDATA-PO Receipt.testcase:96:97.0:72:73" iterationIndex="-1" skippedCount="0" startedUtc="0" successfulCount="0" testClauseName="hidden" testItemClass="ITestClause" title="Steps">
                  <childItems>
                    <executionItem endedUtc="0" executionErrorCount="0" executionWarningCount="0" failureCount="0" id="root:plans:POSYDATA:RSTK-9084-SYDATA-PO Receipt.testinstance:RSTK-9084-SYDATA-PO Receipt.testcase:96:97.0:72:73:80" iterationIndex="-1" skippedCount="0" startedUtc="0" successfulCount="0" testApiId="com.provar.plugins.bundled.apis.control.SetValues" testItemClass="IApiCall" title="Set Values: wb_Quantitypath">
                      <childItems/>
                    </executionItem>
                    <executionItem endedUtc="0" executionErrorCount="0" executionWarningCount="0" failureCount="0" id="root:plans:POSYDATA:RSTK-9084-SYDATA-PO Receipt.testinstance:RSTK-9084-SYDATA-PO Receipt.testcase:96:97.0:72:73:81" iterationIndex="-1" skippedCount="0" startedUtc="0" successfulCount="0" testApiId="com.provar.plugins.bundled.apis.control.SetValues" testItemClass="IApiCall" title="Set Values: ws_quantity">
                      <childItems/>
                    </executionItem>
                    <executionItem endedUtc="0" executionErrorCount="0" executionWarningCount="0" failureCount="0" id="root:plans:POSYDATA:RSTK-9084-SYDATA-PO Receipt.testinstance:RSTK-9084-SYDATA-PO Receipt.testcase:96:97.0:72:73:78" iterationIndex="-1" skippedCount="0" startedUtc="0" successfulCount="0" testItemClass="ITestCaseCall" title="Call Inventory QuantityOnHand">
                      <childItems/>
                    </executionItem>
                  </childItems>
                </executionItem>
              </childItems>
            </executionItem>
            <executionItem endedUtc="0" executionErrorCount="0" executionWarningCount="0" failureCount="0" id="root:plans:POSYDATA:RSTK-9084-SYDATA-PO Receipt.testinstance:RSTK-9084-SYDATA-PO Receipt.testcase:96:97.0:57" iterationIndex="-1" skippedCount="0" startedUtc="0" successfulCount="0" testItemClass="ITestCaseCall" title="Call SYDATAPOReceipt">
              <childItems/>
            </executionItem>
            <executionItem endedUtc="0" executionErrorCount="0" executionWarningCount="0" failureCount="0" id="root:plans:POSYDATA:RSTK-9084-SYDATA-PO Receipt.testinstance:RSTK-9084-SYDATA-PO Receipt.testcase:96:97.0:82" iterationIndex="-1" skippedCount="0" startedUtc="0" successfulCount="0" testApiId="com.provar.plugins.bundled.apis.control.StepGroup" testItemClass="IApiCall" title="Fetch Quantity on Hand After Receipt">
              <childItems>
                <executionItem endedUtc="0" executionErrorCount="0" executionWarningCount="0" failureCount="0" id="root:plans:POSYDATA:RSTK-9084-SYDATA-PO Receipt.testinstance:RSTK-9084-SYDATA-PO Receipt.testcase:96:97.0:82:83" iterationIndex="-1" skippedCount="0" startedUtc="0" successfulCount="0" testClauseName="hidden" testItemClass="ITestClause" title="Steps">
                  <childItems>
                    <executionItem endedUtc="0" executionErrorCount="0" executionWarningCount="0" failureCount="0" id="root:plans:POSYDATA:RSTK-9084-SYDATA-PO Receipt.testinstance:RSTK-9084-SYDATA-PO Receipt.testcase:96:97.0:82:83:84" iterationIndex="-1" skippedCount="0" startedUtc="0" successfulCount="0" testApiId="com.provar.plugins.bundled.apis.control.SetValues" testItemClass="IApiCall" title="Set Values: wb_Quantitypath">
                      <childItems/>
                    </executionItem>
                    <executionItem endedUtc="0" executionErrorCount="0" executionWarningCount="0" failureCount="0" id="root:plans:POSYDATA:RSTK-9084-SYDATA-PO Receipt.testinstance:RSTK-9084-SYDATA-PO Receipt.testcase:96:97.0:82:83:85" iterationIndex="-1" skippedCount="0" startedUtc="0" successfulCount="0" testApiId="com.provar.plugins.bundled.apis.control.SetValues" testItemClass="IApiCall" title="Set Values: ws_quantity">
                      <childItems/>
                    </executionItem>
                    <executionItem endedUtc="0" executionErrorCount="0" executionWarningCount="0" failureCount="0" id="root:plans:POSYDATA:RSTK-9084-SYDATA-PO Receipt.testinstance:RSTK-9084-SYDATA-PO Receipt.testcase:96:97.0:82:83:86" iterationIndex="-1" skippedCount="0" startedUtc="0" successfulCount="0" testItemClass="ITestCaseCall" title="Call Inventory QuantityOnHand">
                      <childItems/>
                    </executionItem>
                  </childItems>
                </executionItem>
              </childItems>
            </executionItem>
            <executionItem endedUtc="0" executionErrorCount="0" executionWarningCount="0" failureCount="0" id="root:plans:POSYDATA:RSTK-9084-SYDATA-PO Receipt.testinstance:RSTK-9084-SYDATA-PO Receipt.testcase:96:97.0:58" iterationIndex="-1" skippedCount="0" startedUtc="0" successfulCount="0" testItemClass="ITestCaseCall" title="Call POReceiptVerification">
              <childItems/>
            </executionItem>
            <executionItem endedUtc="0" executionErrorCount="0" executionWarningCount="0" failureCount="0" id="root:plans:POSYDATA:RSTK-9084-SYDATA-PO Receipt.testinstance:RSTK-9084-SYDATA-PO Receipt.testcase:96:97.0:68" iterationIndex="-1" skippedCount="0" startedUtc="0" successfulCount="0" testApiId="com.provar.plugins.bundled.apis.control.StepGroup" testItemClass="IApiCall" title="PO and PO Line Verification">
              <childItems>
                <executionItem endedUtc="0" executionErrorCount="0" executionWarningCount="0" failureCount="0" id="root:plans:POSYDATA:RSTK-9084-SYDATA-PO Receipt.testinstance:RSTK-9084-SYDATA-PO Receipt.testcase:96:97.0:68:69" iterationIndex="-1" skippedCount="0" startedUtc="0" successfulCount="0" testClauseName="hidden" testItemClass="ITestClause" title="Steps">
                  <childItems>
                    <executionItem endedUtc="0" executionErrorCount="0" executionWarningCount="0" failureCount="0" id="root:plans:POSYDATA:RSTK-9084-SYDATA-PO Receipt.testinstance:RSTK-9084-SYDATA-PO Receipt.testcase:96:97.0:68:69:59" iterationIndex="-1" skippedCount="0" startedUtc="0" successfulCount="0" testApiId="com.provar.plugins.forcedotcom.core.testapis.ApexSoqlQuery" testItemClass="IApiCall" title="SOQL Query: select Id,rstk__pohdr_ordsts__c,CreatedDate from rstk__pohdr__c where Id ='{POHDRID}'=&gt;pohdr">
                      <childItems/>
                    </executionItem>
                    <executionItem endedUtc="0" executionErrorCount="0" executionWarningCount="0" failureCount="0" id="root:plans:POSYDATA:RSTK-9084-SYDATA-PO Receipt.testinstance:RSTK-9084-SYDATA-PO Receipt.testcase:96:97.0:68:69:60" iterationIndex="-1" skippedCount="0" startedUtc="0" successfulCount="0" testApiId="com.provar.plugins.forcedotcom.core.testapis.ApexSoqlQuery" testItemClass="IApiCall" title="SOQL Query: select Id,rstk__poline_ordno__c,rstk__formula_qtyrcvd__c, rstk__poline_ordsts__c,rstk__poline_qtyacc__c from rstk__poline__c where rstk__poline_ordno__c ='{POHDRID}' and rstk__poline_potype__c in ('Purchased','Subcontract')=&gt;poline">
                      <childItems/>
                    </executionItem>
                    <executionItem endedUtc="0" executionErrorCount="0" executionWarningCount="0" failureCount="0" id="root:plans:POSYDATA:RSTK-9084-SYDATA-PO Receipt.testinstance:RSTK-9084-SYDATA-PO Receipt.testcase:96:97.0:68:69:61" iterationIndex="-1" skippedCount="0" startedUtc="0" successfulCount="0" testApiId="com.provar.plugins.bundled.apis.AssertValues" testItemClass="IApiCall" title="Assert: 5-Vendor Notified EqualTo {pohdr.rstk__pohdr_ordsts__c}">
                      <childItems/>
                    </executionItem>
                    <executionItem endedUtc="0" executionErrorCount="0" executionWarningCount="0" failureCount="0" id="root:plans:POSYDATA:RSTK-9084-SYDATA-PO Receipt.testinstance:RSTK-9084-SYDATA-PO Receipt.testcase:96:97.0:68:69:70" iterationIndex="-1" skippedCount="0" startedUtc="0" successfulCount="0" testApiId="com.provar.plugins.bundled.apis.control.SetValues" testItemClass="IApiCall" title="Set Values: POCreatedDate">
                      <childItems/>
                    </executionItem>
                    <executionItem endedUtc="0" executionErrorCount="0" executionWarningCount="0" failureCount="0" id="root:plans:POSYDATA:RSTK-9084-SYDATA-PO Receipt.testinstance:RSTK-9084-SYDATA-PO Receipt.testcase:96:97.0:68:69:62" iterationIndex="-1" skippedCount="0" startedUtc="0" successfulCount="0" testApiId="com.provar.plugins.bundled.apis.control.SetValues" testItemClass="IApiCall" title="Set Values: rownum">
                      <childItems/>
                    </executionItem>
                    <executionItem endedUtc="0" executionErrorCount="0" executionWarningCount="0" failureCount="0" id="root:plans:POSYDATA:RSTK-9084-SYDATA-PO Receipt.testinstance:RSTK-9084-SYDATA-PO Receipt.testcase:96:97.0:68:69:63" iterationIndex="-1" skippedCount="0" startedUtc="0" successfulCount="0" testApiId="com.provar.plugins.bundled.apis.control.ForEach" testItemClass="IApiCall" title="For Each: {poline}=&gt;lineiteration">
                      <childItems/>
                    </executionItem>
                  </childItems>
                </executionItem>
              </childItems>
            </executionItem>
          </childItems>
        </executionItem>
      </childItems>
      <logEntries>
        <logEntry id="1658164996820" messageType="General">Start of iteration 1 of 2.</logEntry>
        <logEntry id="1658165029666" logLevel="Error" messageType="General">Sub-Test Steps failed for iteration 1</logEntry>
      </logEntries>
    </executionItem>
  </childItems>
</executionItem>
