<?xml version="1.0" encoding="UTF-8" standalone="no"?>
<executionItem endedUtc="1658166270035" executionErrorCount="0" executionStatus="Executed" executionWarningCount="0" failureCount="1" id="root:plans:POLoader:RSTK-9090-POLoader- Clone.testinstance:RSTK-9090-POLoader- Clone.testcase" iterationIndex="-1" skippedCount="0" startedUtc="1658166259371" successfulCount="0" testCasePath="D:\\provar\\Chandra Demo\\Parallel-Execution\\tests\\POLOADER" testItemClass="ITestCase" title="RSTK-9090-POLoader- Clone.testcase">
  <testItemSummary/>
  <childItems>
    <executionItem endedUtc="1658166264210" executionErrorCount="0" executionStatus="Executed" executionWarningCount="0" failureCount="0" id="root:plans:POLoader:RSTK-9090-POLoader- Clone.testinstance:RSTK-9090-POLoader- Clone.testcase:1" iterationIndex="-1" skippedCount="0" startedUtc="1658166259371" successfulCount="1" testApiId="com.provar.plugins.forcedotcom.core.testapis.ApexConnect" testItemClass="IApiCall" title="Salesforce Connect: SFConnection (Test)">
      <childItems/>
      <logEntries>
        <logEntry id="1658166259387" messageType="General">Connecting to Salesforce as QARSF_Admin</logEntry>
        <logEntry id="1658166259387" logLevel="Debug" messageType="General">Connection details. Connection name: QARSF_Admin, result name: SFConnection, result scope: Test, urlString: sf:environment=PRERELEASE;apiLoginUrl=https://automationtesting2.my.salesforce.com;identityServiceUrl=https://login.salesforce.com/id/00D5f000005vwGkEAI/0055f000008Hn0WAAS;clientId={clientId};clientSecret={clientSecret};authenticationType=OAUTH;callbackUrl={callbackUrl};accessToken={accessToken};refreshToken={refreshToken}, environment: AutomationOrg, clientId: [supplied], clientSecret: [supplied], callBackUrl: [supplied], accessToken: [supplied], refreshToken: [supplied]</logEntry>
        <logEntry id="1658166259387" logLevel="Debug" messageType="General">Create object id log file.</logEntry>
        <logEntry id="1658166259387" logLevel="Trace" messageType="General">Absolute path: D:\\provar\\Chandra Demo\\Parallel-Execution\\ANT\\..\\ANT\\Results(13)\\Artifacts\\QARSF_Admin-objectids.log</logEntry>
        <logEntry id="1658166260391" logLevel="Debug" messageType="General">Access Token refreshed successfully.</logEntry>
        <logEntry id="1658166263126" logLevel="Debug" messageType="General">Identity Service successful. ToolingEndpoint: https://automationtesting2.my.salesforce.com/services/Soap/T/53.0/00D5f000005vwGk, ToolingRestEndpoint: https://automationtesting2.my.salesforce.com/services/data/v53.0/tooling/, PartnerEndpoint: https://automationtesting2.my.salesforce.com/services/Soap/u/53.0/00D5f000005vwGk, MetadataEndpoint: https://automationtesting2.my.salesforce.com/services/Soap/m/53.0/00D5f000005vwGk, EnterpriseEndpoint: https://automationtesting2.my.salesforce.com/services/Soap/c/53.0/00D5f000005vwGk</logEntry>
        <logEntry id="1658166263126" logLevel="Debug" messageType="General">Opening Partner connection</logEntry>
        <logEntry id="1658166263126" logLevel="Trace" messageType="General">Connection configurations: userName: automation@rootstock.com,  password: [empty], securityToken: [empty], authEndpoint: https://automationtesting2.my.salesforce.com/services/Soap/u/53.0, serviceEndpoint: https://automationtesting2.my.salesforce.com/services/Soap/u/53.0/00D5f000005vwGk</logEntry>
        <logEntry id="1658166264210" logLevel="Debug" messageType="General">Opening SOAP connection</logEntry>
        <logEntry id="1658166264210" logLevel="Trace" messageType="General">Connection configurations: userName: automation@rootstock.com,  password: [empty], securityToken: [empty], authEndpoint: https://automationtesting2.my.salesforce.com/services/Soap/u/53.0, serviceEndpoint: https://automationtesting2.my.salesforce.com/services/Soap/u/53.0</logEntry>
        <logEntry id="1658166264210" logLevel="Debug" messageType="General">Opening Metadata connection</logEntry>
        <logEntry id="1658166264210" logLevel="Trace" messageType="General">Connection configurations: userName: null,  password: [empty], securityToken: [empty], authEndpoint: https://automationtesting2.my.salesforce.com/services/Soap/u/53.0, serviceEndpoint: https://automationtesting2.my.salesforce.com/services/Soap/m/53.0/00D5f000005vwGk</logEntry>
        <logEntry id="1658166264210" logLevel="Update" messageType="General">Successfully connected to Salesforce as QARSF_Admin</logEntry>
      </logEntries>
    </executionItem>
    <executionItem endedUtc="1658166264351" executionErrorCount="0" executionStatus="Executed" executionWarningCount="0" failureCount="0" id="root:plans:POLoader:RSTK-9090-POLoader- Clone.testinstance:RSTK-9090-POLoader- Clone.testcase:121" iterationIndex="-1" skippedCount="0" startedUtc="1658166264210" successfulCount="1" testApiId="com.provar.plugins.bundled.apis.control.StepGroup" testItemClass="IApiCall" title="Reading Excel Data">
      <childItems>
        <executionItem endedUtc="1658166264351" executionErrorCount="0" executionStatus="Executed" executionWarningCount="0" failureCount="0" id="root:plans:POLoader:RSTK-9090-POLoader- Clone.testinstance:RSTK-9090-POLoader- Clone.testcase:121:242" iterationIndex="-1" skippedCount="0" startedUtc="1658166264210" successfulCount="1" testClauseName="hidden" testItemClass="ITestClause" title="Steps">
          <childItems>
            <executionItem endedUtc="1658166264304" executionErrorCount="0" executionStatus="Executed" executionWarningCount="0" failureCount="0" id="root:plans:POLoader:RSTK-9090-POLoader- Clone.testinstance:RSTK-9090-POLoader- Clone.testcase:121:242:244" iterationIndex="-1" skippedCount="0" startedUtc="1658166264225" successfulCount="1" testItemClass="ITestCaseCall" title="Call ReadExcelPath">
              <childItems>
                <executionItem endedUtc="1658166264304" executionErrorCount="0" executionStatus="Executed" executionWarningCount="0" failureCount="0" id="root:plans:POLoader:RSTK-9090-POLoader- Clone.testinstance:RSTK-9090-POLoader- Clone.testcase:121:242:244:ReadExcelPath.testcase" iterationIndex="-1" skippedCount="0" startedUtc="1658166264225" successfulCount="1" testCasePath="D:\\provar\\Chandra Demo\\Parallel-Execution\\tests\\Purchase Order\\Callable" testItemClass="ITestCase" title="ReadExcelPath">
                  <testItemSummary/>
                  <childItems>
                    <executionItem endedUtc="1658166264225" executionErrorCount="0" executionStatus="Executed" executionWarningCount="0" failureCount="0" id="root:plans:POLoader:RSTK-9090-POLoader- Clone.testinstance:RSTK-9090-POLoader- Clone.testcase:121:242:244:ReadExcelPath.testcase:1" iterationIndex="-1" skippedCount="0" startedUtc="1658166264225" successfulCount="1" testApiId="com.provar.plugins.forcedotcom.core.testapis.ApexConnect" testItemClass="IApiCall" title="Salesforce Connect: SFConnection (Test)">
                      <childItems/>
                      <logEntries>
                        <logEntry id="1658166264225" messageType="General">Connecting to Salesforce as QARSF_Admin</logEntry>
                        <logEntry id="1658166264225" logLevel="Update" messageType="General">Re-using existing connection. Connection: QARSF_Admin, Result Name: SFConnection</logEntry>
                      </logEntries>
                    </executionItem>
                    <executionItem endedUtc="1658166264272" executionErrorCount="0" executionStatus="Executed" executionWarningCount="0" failureCount="0" id="root:plans:POLoader:RSTK-9090-POLoader- Clone.testinstance:RSTK-9090-POLoader- Clone.testcase:121:242:244:ReadExcelPath.testcase:118" iterationIndex="-1" skippedCount="0" startedUtc="1658166264225" successfulCount="1" testApiId="com.provar.plugins.bundled.apis.If" testItemClass="IApiCall" title="If: {GetSelectedEnvironment() = &quot;QARSF&quot;}">
                      <childItems>
                        <executionItem endedUtc="0" executionErrorCount="0" executionWarningCount="0" failureCount="0" id="root:plans:POLoader:RSTK-9090-POLoader- Clone.testinstance:RSTK-9090-POLoader- Clone.testcase:121:242:244:ReadExcelPath.testcase:118:119" iterationIndex="-1" skippedCount="0" startedUtc="0" successfulCount="0" testClauseName="then" testItemClass="ITestClause" title="Then">
                          <childItems>
                            <executionItem endedUtc="0" executionErrorCount="0" executionWarningCount="0" failureCount="0" id="root:plans:POLoader:RSTK-9090-POLoader- Clone.testinstance:RSTK-9090-POLoader- Clone.testcase:121:242:244:ReadExcelPath.testcase:118:119:139" iterationIndex="-1" skippedCount="0" startedUtc="0" successfulCount="0" testApiId="com.provar.plugins.bundled.apis.control.SetValues" testItemClass="IApiCall" title="Set Values: poui">
                              <childItems/>
                            </executionItem>
                            <executionItem endedUtc="0" executionErrorCount="0" executionWarningCount="0" failureCount="0" id="root:plans:POLoader:RSTK-9090-POLoader- Clone.testinstance:RSTK-9090-POLoader- Clone.testcase:121:242:244:ReadExcelPath.testcase:118:119:120" iterationIndex="-1" skippedCount="0" startedUtc="0" successfulCount="0" testApiId="com.provar.plugins.bundled.apis.control.SetValues" testItemClass="IApiCall" title="Set Values: financial">
                              <childItems/>
                            </executionItem>
                            <executionItem endedUtc="0" executionErrorCount="0" executionWarningCount="0" failureCount="0" id="root:plans:POLoader:RSTK-9090-POLoader- Clone.testinstance:RSTK-9090-POLoader- Clone.testcase:121:242:244:ReadExcelPath.testcase:118:119:138" iterationIndex="-1" skippedCount="0" startedUtc="0" successfulCount="0" testApiId="com.provar.plugins.bundled.apis.control.SetValues" testItemClass="IApiCall" title="Set Values: posydata1">
                              <childItems/>
                            </executionItem>
                            <executionItem endedUtc="0" executionErrorCount="0" executionWarningCount="0" failureCount="0" id="root:plans:POLoader:RSTK-9090-POLoader- Clone.testinstance:RSTK-9090-POLoader- Clone.testcase:121:242:244:ReadExcelPath.testcase:118:119:134" iterationIndex="-1" skippedCount="0" startedUtc="0" successfulCount="0" testApiId="com.provar.plugins.bundled.apis.control.SetValues" testItemClass="IApiCall" title="Set Values: posydata">
                              <childItems/>
                            </executionItem>
                            <executionItem endedUtc="0" executionErrorCount="0" executionWarningCount="0" failureCount="0" id="root:plans:POLoader:RSTK-9090-POLoader- Clone.testinstance:RSTK-9090-POLoader- Clone.testcase:121:242:244:ReadExcelPath.testcase:118:119:125" iterationIndex="-1" skippedCount="0" startedUtc="0" successfulCount="0" testApiId="com.provar.plugins.bundled.apis.control.SetValues" testItemClass="IApiCall" title="Set Values: poloader">
                              <childItems/>
                            </executionItem>
                          </childItems>
                        </executionItem>
                        <executionItem endedUtc="1658166264272" executionErrorCount="0" executionStatus="Executed" executionWarningCount="0" failureCount="0" id="root:plans:POLoader:RSTK-9090-POLoader- Clone.testinstance:RSTK-9090-POLoader- Clone.testcase:121:242:244:ReadExcelPath.testcase:118:129" iterationIndex="-1" skippedCount="0" startedUtc="1658166264241" successfulCount="1" testClauseName="else" testItemClass="ITestClause" title="Else">
                          <childItems>
                            <executionItem endedUtc="1658166264272" executionErrorCount="0" executionStatus="Executed" executionWarningCount="0" failureCount="0" id="root:plans:POLoader:RSTK-9090-POLoader- Clone.testinstance:RSTK-9090-POLoader- Clone.testcase:121:242:244:ReadExcelPath.testcase:118:129:116" iterationIndex="-1" skippedCount="0" startedUtc="1658166264241" successfulCount="1" testApiId="com.provar.plugins.bundled.apis.If" testItemClass="IApiCall" title="If: {GetSelectedEnvironment() = &quot;AutomationOrg&quot;}">
                              <childItems>
                                <executionItem endedUtc="1658166264272" executionErrorCount="0" executionStatus="Executed" executionWarningCount="0" failureCount="0" id="root:plans:POLoader:RSTK-9090-POLoader- Clone.testinstance:RSTK-9090-POLoader- Clone.testcase:121:242:244:ReadExcelPath.testcase:118:129:116:115" iterationIndex="-1" skippedCount="0" startedUtc="1658166264241" successfulCount="1" testClauseName="then" testItemClass="ITestClause" title="Then">
                                  <childItems>
                                    <executionItem endedUtc="1658166264241" executionErrorCount="0" executionStatus="Executed" executionWarningCount="0" failureCount="0" id="root:plans:POLoader:RSTK-9090-POLoader- Clone.testinstance:RSTK-9090-POLoader- Clone.testcase:121:242:244:ReadExcelPath.testcase:118:129:116:115:140" iterationIndex="-1" skippedCount="0" startedUtc="1658166264241" successfulCount="1" testApiId="com.provar.plugins.bundled.apis.control.SetValues" testItemClass="IApiCall" title="Set Values: financial">
                                      <childItems/>
                                      <logEntries>
                                        <logEntry id="1658166264241" messageType="General">Setting value financial to templates/AutomationOrg/FinancialData_AutomationOrg.xlsx</logEntry>
                                        <logEntry id="1658166264241" logLevel="Debug" messageType="General">Configuration: ValueScope:Test</logEntry>
                                        <logEntry id="1658166264241" logLevel="Update" messageType="General">Successfully set financial to templates/AutomationOrg/FinancialData_AutomationOrg.xlsx</logEntry>
                                      </logEntries>
                                    </executionItem>
                                    <executionItem endedUtc="1658166264257" executionErrorCount="0" executionStatus="Executed" executionWarningCount="0" failureCount="0" id="root:plans:POLoader:RSTK-9090-POLoader- Clone.testinstance:RSTK-9090-POLoader- Clone.testcase:121:242:244:ReadExcelPath.testcase:118:129:116:115:137" iterationIndex="-1" skippedCount="0" startedUtc="1658166264241" successfulCount="1" testApiId="com.provar.plugins.bundled.apis.control.SetValues" testItemClass="IApiCall" title="Set Values: posydata1">
                                      <childItems/>
                                      <logEntries>
                                        <logEntry id="1658166264257" messageType="General">Setting value posydata1 to templates/AutomationOrg/POSYDATA-AutomationOrg.xlsx</logEntry>
                                        <logEntry id="1658166264257" logLevel="Debug" messageType="General">Configuration: ValueScope:Test</logEntry>
                                        <logEntry id="1658166264257" logLevel="Update" messageType="General">Successfully set posydata1 to templates/AutomationOrg/POSYDATA-AutomationOrg.xlsx</logEntry>
                                      </logEntries>
                                    </executionItem>
                                    <executionItem endedUtc="1658166264257" executionErrorCount="0" executionStatus="Executed" executionWarningCount="0" failureCount="0" id="root:plans:POLoader:RSTK-9090-POLoader- Clone.testinstance:RSTK-9090-POLoader- Clone.testcase:121:242:244:ReadExcelPath.testcase:118:129:116:115:133" iterationIndex="-1" skippedCount="0" startedUtc="1658166264257" successfulCount="1" testApiId="com.provar.plugins.bundled.apis.control.SetValues" testItemClass="IApiCall" title="Set Values: posydata">
                                      <childItems/>
                                      <logEntries>
                                        <logEntry id="1658166264257" messageType="General">Setting value posydata to templates/AutomationOrg/SYDATA-POtoPOAP Match_AutomationOrg.xlsx</logEntry>
                                        <logEntry id="1658166264257" logLevel="Debug" messageType="General">Configuration: ValueScope:Test</logEntry>
                                        <logEntry id="1658166264257" logLevel="Update" messageType="General">Successfully set posydata to templates/AutomationOrg/SYDATA-POtoPOAP Match_AutomationOrg.xlsx</logEntry>
                                      </logEntries>
                                    </executionItem>
                                    <executionItem endedUtc="1658166264272" executionErrorCount="0" executionStatus="Executed" executionWarningCount="0" failureCount="0" id="root:plans:POLoader:RSTK-9090-POLoader- Clone.testinstance:RSTK-9090-POLoader- Clone.testcase:121:242:244:ReadExcelPath.testcase:118:129:116:115:135" iterationIndex="-1" skippedCount="0" startedUtc="1658166264257" successfulCount="1" testApiId="com.provar.plugins.bundled.apis.control.SetValues" testItemClass="IApiCall" title="Set Values: poloader">
                                      <childItems/>
                                      <logEntries>
                                        <logEntry id="1658166264257" messageType="General">Setting value poloader to templates/AutomationOrg/POLoader_AutomationOrg.xlsx</logEntry>
                                        <logEntry id="1658166264257" logLevel="Debug" messageType="General">Configuration: ValueScope:Test</logEntry>
                                        <logEntry id="1658166264257" logLevel="Update" messageType="General">Successfully set poloader to templates/AutomationOrg/POLoader_AutomationOrg.xlsx</logEntry>
                                      </logEntries>
                                    </executionItem>
                                    <executionItem endedUtc="1658166264272" executionErrorCount="0" executionStatus="Executed" executionWarningCount="0" failureCount="0" id="root:plans:POLoader:RSTK-9090-POLoader- Clone.testinstance:RSTK-9090-POLoader- Clone.testcase:121:242:244:ReadExcelPath.testcase:118:129:116:115:143" iterationIndex="-1" skippedCount="0" startedUtc="1658166264272" successfulCount="1" testApiId="com.provar.plugins.bundled.apis.control.SetValues" testItemClass="IApiCall" title="Set Values: reqpay">
                                      <childItems/>
                                      <logEntries>
                                        <logEntry id="1658166264272" messageType="General">Setting value reqpay to templates/AutomationOrg/ReqtoPayment.xlsx</logEntry>
                                        <logEntry id="1658166264272" logLevel="Debug" messageType="General">Configuration: ValueScope:Test</logEntry>
                                        <logEntry id="1658166264272" logLevel="Update" messageType="General">Successfully set reqpay to templates/AutomationOrg/ReqtoPayment.xlsx</logEntry>
                                      </logEntries>
                                    </executionItem>
                                    <executionItem endedUtc="1658166264272" executionErrorCount="0" executionStatus="Executed" executionWarningCount="0" failureCount="0" id="root:plans:POLoader:RSTK-9090-POLoader- Clone.testinstance:RSTK-9090-POLoader- Clone.testcase:121:242:244:ReadExcelPath.testcase:118:129:116:115:96" iterationIndex="-1" skippedCount="0" startedUtc="1658166264272" successfulCount="1" testApiId="com.provar.plugins.bundled.apis.control.SetValues" testItemClass="IApiCall" title="Set Values: poui">
                                      <childItems/>
                                      <logEntries>
                                        <logEntry id="1658166264272" messageType="General">Setting value poui to templates/AutomationOrg/POData_AutomationOrg.xlsx</logEntry>
                                        <logEntry id="1658166264272" logLevel="Debug" messageType="General">Configuration: ValueScope:Test</logEntry>
                                        <logEntry id="1658166264272" logLevel="Update" messageType="General">Successfully set poui to templates/AutomationOrg/POData_AutomationOrg.xlsx</logEntry>
                                      </logEntries>
                                    </executionItem>
                                  </childItems>
                                </executionItem>
                              </childItems>
                            </executionItem>
                          </childItems>
                        </executionItem>
                      </childItems>
                    </executionItem>
                    <executionItem endedUtc="1658166264288" executionErrorCount="0" executionStatus="Executed" executionWarningCount="0" failureCount="0" id="root:plans:POLoader:RSTK-9090-POLoader- Clone.testinstance:RSTK-9090-POLoader- Clone.testcase:121:242:244:ReadExcelPath.testcase:142" iterationIndex="-1" skippedCount="0" startedUtc="1658166264272" successfulCount="1" testApiId="com.provar.plugins.bundled.apis.control.SetValues" testItemClass="IApiCall" title="Set Values: pouipath">
                      <childItems/>
                      <logEntries>
                        <logEntry id="1658166264272" messageType="General">Setting value pouipath to templates/AutomationOrg/POData_AutomationOrg.xlsx</logEntry>
                        <logEntry id="1658166264272" logLevel="Debug" messageType="General">Configuration: ValueScope:Test</logEntry>
                        <logEntry id="1658166264272" logLevel="Update" messageType="General">Successfully set pouipath to templates/AutomationOrg/POData_AutomationOrg.xlsx</logEntry>
                      </logEntries>
                    </executionItem>
                    <executionItem endedUtc="1658166264294" executionErrorCount="0" executionStatus="Executed" executionWarningCount="0" failureCount="0" id="root:plans:POLoader:RSTK-9090-POLoader- Clone.testinstance:RSTK-9090-POLoader- Clone.testcase:121:242:244:ReadExcelPath.testcase:141" iterationIndex="-1" skippedCount="0" startedUtc="1658166264288" successfulCount="1" testApiId="com.provar.plugins.bundled.apis.control.SetValues" testItemClass="IApiCall" title="Set Values: posydatapath1">
                      <childItems/>
                      <logEntries>
                        <logEntry id="1658166264288" messageType="General">Setting value posydatapath1 to templates/AutomationOrg/POSYDATA-AutomationOrg.xlsx</logEntry>
                        <logEntry id="1658166264288" logLevel="Debug" messageType="General">Configuration: ValueScope:Test</logEntry>
                        <logEntry id="1658166264288" logLevel="Update" messageType="General">Successfully set posydatapath1 to templates/AutomationOrg/POSYDATA-AutomationOrg.xlsx</logEntry>
                      </logEntries>
                    </executionItem>
                    <executionItem endedUtc="1658166264294" executionErrorCount="0" executionStatus="Executed" executionWarningCount="0" failureCount="0" id="root:plans:POLoader:RSTK-9090-POLoader- Clone.testinstance:RSTK-9090-POLoader- Clone.testcase:121:242:244:ReadExcelPath.testcase:127" iterationIndex="-1" skippedCount="0" startedUtc="1658166264294" successfulCount="1" testApiId="com.provar.plugins.bundled.apis.control.SetValues" testItemClass="IApiCall" title="Set Values: finpath">
                      <childItems/>
                      <logEntries>
                        <logEntry id="1658166264294" messageType="General">Setting value finpath to templates/AutomationOrg/FinancialData_AutomationOrg.xlsx</logEntry>
                        <logEntry id="1658166264294" logLevel="Debug" messageType="General">Configuration: ValueScope:Test</logEntry>
                        <logEntry id="1658166264294" logLevel="Update" messageType="General">Successfully set finpath to templates/AutomationOrg/FinancialData_AutomationOrg.xlsx</logEntry>
                      </logEntries>
                    </executionItem>
                    <executionItem endedUtc="1658166264304" executionErrorCount="0" executionStatus="Executed" executionWarningCount="0" failureCount="0" id="root:plans:POLoader:RSTK-9090-POLoader- Clone.testinstance:RSTK-9090-POLoader- Clone.testcase:121:242:244:ReadExcelPath.testcase:136" iterationIndex="-1" skippedCount="0" startedUtc="1658166264294" successfulCount="1" testApiId="com.provar.plugins.bundled.apis.control.SetValues" testItemClass="IApiCall" title="Set Values: poloaderpath">
                      <childItems/>
                      <logEntries>
                        <logEntry id="1658166264294" messageType="General">Setting value poloaderpath to templates/AutomationOrg/POLoader_AutomationOrg.xlsx</logEntry>
                        <logEntry id="1658166264294" logLevel="Debug" messageType="General">Configuration: ValueScope:Test</logEntry>
                        <logEntry id="1658166264294" logLevel="Update" messageType="General">Successfully set poloaderpath to templates/AutomationOrg/POLoader_AutomationOrg.xlsx</logEntry>
                      </logEntries>
                    </executionItem>
                    <executionItem endedUtc="1658166264304" executionErrorCount="0" executionStatus="Executed" executionWarningCount="0" failureCount="0" id="root:plans:POLoader:RSTK-9090-POLoader- Clone.testinstance:RSTK-9090-POLoader- Clone.testcase:121:242:244:ReadExcelPath.testcase:144" iterationIndex="-1" skippedCount="0" startedUtc="1658166264304" successfulCount="1" testApiId="com.provar.plugins.bundled.apis.control.SetValues" testItemClass="IApiCall" title="Set Values: posydatapath">
                      <childItems/>
                      <logEntries>
                        <logEntry id="1658166264304" messageType="General">Setting value posydatapath to templates/AutomationOrg/SYDATA-POtoPOAP Match_AutomationOrg.xlsx</logEntry>
                        <logEntry id="1658166264304" logLevel="Debug" messageType="General">Configuration: ValueScope:Test</logEntry>
                        <logEntry id="1658166264304" logLevel="Update" messageType="General">Successfully set posydatapath to templates/AutomationOrg/SYDATA-POtoPOAP Match_AutomationOrg.xlsx</logEntry>
                      </logEntries>
                    </executionItem>
                    <executionItem endedUtc="1658166264304" executionErrorCount="0" executionStatus="Executed" executionWarningCount="0" failureCount="0" id="root:plans:POLoader:RSTK-9090-POLoader- Clone.testinstance:RSTK-9090-POLoader- Clone.testcase:121:242:244:ReadExcelPath.testcase:124" iterationIndex="-1" skippedCount="0" startedUtc="1658166264304" successfulCount="1" testApiId="com.provar.plugins.bundled.apis.control.SetValues" testItemClass="IApiCall" title="Set Values: reqpaypath">
                      <childItems/>
                      <logEntries>
                        <logEntry id="1658166264304" messageType="General">Setting value reqpaypath to templates/AutomationOrg/ReqtoPayment.xlsx</logEntry>
                        <logEntry id="1658166264304" logLevel="Debug" messageType="General">Configuration: ValueScope:Test</logEntry>
                        <logEntry id="1658166264304" logLevel="Update" messageType="General">Successfully set reqpaypath to templates/AutomationOrg/ReqtoPayment.xlsx</logEntry>
                      </logEntries>
                    </executionItem>
                  </childItems>
                </executionItem>
              </childItems>
              <logEntries>
                <logEntry id="1658166264304" messageType="General">Handling managed resource.  Name: SFConnection</logEntry>
                <logEntry id="1658166264304" logLevel="Debug" messageType="General">Not closing Salesforce Connection because it is still being used.  Name: SFConnection</logEntry>
                <logEntry id="1658166264304" logLevel="Update" messageType="General">Salesforce Connection handled successfully.  Name: SFConnection</logEntry>
              </logEntries>
            </executionItem>
            <executionItem endedUtc="1658166264351" executionErrorCount="0" executionStatus="Executed" executionWarningCount="0" failureCount="0" id="root:plans:POLoader:RSTK-9090-POLoader- Clone.testinstance:RSTK-9090-POLoader- Clone.testcase:121:242:54" iterationIndex="-1" skippedCount="0" startedUtc="1658166264304" successfulCount="1" testApiId="com.provar.plugins.bundled.apis.control.StepGroup" testItemClass="IApiCall" title="Read Data">
              <childItems>
                <executionItem endedUtc="1658166264335" executionErrorCount="0" executionStatus="Executed" executionWarningCount="0" failureCount="0" id="root:plans:POLoader:RSTK-9090-POLoader- Clone.testinstance:RSTK-9090-POLoader- Clone.testcase:121:242:54:53" iterationIndex="-1" skippedCount="0" startedUtc="1658166264335" successfulCount="1" testClauseName="hidden" testItemClass="ITestClause" title="Steps">
                  <childItems/>
                </executionItem>
              </childItems>
              <logEntries>
                <logEntry id="1658166264304" messageType="ParameterValueSource">Loading data from Parameter Value Source ...</logEntry>
                <logEntry id="1658166264320" messageType="General">Loading Parameter Value Source row 1:</logEntry>
                <logEntry id="1658166264320" messageType="General">==Column=&gt; Process = PrimitiveValueImpl [ value: Ready, valueId=null, createdUpdateSeq=-1, updatedUpdateSeq=-1]</logEntry>
                <logEntry id="1658166264320" messageType="General">==Column=&gt; Name = PrimitiveValueImpl [ value: NPAutomation_Testing, valueId=null, createdUpdateSeq=-1, updatedUpdateSeq=-1]</logEntry>
                <logEntry id="1658166264320" messageType="General">==Column=&gt; Division = PrimitiveValueImpl [ value: a8d5f0000004JbG, valueId=null, createdUpdateSeq=-1, updatedUpdateSeq=-1]</logEntry>
                <logEntry id="1658166264320" messageType="General">==Column=&gt; Vendor = PrimitiveValueImpl [ value: a4X5f000000tkbm, valueId=null, createdUpdateSeq=-1, updatedUpdateSeq=-1]</logEntry>
                <logEntry id="1658166264320" messageType="General">Loading Parameter Value Source row 2:</logEntry>
                <logEntry id="1658166264320" messageType="General">==Column=&gt; Process = PrimitiveValueImpl [ value: Ready, valueId=null, createdUpdateSeq=-1, updatedUpdateSeq=-1]</logEntry>
                <logEntry id="1658166264320" messageType="General">==Column=&gt; Name = PrimitiveValueImpl [ value: NPAutomation_Testing, valueId=null, createdUpdateSeq=-1, updatedUpdateSeq=-1]</logEntry>
                <logEntry id="1658166264320" messageType="General">==Column=&gt; Division = PrimitiveValueImpl [ value: a8d5f0000004JbG, valueId=null, createdUpdateSeq=-1, updatedUpdateSeq=-1]</logEntry>
                <logEntry id="1658166264320" messageType="General">==Column=&gt; Vendor = PrimitiveValueImpl [ value: a4X5f000000tkbw, valueId=null, createdUpdateSeq=-1, updatedUpdateSeq=-1]</logEntry>
                <logEntry id="1658166264320" logLevel="Update" messageType="General">Loaded 2 rows from Parameter Value Source.</logEntry>
                <logEntry id="1658166264320" messageType="ParameterValueSource">Loading data from Parameter Value Source ...</logEntry>
                <logEntry id="1658166264335" messageType="General">Loading Parameter Value Source row 1:</logEntry>
                <logEntry id="1658166264335" messageType="General">==Column=&gt; Name = PrimitiveValueImpl [ value: NP_Automation, valueId=null, createdUpdateSeq=-1, updatedUpdateSeq=-1]</logEntry>
                <logEntry id="1658166264335" messageType="General">==Column=&gt; APIMode = PrimitiveValueImpl [ value: Add Line, valueId=null, createdUpdateSeq=-1, updatedUpdateSeq=-1]</logEntry>
                <logEntry id="1658166264335" messageType="General">==Column=&gt; Process = PrimitiveValueImpl [ value: Ready, valueId=null, createdUpdateSeq=-1, updatedUpdateSeq=-1]</logEntry>
                <logEntry id="1658166264335" messageType="General">==Column=&gt; Item = PrimitiveValueImpl [ value: a415f000000lOC4, valueId=null, createdUpdateSeq=-1, updatedUpdateSeq=-1]</logEntry>
                <logEntry id="1658166264335" messageType="General">==Column=&gt; Quantity = PrimitiveValueImpl [ value: 10, valueId=null, createdUpdateSeq=-1, updatedUpdateSeq=-1]</logEntry>
                <logEntry id="1658166264335" messageType="General">==Column=&gt; UnitPrice = PrimitiveValueImpl [ value: 10, valueId=null, createdUpdateSeq=-1, updatedUpdateSeq=-1]</logEntry>
                <logEntry id="1658166264335" messageType="General">==Column=&gt; Project = PrimitiveValueImpl [ value: a3A5f000000xGXA, valueId=null, createdUpdateSeq=-1, updatedUpdateSeq=-1]</logEntry>
                <logEntry id="1658166264335" messageType="General">==Column=&gt; Icitem = PrimitiveValueImpl [ value: a1E1K000008NTam, valueId=null, createdUpdateSeq=-1, updatedUpdateSeq=-1]</logEntry>
                <logEntry id="1658166264335" logLevel="Update" messageType="General">Loaded 1 rows from Parameter Value Source.</logEntry>
              </logEntries>
            </executionItem>
          </childItems>
        </executionItem>
      </childItems>
    </executionItem>
    <executionItem endedUtc="1658166270035" executionErrorCount="0" executionStatus="Executed" executionWarningCount="0" failureCount="1" id="root:plans:POLoader:RSTK-9090-POLoader- Clone.testinstance:RSTK-9090-POLoader- Clone.testcase:129" iterationIndex="-1" skippedCount="0" startedUtc="1658166264351" successfulCount="0" testApiId="com.provar.plugins.bundled.apis.control.ForEach" testItemClass="IApiCall" title="For Each: {AddPOCreationData}=&gt;podata">
      <childItems>
        <executionItem endedUtc="1658166270019" executionErrorCount="0" executionStatus="Executed" executionWarningCount="0" failureCount="1" id="root:plans:POLoader:RSTK-9090-POLoader- Clone.testinstance:RSTK-9090-POLoader- Clone.testcase:129:130.0" iterationIndex="0" skippedCount="0" startedUtc="1658166264351" successfulCount="0" testClauseName="substeps" testItemClass="ITestClause" title="Iteration 1">
          <childItems>
            <executionItem endedUtc="1658166270019" executionErrorCount="0" executionStatus="Executed" executionWarningCount="0" failureCount="1" id="root:plans:POLoader:RSTK-9090-POLoader- Clone.testinstance:RSTK-9090-POLoader- Clone.testcase:129:130.0:55" iterationIndex="-1" skippedCount="0" startedUtc="1658166264351" successfulCount="0" testItemClass="ITestCaseCall" title="Call POLoader_POCreation">
              <childItems>
                <executionItem endedUtc="1658166270019" executionErrorCount="0" executionStatus="Executed" executionWarningCount="0" failureCount="1" id="root:plans:POLoader:RSTK-9090-POLoader- Clone.testinstance:RSTK-9090-POLoader- Clone.testcase:129:130.0:55:POLoader_POCreation.testcase" iterationIndex="-1" skippedCount="0" startedUtc="1658166264351" successfulCount="0" testCasePath="D:\\provar\\Chandra Demo\\Parallel-Execution\\tests\\POLOADER\\Callable" testItemClass="ITestCase" title="POLoader_POCreation">
                  <testItemSummary/>
                  <childItems>
                    <executionItem endedUtc="1658166269187" executionErrorCount="0" executionStatus="Executed" executionWarningCount="0" failureCount="0" id="root:plans:POLoader:RSTK-9090-POLoader- Clone.testinstance:RSTK-9090-POLoader- Clone.testcase:129:130.0:55:POLoader_POCreation.testcase:1" iterationIndex="-1" skippedCount="0" startedUtc="1658166264351" successfulCount="1" testApiId="com.provar.plugins.forcedotcom.core.testapis.ApexConnect" testItemClass="IApiCall" title="Salesforce Connect: SFConnection (Test)">
                      <childItems/>
                      <logEntries>
                        <logEntry id="1658166264366" messageType="General">Connecting to Salesforce as QARSF_Admin</logEntry>
                        <logEntry id="1658166264366" logLevel="Debug" messageType="General">Connection details. Connection name: QARSF_Admin, result name: SFConnection, result scope: Test, urlString: sf:environment=PRERELEASE;apiLoginUrl=https://automationtesting2.my.salesforce.com;identityServiceUrl=https://login.salesforce.com/id/00D5f000005vwGkEAI/0055f000008Hn0WAAS;clientId={clientId};clientSecret={clientSecret};authenticationType=OAUTH;callbackUrl={callbackUrl};accessToken={accessToken};refreshToken={refreshToken}, environment: AutomationOrg, clientId: [supplied], clientSecret: [supplied], callBackUrl: [supplied], accessToken: [supplied], refreshToken: [supplied]</logEntry>
                        <logEntry id="1658166264366" logLevel="Debug" messageType="General">Create object id log file.</logEntry>
                        <logEntry id="1658166264366" logLevel="Trace" messageType="General">Absolute path: D:\\provar\\Chandra Demo\\Parallel-Execution\\ANT\\..\\ANT\\Results(13)\\Artifacts\\QARSF_Admin-objectids.log</logEntry>
                        <logEntry id="1658166265419" logLevel="Debug" messageType="General">Access Token refreshed successfully.</logEntry>
                        <logEntry id="1658166268072" logLevel="Debug" messageType="General">Identity Service successful. ToolingEndpoint: https://automationtesting2.my.salesforce.com/services/Soap/T/53.0/00D5f000005vwGk, ToolingRestEndpoint: https://automationtesting2.my.salesforce.com/services/data/v53.0/tooling/, PartnerEndpoint: https://automationtesting2.my.salesforce.com/services/Soap/u/53.0/00D5f000005vwGk, MetadataEndpoint: https://automationtesting2.my.salesforce.com/services/Soap/m/53.0/00D5f000005vwGk, EnterpriseEndpoint: https://automationtesting2.my.salesforce.com/services/Soap/c/53.0/00D5f000005vwGk</logEntry>
                        <logEntry id="1658166268072" logLevel="Debug" messageType="General">Opening Partner connection</logEntry>
                        <logEntry id="1658166268072" logLevel="Trace" messageType="General">Connection configurations: userName: automation@rootstock.com,  password: [empty], securityToken: [empty], authEndpoint: https://automationtesting2.my.salesforce.com/services/Soap/u/53.0, serviceEndpoint: https://automationtesting2.my.salesforce.com/services/Soap/u/53.0/00D5f000005vwGk</logEntry>
                        <logEntry id="1658166269187" logLevel="Debug" messageType="General">Opening SOAP connection</logEntry>
                        <logEntry id="1658166269187" logLevel="Trace" messageType="General">Connection configurations: userName: automation@rootstock.com,  password: [empty], securityToken: [empty], authEndpoint: https://automationtesting2.my.salesforce.com/services/Soap/u/53.0, serviceEndpoint: https://automationtesting2.my.salesforce.com/services/Soap/u/53.0</logEntry>
                        <logEntry id="1658166269187" logLevel="Debug" messageType="General">Opening Metadata connection</logEntry>
                        <logEntry id="1658166269187" logLevel="Trace" messageType="General">Connection configurations: userName: null,  password: [empty], securityToken: [empty], authEndpoint: https://automationtesting2.my.salesforce.com/services/Soap/u/53.0, serviceEndpoint: https://automationtesting2.my.salesforce.com/services/Soap/m/53.0/00D5f000005vwGk</logEntry>
                        <logEntry id="1658166269187" logLevel="Update" messageType="General">Successfully connected to Salesforce as QARSF_Admin</logEntry>
                      </logEntries>
                    </executionItem>
                    <executionItem endedUtc="0" executionErrorCount="0" executionStatus="Executed" executionWarningCount="0" failureCount="0" id="root:plans:POLoader:RSTK-9090-POLoader- Clone.testinstance:RSTK-9090-POLoader- Clone.testcase:129:130.0:55:POLoader_POCreation.testcase:3" iterationIndex="-1" skippedCount="1" startedUtc="1658166269187" successfulCount="0" testApiId="com.provar.plugins.bundled.apis.control.StepGroup" testItemClass="IApiCall" title="Read Add Both Data">
                      <childItems>
                        <executionItem endedUtc="0" executionErrorCount="0" executionWarningCount="0" failureCount="0" id="root:plans:POLoader:RSTK-9090-POLoader- Clone.testinstance:RSTK-9090-POLoader- Clone.testcase:129:130.0:55:POLoader_POCreation.testcase:3:53" iterationIndex="-1" skippedCount="0" startedUtc="0" successfulCount="0" testClauseName="hidden" testItemClass="ITestClause" title="Steps">
                          <childItems/>
                        </executionItem>
                      </childItems>
                    </executionItem>
                    <executionItem endedUtc="1658166270019" executionErrorCount="0" executionStatus="Executed" executionWarningCount="0" failureCount="1" id="root:plans:POLoader:RSTK-9090-POLoader- Clone.testinstance:RSTK-9090-POLoader- Clone.testcase:129:130.0:55:POLoader_POCreation.testcase:94" iterationIndex="-1" skippedCount="0" startedUtc="1658166269187" successfulCount="0" testApiId="com.provar.plugins.bundled.apis.control.StepGroup" testItemClass="IApiCall" title="Addition of PO and PO Line">
                      <childItems>
                        <executionItem endedUtc="1658166270019" executionErrorCount="0" executionStatus="Executed" executionWarningCount="0" failureCount="1" id="root:plans:POLoader:RSTK-9090-POLoader- Clone.testinstance:RSTK-9090-POLoader- Clone.testcase:129:130.0:55:POLoader_POCreation.testcase:94:95" iterationIndex="-1" skippedCount="0" startedUtc="1658166269187" successfulCount="0" testClauseName="hidden" testItemClass="ITestClause" title="Steps">
                          <childItems>
                            <executionItem endedUtc="1658166270019" executionErrorCount="0" executionStatus="Executed" executionWarningCount="0" failureCount="1" id="root:plans:POLoader:RSTK-9090-POLoader- Clone.testinstance:RSTK-9090-POLoader- Clone.testcase:129:130.0:55:POLoader_POCreation.testcase:94:95:107" iterationIndex="-1" skippedCount="0" startedUtc="1658166269187" successfulCount="0" testApiId="com.provar.plugins.bundled.apis.control.StepGroup" testItemClass="IApiCall" title="Add PO Header">
                              <childItems>
                                <executionItem endedUtc="1658166270019" executionErrorCount="0" executionStatus="Executed" executionWarningCount="0" failureCount="1" id="root:plans:POLoader:RSTK-9090-POLoader- Clone.testinstance:RSTK-9090-POLoader- Clone.testcase:129:130.0:55:POLoader_POCreation.testcase:94:95:107:132" iterationIndex="-1" skippedCount="0" startedUtc="1658166269204" successfulCount="0" testClauseName="hidden" testItemClass="ITestClause" title="Steps">
                                  <childItems>
                                    <executionItem endedUtc="1658166270019" executionErrorCount="0" executionStatus="Executed" executionWarningCount="0" failureCount="1" id="root:plans:POLoader:RSTK-9090-POLoader- Clone.testinstance:RSTK-9090-POLoader- Clone.testcase:129:130.0:55:POLoader_POCreation.testcase:94:95:107:132:111" iterationIndex="-1" skippedCount="0" startedUtc="1658166269204" successfulCount="0" testApiId="com.provar.plugins.bundled.apis.control.ForEach" testItemClass="IApiCall" title="For Each: {List}=&gt;addheader">
                                      <childItems>
                                        <executionItem endedUtc="1658166270006" executionErrorCount="0" executionStatus="Executed" executionWarningCount="0" failureCount="1" id="root:plans:POLoader:RSTK-9090-POLoader- Clone.testinstance:RSTK-9090-POLoader- Clone.testcase:129:130.0:55:POLoader_POCreation.testcase:94:95:107:132:111:112.0" iterationIndex="0" skippedCount="0" startedUtc="1658166269204" successfulCount="0" testClauseName="substeps" testItemClass="ITestClause" title="Iteration 1">
                                          <childItems>
                                            <executionItem endedUtc="1658166269987" executionErrorCount="0" executionStatus="Executed" executionWarningCount="0" failureCount="0" id="root:plans:POLoader:RSTK-9090-POLoader- Clone.testinstance:RSTK-9090-POLoader- Clone.testcase:129:130.0:55:POLoader_POCreation.testcase:94:95:107:132:111:112.0:248" iterationIndex="-1" skippedCount="0" startedUtc="1658166269204" successfulCount="1" testApiId="com.provar.plugins.forcedotcom.core.testapis.ApexSoqlQuery" testItemClass="IApiCall" title="SOQL Query: SELECT Id,Name FROM rstk__povend__c where Name =  '{addheader.Vendor}'=&gt;povend">
                                              <childItems/>
                                              <logEntries>
                                                <logEntry id="1658166269204" messageType="General">Reading a Salesforce object.  Connection Name: SFConnection, Query: SELECT Id,Name FROM rstk__povend__c where Name =  'a4X5f000000tkbm'</logEntry>
                                                <logEntry id="1658166269987" messageType="General">The query returned no records.</logEntry>
                                              </logEntries>
                                            </executionItem>
                                            <executionItem endedUtc="1658166270006" executionErrorCount="0" executionStatus="Executed" executionWarningCount="0" failureCount="0" id="root:plans:POLoader:RSTK-9090-POLoader- Clone.testinstance:RSTK-9090-POLoader- Clone.testcase:129:130.0:55:POLoader_POCreation.testcase:94:95:107:132:111:112.0:249" iterationIndex="-1" skippedCount="0" startedUtc="1658166269987" successfulCount="1" testApiId="com.provar.plugins.bundled.apis.control.SetValues" testItemClass="IApiCall" title="Set Values: VendorID">
                                              <childItems/>
                                              <logEntries>
                                                <logEntry id="1658166270003" messageType="General">Setting value VendorID to &lt;null&gt;</logEntry>
                                                <logEntry id="1658166270003" logLevel="Debug" messageType="General">Configuration: ValueScope:Test</logEntry>
                                                <logEntry id="1658166270003" logLevel="Update" messageType="General">Successfully set VendorID to &lt;null&gt;</logEntry>
                                              </logEntries>
                                            </executionItem>
                                            <executionItem endedUtc="1658166270006" executionErrorCount="0" executionStatus="Executed" executionWarningCount="0" failureCount="1" id="root:plans:POLoader:RSTK-9090-POLoader- Clone.testinstance:RSTK-9090-POLoader- Clone.testcase:129:130.0:55:POLoader_POCreation.testcase:94:95:107:132:111:112.0:233" iterationIndex="-1" skippedCount="0" startedUtc="1658166270006" successfulCount="0" testApiId="com.provar.plugins.forcedotcom.core.testapis.ApexCreateObject" testItemClass="IApiCall" title="Create Object: rstk__poloader__c=&gt;addheaderId">
                                              <childItems/>
                                              <logEntries>
                                                <logEntry id="1658166270006" messageType="General">Creating a new Salesforce object.  Connection Name: SFConnection, Name: rstk__poloader__c, field count: 6</logEntry>
                                                <logEntry id="1658166270006" logLevel="Error" messageType="General">Error sending lock request to master lock manager.  Cause: Error sending message.  Messages: [null]</logEntry>
                                                <logEntry id="1658166270006" logLevel="Error" messageType="General">Error loading object definition.  Object name: rstk__poloader__c, Cause: [NullPointerException\nStack Trace:\njava.lang.NullPointerException\r\n\tat com.provar.plugins.forcedotcom.core.connection.SfConnectionHandler.performInsert(SfConnectionHandler.java:1460)\r\n\tat com.provar.plugins.forcedotcom.core.connection.SfConnectionHandler.perform(SfConnectionHandler.java:298)\r\n\tat com.provar.core.testexecution.common.java.TestExecutionContextImpl.doConnectionOperation(TestExecutionContextImpl.java:857)\r\n\tat com.provar.plugins.forcedotcom.core.testapis.ApexCreateObject.execute(ApexCreateObject.java:92)\r\n\tat sun.reflect.GeneratedMethodAccessor27.invoke(Unknown Source)\r\n\tat sun.reflect.DelegatingMethodAccessorImpl.invoke(DelegatingMethodAccessorImpl.java:43)\r\n\tat java.lang.reflect.Method.invoke(Method.java:498)\r\n\tat com.provar.core.testexecution.container.java.TestExecutionContainerImpl.invokeTestApi(TestExecutionContainerImpl.java:754)\r\n\tat com.provar.core.testexecution.container.java.LocalTestExecutionContainerRunner.doInvokeTestApi(LocalTestExecutionContainerRunner.java:744)\r\n\tat com.provar.core.testexecution.container.java.LocalTestExecutionContainerRunner.access$11(LocalTestExecutionContainerRunner.java:676)\r\n\tat com.provar.core.testexecution.container.java.LocalTestExecutionContainerRunner$MessageProcessor.run(LocalTestExecutionContainerRunner.java:1400)\r\n]</logEntry>
                                              </logEntries>
                                            </executionItem>
                                            <executionItem endedUtc="0" executionErrorCount="0" executionWarningCount="0" failureCount="0" id="root:plans:POLoader:RSTK-9090-POLoader- Clone.testinstance:RSTK-9090-POLoader- Clone.testcase:129:130.0:55:POLoader_POCreation.testcase:94:95:107:132:111:112.0:240" iterationIndex="-1" skippedCount="0" startedUtc="0" successfulCount="0" testApiId="com.provar.plugins.forcedotcom.core.testapis.ApexSoqlQuery" testItemClass="IApiCall" title="SOQL Query: select Id,Name,rstk__poloader_pohdr__c,rstk__poloader_process__c from rstk__poloader__c where id = '{addheaderId}'=&gt;poloaderhdrapi">
                                              <childItems/>
                                            </executionItem>
                                            <executionItem endedUtc="0" executionErrorCount="0" executionWarningCount="0" failureCount="0" id="root:plans:POLoader:RSTK-9090-POLoader- Clone.testinstance:RSTK-9090-POLoader- Clone.testcase:129:130.0:55:POLoader_POCreation.testcase:94:95:107:132:111:112.0:239" iterationIndex="-1" skippedCount="0" startedUtc="0" successfulCount="0" testApiId="com.provar.plugins.bundled.apis.control.SetValues" testItemClass="IApiCall" title="Set Values: POHDRID">
                                              <childItems/>
                                            </executionItem>
                                          </childItems>
                                        </executionItem>
                                      </childItems>
                                      <logEntries>
                                        <logEntry id="1658166269204" messageType="General">Start of iteration 1 of 1.</logEntry>
                                        <logEntry id="1658166270006" logLevel="Error" messageType="General">Sub-Test Steps failed for iteration 1</logEntry>
                                      </logEntries>
                                    </executionItem>
                                  </childItems>
                                </executionItem>
                              </childItems>
                            </executionItem>
                            <executionItem endedUtc="0" executionErrorCount="0" executionStatus="Executed" executionWarningCount="0" failureCount="0" id="root:plans:POLoader:RSTK-9090-POLoader- Clone.testinstance:RSTK-9090-POLoader- Clone.testcase:129:130.0:55:POLoader_POCreation.testcase:94:95:109" iterationIndex="-1" skippedCount="1" startedUtc="1658166270019" successfulCount="0" testApiId="com.provar.plugins.bundled.apis.control.StepGroup" testItemClass="IApiCall" title="Add PO Line">
                              <childItems>
                                <executionItem endedUtc="0" executionErrorCount="0" executionWarningCount="0" failureCount="0" id="root:plans:POLoader:RSTK-9090-POLoader- Clone.testinstance:RSTK-9090-POLoader- Clone.testcase:129:130.0:55:POLoader_POCreation.testcase:94:95:109:138" iterationIndex="-1" skippedCount="0" startedUtc="0" successfulCount="0" testClauseName="hidden" testItemClass="ITestClause" title="Steps">
                                  <childItems>
                                    <executionItem endedUtc="0" executionErrorCount="0" executionWarningCount="0" failureCount="0" id="root:plans:POLoader:RSTK-9090-POLoader- Clone.testinstance:RSTK-9090-POLoader- Clone.testcase:129:130.0:55:POLoader_POCreation.testcase:94:95:109:138:104" iterationIndex="-1" skippedCount="0" startedUtc="0" successfulCount="0" testApiId="com.provar.plugins.bundled.apis.control.ForEach" testItemClass="IApiCall" title="For Each: {AddLineData}=&gt;poloaderaddline">
                                      <childItems/>
                                    </executionItem>
                                  </childItems>
                                </executionItem>
                              </childItems>
                            </executionItem>
                            <executionItem endedUtc="0" executionErrorCount="0" executionStatus="Executed" executionWarningCount="0" failureCount="0" id="root:plans:POLoader:RSTK-9090-POLoader- Clone.testinstance:RSTK-9090-POLoader- Clone.testcase:129:130.0:55:POLoader_POCreation.testcase:94:95:244" iterationIndex="-1" skippedCount="1" startedUtc="1658166270019" successfulCount="0" testApiId="com.provar.plugins.forcedotcom.core.testapis.ApexSoqlQuery" testItemClass="IApiCall" title="SOQL Query: select Id,rstk__pohdr_ordsts__c,rstk__pohdr_totamt__c,rstk__pohdr_ordno__c,CreatedDate from rstk__pohdr__c where Id ='{POHDRID}'=&gt;pohdr">
                              <childItems/>
                            </executionItem>
                            <executionItem endedUtc="0" executionErrorCount="0" executionStatus="Executed" executionWarningCount="0" failureCount="0" id="root:plans:POLoader:RSTK-9090-POLoader- Clone.testinstance:RSTK-9090-POLoader- Clone.testcase:129:130.0:55:POLoader_POCreation.testcase:94:95:247" iterationIndex="-1" skippedCount="1" startedUtc="1658166270019" successfulCount="0" testApiId="com.provar.plugins.bundled.apis.control.SetValues" testItemClass="IApiCall" title="Set Values: POTotal">
                              <childItems/>
                            </executionItem>
                            <executionItem endedUtc="0" executionErrorCount="0" executionStatus="Executed" executionWarningCount="0" failureCount="0" id="root:plans:POLoader:RSTK-9090-POLoader- Clone.testinstance:RSTK-9090-POLoader- Clone.testcase:129:130.0:55:POLoader_POCreation.testcase:94:95:246" iterationIndex="-1" skippedCount="1" startedUtc="1658166270019" successfulCount="0" testApiId="com.provar.plugins.bundled.apis.control.SetValues" testItemClass="IApiCall" title="Set Values: POOrderNum">
                              <childItems/>
                            </executionItem>
                          </childItems>
                        </executionItem>
                      </childItems>
                    </executionItem>
                  </childItems>
                </executionItem>
              </childItems>
              <logEntries>
                <logEntry id="1658166270019" messageType="General">Handling managed resource.  Name: SFConnection</logEntry>
                <logEntry id="1658166270019" logLevel="Debug" messageType="General">Closing Salesforce Connection because it is no longer being used.  Name: SFConnection</logEntry>
                <logEntry id="1658166270019" logLevel="Debug" messageType="General">Shutting down Soap Connections.  logFilePath: QARSF_Admin-objectids.log</logEntry>
                <logEntry id="1658166270019" logLevel="Debug" messageType="General">No Object Ids were logged. LogFile: QARSF_Admin-objectids.log</logEntry>
                <logEntry id="1658166270019" logLevel="Update" messageType="General">Salesforce Connection handled successfully.  Name: SFConnection</logEntry>
              </logEntries>
            </executionItem>
            <executionItem endedUtc="0" executionErrorCount="0" executionWarningCount="0" failureCount="0" id="root:plans:POLoader:RSTK-9090-POLoader- Clone.testinstance:RSTK-9090-POLoader- Clone.testcase:129:130.0:56" iterationIndex="-1" skippedCount="0" startedUtc="0" successfulCount="0" testApiId="com.provar.plugins.bundled.apis.control.StepGroup" testItemClass="IApiCall" title="Clone Purchase Order">
              <childItems>
                <executionItem endedUtc="0" executionErrorCount="0" executionWarningCount="0" failureCount="0" id="root:plans:POLoader:RSTK-9090-POLoader- Clone.testinstance:RSTK-9090-POLoader- Clone.testcase:129:130.0:56:57" iterationIndex="-1" skippedCount="0" startedUtc="0" successfulCount="0" testClauseName="hidden" testItemClass="ITestClause" title="Steps">
                  <childItems>
                    <executionItem endedUtc="0" executionErrorCount="0" executionWarningCount="0" failureCount="0" id="root:plans:POLoader:RSTK-9090-POLoader- Clone.testinstance:RSTK-9090-POLoader- Clone.testcase:129:130.0:56:57:58" iterationIndex="-1" skippedCount="0" startedUtc="0" successfulCount="0" testApiId="com.provar.plugins.forcedotcom.core.testapis.ApexCreateObject" testItemClass="IApiCall" title="Create Object: rstk__poloader__c=&gt;pocloneid">
                      <childItems/>
                    </executionItem>
                    <executionItem endedUtc="0" executionErrorCount="0" executionWarningCount="0" failureCount="0" id="root:plans:POLoader:RSTK-9090-POLoader- Clone.testinstance:RSTK-9090-POLoader- Clone.testcase:129:130.0:56:57:59" iterationIndex="-1" skippedCount="0" startedUtc="0" successfulCount="0" testApiId="com.provar.plugins.forcedotcom.core.testapis.ApexSoqlQuery" testItemClass="IApiCall" title="SOQL Query: select Id,Name,rstk__poloader_hdrnotes__c,rstk__poloader_process__c from rstk__poloader__c where id = '{pocloneid}'=&gt;poloadercloneapi">
                      <childItems/>
                    </executionItem>
                    <executionItem endedUtc="0" executionErrorCount="0" executionWarningCount="0" failureCount="0" id="root:plans:POLoader:RSTK-9090-POLoader- Clone.testinstance:RSTK-9090-POLoader- Clone.testcase:129:130.0:56:57:66" iterationIndex="-1" skippedCount="0" startedUtc="0" successfulCount="0" testApiId="com.provar.plugins.bundled.apis.control.DoWhile" testItemClass="IApiCall" title="While: {poloadercloneapi.rstk__poloader_process__c = &quot;Processing&quot;}">
                      <childItems/>
                    </executionItem>
                    <executionItem endedUtc="0" executionErrorCount="0" executionWarningCount="0" failureCount="0" id="root:plans:POLoader:RSTK-9090-POLoader- Clone.testinstance:RSTK-9090-POLoader- Clone.testcase:129:130.0:56:57:60" iterationIndex="-1" skippedCount="0" startedUtc="0" successfulCount="0" testApiId="com.provar.plugins.bundled.apis.string.Split" testItemClass="IApiCall" title="Split: {poloadercloneapi.rstk__poloader_hdrnotes__c}=&gt;Id =&gt;Tokens">
                      <childItems/>
                    </executionItem>
                    <executionItem endedUtc="0" executionErrorCount="0" executionWarningCount="0" failureCount="0" id="root:plans:POLoader:RSTK-9090-POLoader- Clone.testinstance:RSTK-9090-POLoader- Clone.testcase:129:130.0:56:57:64" iterationIndex="-1" skippedCount="0" startedUtc="0" successfulCount="0" testApiId="com.provar.plugins.bundled.apis.control.SetValues" testItemClass="IApiCall" title="Set Values: CLONEPOHDRID">
                      <childItems/>
                    </executionItem>
                  </childItems>
                </executionItem>
              </childItems>
            </executionItem>
            <executionItem endedUtc="0" executionErrorCount="0" executionWarningCount="0" failureCount="0" id="root:plans:POLoader:RSTK-9090-POLoader- Clone.testinstance:RSTK-9090-POLoader- Clone.testcase:129:130.0:68" iterationIndex="-1" skippedCount="0" startedUtc="0" successfulCount="0" testApiId="com.provar.plugins.bundled.apis.control.StepGroup" testItemClass="IApiCall" title="Verify PO Created ">
              <childItems>
                <executionItem endedUtc="0" executionErrorCount="0" executionWarningCount="0" failureCount="0" id="root:plans:POLoader:RSTK-9090-POLoader- Clone.testinstance:RSTK-9090-POLoader- Clone.testcase:129:130.0:68:69" iterationIndex="-1" skippedCount="0" startedUtc="0" successfulCount="0" testClauseName="hidden" testItemClass="ITestClause" title="Steps">
                  <childItems>
                    <executionItem endedUtc="0" executionErrorCount="0" executionWarningCount="0" failureCount="0" id="root:plans:POLoader:RSTK-9090-POLoader- Clone.testinstance:RSTK-9090-POLoader- Clone.testcase:129:130.0:68:69:70" iterationIndex="-1" skippedCount="0" startedUtc="0" successfulCount="0" testApiId="com.provar.plugins.forcedotcom.core.testapis.ApexSoqlQuery" testItemClass="IApiCall" title="SOQL Query: select Id,Name,rstk__pohdr_ordsts__c from rstk__pohdr__c where Id = '{CLONEPOHDRID}' =&gt;pohdr">
                      <childItems/>
                    </executionItem>
                    <executionItem endedUtc="0" executionErrorCount="0" executionWarningCount="0" failureCount="0" id="root:plans:POLoader:RSTK-9090-POLoader- Clone.testinstance:RSTK-9090-POLoader- Clone.testcase:129:130.0:68:69:120" iterationIndex="-1" skippedCount="0" startedUtc="0" successfulCount="0" testApiId="com.provar.plugins.bundled.apis.AssertValues" testItemClass="IApiCall" title="Assert: 4-Approved EqualTo {pohdr.rstk__pohdr_ordsts__c}">
                      <childItems/>
                    </executionItem>
                  </childItems>
                </executionItem>
              </childItems>
            </executionItem>
          </childItems>
        </executionItem>
      </childItems>
      <logEntries>
        <logEntry id="1658166264351" messageType="General">Start of iteration 1 of 2.</logEntry>
        <logEntry id="1658166270035" logLevel="Error" messageType="General">Sub-Test Steps failed for iteration 1</logEntry>
      </logEntries>
    </executionItem>
  </childItems>
</executionItem>
