<?xml version="1.0" encoding="UTF-8" standalone="no"?>
<executionItem endedUtc="1656432749260" executionErrorCount="0" executionStatus="Executed" executionWarningCount="0" failureCount="0" id="root:plans:Shop_Floor:RSTK-9677-Clone Routing Master.testinstance:RSTK-9677-Clone Routing Master.testcase" iterationIndex="-1" skippedCount="0" startedUtc="1656432661264" successfulCount="1" testCasePath="D:\\provar\\EventDemo\\Parallel-Execution\\tests\\Shop Floor" testItemClass="ITestCase" title="RSTK-9677-Clone Routing Master.testcase">
  <testItemSummary/>
  <childItems>
    <executionItem endedUtc="1656432666607" executionErrorCount="0" executionStatus="Executed" executionWarningCount="0" failureCount="0" id="root:plans:Shop_Floor:RSTK-9677-Clone Routing Master.testinstance:RSTK-9677-Clone Routing Master.testcase:53" iterationIndex="-1" skippedCount="0" startedUtc="1656432661276" successfulCount="1" testApiId="com.provar.plugins.forcedotcom.core.testapis.ApexConnect" testItemClass="IApiCall" title="Salesforce Connect: SFConnection (Test)">
      <childItems/>
      <logEntries>
        <logEntry id="1656432661283" messageType="General">Connecting to Salesforce as QARSF_Admin</logEntry>
        <logEntry id="1656432661283" logLevel="Debug" messageType="General">Connection details. Connection name: QARSF_Admin, result name: SFConnection, result scope: Test, urlString: sf:environment=PRERELEASE;apiLoginUrl=https://automationtesting2.my.salesforce.com;identityServiceUrl=https://login.salesforce.com/id/00D5f000005vwGkEAI/0055f000008Hn0WAAS;clientId={clientId};clientSecret={clientSecret};authenticationType=OAUTH;callbackUrl={callbackUrl};accessToken={accessToken};refreshToken={refreshToken}, environment: AutomationOrg, clientId: [supplied], clientSecret: [supplied], callBackUrl: [supplied], accessToken: [supplied], refreshToken: [supplied]</logEntry>
        <logEntry id="1656432661284" logLevel="Debug" messageType="General">Create object id log file.</logEntry>
        <logEntry id="1656432661287" logLevel="Trace" messageType="General">Absolute path: D:\\provar\\EventDemo\\Parallel-Execution\\ANT\\..\\ANT\\Results(15)\\Artifacts\\QARSF_Admin-objectids.log</logEntry>
        <logEntry id="1656432662352" logLevel="Debug" messageType="General">Access Token refreshed successfully.</logEntry>
        <logEntry id="1656432663291" messageType="Progress">Doing OAuth login: Calling Salesforce Indentity Service ... 0%</logEntry>
        <logEntry id="1656432664036" logLevel="Update" messageType="Progress">Doing OAuth login ... 50%</logEntry>
        <logEntry id="1656432665434" logLevel="Debug" messageType="General">Identity Service successful. ToolingEndpoint: https://automationtesting2.my.salesforce.com/services/Soap/T/53.0/00D5f000005vwGk, ToolingRestEndpoint: https://automationtesting2.my.salesforce.com/services/data/v53.0/tooling/, PartnerEndpoint: https://automationtesting2.my.salesforce.com/services/Soap/u/53.0/00D5f000005vwGk, MetadataEndpoint: https://automationtesting2.my.salesforce.com/services/Soap/m/53.0/00D5f000005vwGk, EnterpriseEndpoint: https://automationtesting2.my.salesforce.com/services/Soap/c/53.0/00D5f000005vwGk</logEntry>
        <logEntry id="1656432665435" logLevel="Debug" messageType="General">Opening Partner connection</logEntry>
        <logEntry id="1656432665436" logLevel="Trace" messageType="General">Connection configurations: userName: automation@rootstock.com,  password: [empty], securityToken: [empty], authEndpoint: https://automationtesting2.my.salesforce.com/services/Soap/u/53.0, serviceEndpoint: https://automationtesting2.my.salesforce.com/services/Soap/u/53.0/00D5f000005vwGk</logEntry>
        <logEntry id="1656432666605" logLevel="Debug" messageType="General">Opening SOAP connection</logEntry>
        <logEntry id="1656432666606" logLevel="Trace" messageType="General">Connection configurations: userName: automation@rootstock.com,  password: [empty], securityToken: [empty], authEndpoint: https://automationtesting2.my.salesforce.com/services/Soap/u/53.0, serviceEndpoint: https://automationtesting2.my.salesforce.com/services/Soap/u/53.0</logEntry>
        <logEntry id="1656432666606" logLevel="Debug" messageType="General">Opening Metadata connection</logEntry>
        <logEntry id="1656432666606" logLevel="Trace" messageType="General">Connection configurations: userName: null,  password: [empty], securityToken: [empty], authEndpoint: https://automationtesting2.my.salesforce.com/services/Soap/u/53.0, serviceEndpoint: https://automationtesting2.my.salesforce.com/services/Soap/m/53.0/00D5f000005vwGk</logEntry>
        <logEntry id="1656432666607" logLevel="Update" messageType="General">Successfully connected to Salesforce as QARSF_Admin</logEntry>
      </logEntries>
    </executionItem>
    <executionItem endedUtc="1656432666641" executionErrorCount="0" executionStatus="Executed" executionWarningCount="0" failureCount="0" id="root:plans:Shop_Floor:RSTK-9677-Clone Routing Master.testinstance:RSTK-9677-Clone Routing Master.testcase:83" iterationIndex="-1" skippedCount="0" startedUtc="1656432666607" successfulCount="1" testApiId="com.provar.plugins.bundled.apis.If" testItemClass="IApiCall" title="If: {GetSelectedEnvironment() = &quot;PDE5&quot;}">
      <childItems>
        <executionItem endedUtc="0" executionErrorCount="0" executionWarningCount="0" failureCount="0" id="root:plans:Shop_Floor:RSTK-9677-Clone Routing Master.testinstance:RSTK-9677-Clone Routing Master.testcase:83:84" iterationIndex="-1" skippedCount="0" startedUtc="0" successfulCount="0" testClauseName="then" testItemClass="ITestClause" title="Then">
          <childItems>
            <executionItem endedUtc="0" executionErrorCount="0" executionWarningCount="0" failureCount="0" id="root:plans:Shop_Floor:RSTK-9677-Clone Routing Master.testinstance:RSTK-9677-Clone Routing Master.testcase:83:84:114" iterationIndex="-1" skippedCount="0" startedUtc="0" successfulCount="0" testApiId="com.provar.plugins.bundled.apis.control.StepGroup" testItemClass="IApiCall" title="Read excel">
              <childItems>
                <executionItem endedUtc="0" executionErrorCount="0" executionWarningCount="0" failureCount="0" id="root:plans:Shop_Floor:RSTK-9677-Clone Routing Master.testinstance:RSTK-9677-Clone Routing Master.testcase:83:84:114:94" iterationIndex="-1" skippedCount="0" startedUtc="0" successfulCount="0" testClauseName="hidden" testItemClass="ITestClause" title="Steps">
                  <childItems/>
                </executionItem>
              </childItems>
            </executionItem>
          </childItems>
        </executionItem>
        <executionItem endedUtc="1656432666641" executionErrorCount="0" executionStatus="Executed" executionWarningCount="0" failureCount="0" id="root:plans:Shop_Floor:RSTK-9677-Clone Routing Master.testinstance:RSTK-9677-Clone Routing Master.testcase:83:85" iterationIndex="-1" skippedCount="0" startedUtc="1656432666609" successfulCount="1" testClauseName="else" testItemClass="ITestClause" title="Else">
          <childItems>
            <executionItem endedUtc="1656432666641" executionErrorCount="0" executionStatus="Executed" executionWarningCount="0" failureCount="0" id="root:plans:Shop_Floor:RSTK-9677-Clone Routing Master.testinstance:RSTK-9677-Clone Routing Master.testcase:83:85:86" iterationIndex="-1" skippedCount="0" startedUtc="1656432666609" successfulCount="1" testApiId="com.provar.plugins.bundled.apis.If" testItemClass="IApiCall" title="If: {GetSelectedEnvironment() = &quot;AutomationOrg&quot;}">
              <childItems>
                <executionItem endedUtc="1656432666641" executionErrorCount="0" executionStatus="Executed" executionWarningCount="0" failureCount="0" id="root:plans:Shop_Floor:RSTK-9677-Clone Routing Master.testinstance:RSTK-9677-Clone Routing Master.testcase:83:85:86:87" iterationIndex="-1" skippedCount="0" startedUtc="1656432666611" successfulCount="1" testClauseName="then" testItemClass="ITestClause" title="Then">
                  <childItems>
                    <executionItem endedUtc="1656432666641" executionErrorCount="0" executionStatus="Executed" executionWarningCount="0" failureCount="0" id="root:plans:Shop_Floor:RSTK-9677-Clone Routing Master.testinstance:RSTK-9677-Clone Routing Master.testcase:83:85:86:87:112" iterationIndex="-1" skippedCount="0" startedUtc="1656432666611" successfulCount="1" testApiId="com.provar.plugins.bundled.apis.control.StepGroup" testItemClass="IApiCall" title="Read excel">
                      <childItems>
                        <executionItem endedUtc="1656432666640" executionErrorCount="0" executionStatus="Executed" executionWarningCount="0" failureCount="0" id="root:plans:Shop_Floor:RSTK-9677-Clone Routing Master.testinstance:RSTK-9677-Clone Routing Master.testcase:83:85:86:87:112:115" iterationIndex="-1" skippedCount="0" startedUtc="1656432666640" successfulCount="1" testClauseName="hidden" testItemClass="ITestClause" title="Steps">
                          <childItems/>
                        </executionItem>
                      </childItems>
                      <logEntries>
                        <logEntry id="1656432666612" messageType="ParameterValueSource">Loading data from Parameter Value Source ...</logEntry>
                        <logEntry id="1656432666636" messageType="General">Loading Parameter Value Source row 1:</logEntry>
                        <logEntry id="1656432666637" messageType="General">==Column=&gt; RowNumber = PrimitiveValueImpl [ value: 2, valueId=null, createdUpdateSeq=-1, updatedUpdateSeq=-1]</logEntry>
                        <logEntry id="1656432666637" messageType="General">==Column=&gt; Site = PrimitiveValueImpl [ value: 10 (Denver), valueId=null, createdUpdateSeq=-1, updatedUpdateSeq=-1]</logEntry>
                        <logEntry id="1656432666637" messageType="General">==Column=&gt; ItemNumber = PrimitiveValueImpl [ value: Pro-child1, valueId=null, createdUpdateSeq=-1, updatedUpdateSeq=-1]</logEntry>
                        <logEntry id="1656432666638" logLevel="Update" messageType="General">Loaded 1 rows from Parameter Value Source.</logEntry>
                      </logEntries>
                    </executionItem>
                  </childItems>
                </executionItem>
                <executionItem endedUtc="0" executionErrorCount="0" executionWarningCount="0" failureCount="0" id="root:plans:Shop_Floor:RSTK-9677-Clone Routing Master.testinstance:RSTK-9677-Clone Routing Master.testcase:83:85:86:88" iterationIndex="-1" skippedCount="0" startedUtc="0" successfulCount="0" testClauseName="else" testItemClass="ITestClause" title="Else">
                  <childItems>
                    <executionItem endedUtc="0" executionErrorCount="0" executionWarningCount="0" failureCount="0" id="root:plans:Shop_Floor:RSTK-9677-Clone Routing Master.testinstance:RSTK-9677-Clone Routing Master.testcase:83:85:86:88:93" iterationIndex="-1" skippedCount="0" startedUtc="0" successfulCount="0" testApiId="com.provar.plugins.bundled.apis.control.StepGroup" testItemClass="IApiCall" title="Read excel">
                      <childItems>
                        <executionItem endedUtc="0" executionErrorCount="0" executionWarningCount="0" failureCount="0" id="root:plans:Shop_Floor:RSTK-9677-Clone Routing Master.testinstance:RSTK-9677-Clone Routing Master.testcase:83:85:86:88:93:113" iterationIndex="-1" skippedCount="0" startedUtc="0" successfulCount="0" testClauseName="hidden" testItemClass="ITestClause" title="Steps">
                          <childItems/>
                        </executionItem>
                      </childItems>
                    </executionItem>
                  </childItems>
                </executionItem>
              </childItems>
            </executionItem>
          </childItems>
        </executionItem>
      </childItems>
    </executionItem>
    <executionItem endedUtc="1656432749259" executionErrorCount="0" executionStatus="Executed" executionWarningCount="0" failureCount="0" id="root:plans:Shop_Floor:RSTK-9677-Clone Routing Master.testinstance:RSTK-9677-Clone Routing Master.testcase:54" iterationIndex="-1" skippedCount="0" startedUtc="1656432666641" successfulCount="1" testApiId="com.provar.plugins.bundled.apis.control.ForEach" testItemClass="IApiCall" title="Read Excel Data and perform Operation">
      <childItems>
        <executionItem endedUtc="1656432749256" executionErrorCount="0" executionStatus="Executed" executionWarningCount="0" failureCount="0" id="root:plans:Shop_Floor:RSTK-9677-Clone Routing Master.testinstance:RSTK-9677-Clone Routing Master.testcase:54:50.0" iterationIndex="0" skippedCount="0" startedUtc="1656432666644" successfulCount="1" testClauseName="substeps" testItemClass="ITestClause" title="Iteration 1">
          <childItems>
            <executionItem endedUtc="1656432708862" executionErrorCount="0" executionStatus="Executed" executionWarningCount="0" failureCount="0" id="root:plans:Shop_Floor:RSTK-9677-Clone Routing Master.testinstance:RSTK-9677-Clone Routing Master.testcase:54:50.0:80" iterationIndex="-1" skippedCount="0" startedUtc="1656432666644" successfulCount="1" testItemClass="ITestCaseCall" title="Call Create Routing Master">
              <childItems>
                <executionItem endedUtc="1656432708859" executionErrorCount="0" executionStatus="Executed" executionWarningCount="0" failureCount="0" id="root:plans:Shop_Floor:RSTK-9677-Clone Routing Master.testinstance:RSTK-9677-Clone Routing Master.testcase:54:50.0:80:Create Routing Master.testcase" iterationIndex="-1" skippedCount="0" startedUtc="1656432666644" successfulCount="1" testCasePath="D:\\provar\\EventDemo\\Parallel-Execution\\tests\\Shop Floor\\Callable" testItemClass="ITestCase" title="Create Routing Master">
                  <testItemSummary/>
                  <childItems>
                    <executionItem endedUtc="1656432666651" executionErrorCount="0" executionStatus="Executed" executionWarningCount="0" failureCount="0" id="root:plans:Shop_Floor:RSTK-9677-Clone Routing Master.testinstance:RSTK-9677-Clone Routing Master.testcase:54:50.0:80:Create Routing Master.testcase:1" iterationIndex="-1" skippedCount="0" startedUtc="1656432666644" successfulCount="1" testApiId="com.provar.plugins.forcedotcom.core.testapis.ApexConnect" testItemClass="IApiCall" title="Salesforce Connect: SFConnection (Test)">
                      <childItems/>
                      <logEntries>
                        <logEntry id="1656432666650" messageType="General">Connecting to Salesforce as QARSF_Admin</logEntry>
                        <logEntry id="1656432666650" logLevel="Update" messageType="General">Re-using existing connection. Connection: QARSF_Admin, Result Name: SFConnection</logEntry>
                      </logEntries>
                    </executionItem>
                    <executionItem endedUtc="1656432692963" executionErrorCount="0" executionStatus="Executed" executionWarningCount="0" failureCount="0" id="root:plans:Shop_Floor:RSTK-9677-Clone Routing Master.testinstance:RSTK-9677-Clone Routing Master.testcase:54:50.0:80:Create Routing Master.testcase:17" iterationIndex="-1" skippedCount="0" startedUtc="1656432666651" successfulCount="1" testApiId="com.provar.plugins.forcedotcom.core.ui.UiWithScreen" testItemClass="IApiCall" title="On SF Routing Master New screen">
                      <childItems>
                        <executionItem endedUtc="1656432688473" executionErrorCount="0" executionStatus="Executed" executionWarningCount="0" failureCount="0" id="root:plans:Shop_Floor:RSTK-9677-Clone Routing Master.testinstance:RSTK-9677-Clone Routing Master.testcase:54:50.0:80:Create Routing Master.testcase:17:18" iterationIndex="-1" skippedCount="0" startedUtc="1656432688473" successfulCount="1" testClauseName="substeps" testItemClass="ITestClause" title="Sub Steps">
                          <childItems/>
                        </executionItem>
                      </childItems>
                      <logEntries>
                        <logEntry id="1656432666654" messageType="General">Start of With Screen.  Connection Name: SFConnection, target: sf:ui:target?object=rstk__rtrouthdr__c&amp;action=New</logEntry>
                        <logEntry id="1656432666655" messageType="General">Opening Chrome webdriver instance to https://automationtesting2.my.salesforce.com/secur/frontdoor.jsp</logEntry>
                        <logEntry id="1656432666655" logLevel="Debug" messageType="General">Add Chrome browser specific capabilities</logEntry>
                        <logEntry id="1656432666655" logLevel="Trace" messageType="General">Using executable from UserHome Provar.  executable: C:\\Users\\Mayur\\Provar\\.chromeDriver\\chromedriver.exe</logEntry>
                        <logEntry id="1656432666661" logLevel="Trace" messageType="General">Added Chrome command line switch to bypass proxy for local addresses: --proxy-bypass-list=localhost,127.0.0.1,192.168.1.14</logEntry>
                        <logEntry id="1656432666661" logLevel="Trace" messageType="General">Added desired capability for Chrome browser proxy Null</logEntry>
                        <logEntry id="1656432666662" logLevel="Trace" messageType="General">Using executable from UserHome Provar.  executable: C:\\Users\\Mayur\\Provar\\.chromeDriver\\chromedriver.exe</logEntry>
                        <logEntry id="1656432669052" logLevel="Update" messageType="General">Successfully opened Chrome webdriver to https://automationtesting2.my.salesforce.com/secur/frontdoor.jsp</logEntry>
                        <logEntry id="1656432670257" logLevel="Error" messageType="General">Unknown Page metadata file.  Page Name: Rtrouthdr, Namespace Prefix: null</logEntry>
                        <logEntry id="1656432670257" logLevel="Error" messageType="General">Unknown Page metadata file.  Page Name: Rtrouthdr, Namespace Prefix: null</logEntry>
                        <logEntry id="1656432670289" messageType="General">Opening Page context.  Name: screen, data: null, frame: null</logEntry>
                        <logEntry id="1656432670296" messageType="General">Opening Salesforce page.  Object: rstk__rtrouthdr__c, RelatedList: null, Action: New, Page URL: /a4r/e, Current URL: chrome://new-tab-page/</logEntry>
                        <logEntry id="1656432670296" messageType="General">Opening Salesforce user home page</logEntry>
                        <logEntry id="1656432671125" logLevel="Debug" messageType="General">Navigate to home page</logEntry>
                        <logEntry id="1656432671146" logLevel="Trace" messageType="General">Opening page.  URL: https://automationtesting2.my.salesforce.com/secur/frontdoor.jsp?retURL=/home/home.jsp?tsid=02u5f000000R3zG&amp;sid={accessToken}</logEntry>
                        <logEntry id="1656432677965" logLevel="Debug" messageType="General">Perform page load wait</logEntry>
                        <logEntry id="1656432678968" logLevel="Trace" messageType="General">Start of waitForPageToLoad. Timeout(ms): 90000</logEntry>
                        <logEntry id="1656432679000" logLevel="Trace" messageType="General">Re-attempting of waitForPageToLoad.  Timeout(ms): 90000</logEntry>
                        <logEntry id="1656432679031" logLevel="Trace" messageType="General">End of waitForPageToLoad.  Duration(ms): 63</logEntry>
                        <logEntry id="1656432679110" logLevel="Trace" messageType="General">Qualified relative URL.  URL: https://automationtesting2.my.salesforce.com/a4r/e</logEntry>
                        <logEntry id="1656432679110" logLevel="Trace" messageType="General">Opening page.  Requested URL: /a4r/e, Absolute URL: https://automationtesting2.my.salesforce.com/a4r/e?//automationtesting2.my.salesforce.com/a4r/e=</logEntry>
                        <logEntry id="1656432683266" logLevel="Debug" messageType="General">Perform page load wait</logEntry>
                        <logEntry id="1656432683332" logLevel="Update" messageType="General">Successfully opened user home page</logEntry>
                        <logEntry id="1656432688332" messageType="General">Going to update browser window handles.</logEntry>
                        <logEntry id="1656432688332" logLevel="Debug" messageType="General">Update browser window handles.</logEntry>
                        <logEntry id="1656432688473" logLevel="Update" messageType="General">Successfully updated browser window handles.</logEntry>
                        <logEntry id="1656432688473" messageType="General">All Sub-Test Steps were successful.</logEntry>
                        <logEntry id="1656432688617" messageType="General">Switched focus to main window.  URL: https://automationtesting2--rstk.visualforce.com/apex/Rtrouthdr?save_new=1&amp;sfdc.override=1</logEntry>
                        <logEntry id="1656432688617" logLevel="Trace" messageType="General">Start of waitForPageToLoad. Timeout(ms): 90000</logEntry>
                        <logEntry id="1656432688649" logLevel="Trace" messageType="General">Re-attempting of waitForPageToLoad.  Timeout(ms): 90000</logEntry>
                        <logEntry id="1656432688680" logLevel="Trace" messageType="General">End of waitForPageToLoad.  Duration(ms): 63</logEntry>
                        <logEntry id="1656432688711" messageType="General">Fetching created Id from URL</logEntry>
                        <logEntry id="1656432690753" messageType="General">Reattempting for the createdId</logEntry>
                        <logEntry id="1656432690784" messageType="General">Reattempting for the createdId</logEntry>
                        <logEntry id="1656432690799" messageType="General">Reattempting for the createdId</logEntry>
                        <logEntry id="1656432690815" logLevel="Summary" messageType="General">Storing created Salesforce Object ID.  Result Name: a, created ID: &lt;a href='sf:object?object=rstk__rtrouthdr__c&amp;connection=QARSF_Admin'&gt;null&lt;/a&gt;, location: https://automationtesting2--rstk.visualforce.com/apex/Rtrouthdr?save_new=1&amp;sfdc.override=1</logEntry>
                        <logEntry id="1656432690822" messageType="General">Closing Page context.  Name: screen, data: null, frame: null</logEntry>
                        <logEntry id="1656432690822" messageType="General">Main window reselected.  Window: main</logEntry>
                        <logEntry id="1656432690878" messageType="General">Switched focus to main window.  URL: https://automationtesting2--rstk.visualforce.com/apex/Rtrouthdr?save_new=1&amp;sfdc.override=1</logEntry>
                        <logEntry id="1656432692883" messageType="General">Going to update browser window handles.</logEntry>
                        <logEntry id="1656432692883" logLevel="Debug" messageType="General">Update browser window handles.</logEntry>
                        <logEntry id="1656432692963" logLevel="Update" messageType="General">Successfully updated browser window handles.</logEntry>
                      </logEntries>
                    </executionItem>
                    <executionItem endedUtc="1656432708858" executionErrorCount="0" executionStatus="Executed" executionWarningCount="0" failureCount="0" id="root:plans:Shop_Floor:RSTK-9677-Clone Routing Master.testinstance:RSTK-9677-Clone Routing Master.testcase:54:50.0:80:Create Routing Master.testcase:16" iterationIndex="-1" skippedCount="0" startedUtc="1656432692963" successfulCount="1" testApiId="com.provar.plugins.forcedotcom.core.ui.UiWithScreen" testItemClass="IApiCall" title="Create Routing Master">
                      <childItems>
                        <executionItem endedUtc="1656432706634" executionErrorCount="0" executionStatus="Executed" executionWarningCount="0" failureCount="0" id="root:plans:Shop_Floor:RSTK-9677-Clone Routing Master.testinstance:RSTK-9677-Clone Routing Master.testcase:54:50.0:80:Create Routing Master.testcase:16:8" iterationIndex="-1" skippedCount="0" startedUtc="1656432695284" successfulCount="1" testClauseName="substeps" testItemClass="ITestClause" title="Sub Steps">
                          <childItems>
                            <executionItem endedUtc="1656432696118" executionErrorCount="0" executionStatus="Executed" executionWarningCount="0" failureCount="0" id="root:plans:Shop_Floor:RSTK-9677-Clone Routing Master.testinstance:RSTK-9677-Clone Routing Master.testcase:54:50.0:80:Create Routing Master.testcase:16:8:9" iterationIndex="-1" skippedCount="0" startedUtc="1656432695284" successfulCount="1" testApiId="com.provar.plugins.forcedotcom.core.ui.UiDoAction" testItemClass="IApiCall" title="Set the Site select to 10 (Denver)">
                              <childItems/>
                              <logEntries>
                                <logEntry id="1656432695287" messageType="General">Start of Interact.  Connection: SFConnection, Locator: ui:locator?name=site, before wait: default, after wait: ui:wait:pageload?timeout=60, auto retry: default</logEntry>
                                <logEntry id="1656432695362" messageType="General">Locator: ui:locator?name=site</logEntry>
                                <logEntry id="1656432695363" messageType="General">Interaction: ui:interaction?name=set</logEntry>
                                <logEntry id="1656432695433" messageType="General">Switched focus to main window.  URL: https://automationtesting2--rstk.visualforce.com/apex/Rtrouthdr?save_new=1&amp;sfdc.override=1</logEntry>
                                <logEntry id="1656432695557" messageType="General">Doing before wait.  waitUrl: default</logEntry>
                                <logEntry id="1656432695558" messageType="General">End of &amp;lt;default&amp;gt; wait.</logEntry>
                                <logEntry id="1656432695558" messageType="General">Doing after wait.  waitUrl: ui:wait:pageload?timeout=60</logEntry>
                                <logEntry id="1656432695619" messageType="General">Got webElement.  tagName: SELECT, id: null, type: null, selector: null</logEntry>
                                <logEntry id="1656432695987" messageType="General">Doing after wait.  waitUrl: ui:wait:pageload?timeout=60</logEntry>
                                <logEntry id="1656432695988" messageType="General">Waiting for page to load.  Page URL: null, Timeout(secs): 60</logEntry>
                                <logEntry id="1656432695988" logLevel="Trace" messageType="General">Start of waitForPageToLoad. Timeout(ms): 60000</logEntry>
                                <logEntry id="1656432696027" logLevel="Trace" messageType="General">Re-attempting of waitForPageToLoad.  Timeout(ms): 60000</logEntry>
                                <logEntry id="1656432696058" logLevel="Trace" messageType="General">End of waitForPageToLoad.  Duration(ms): 70</logEntry>
                                <logEntry id="1656432696058" messageType="General">End for wait for page to load.</logEntry>
                                <logEntry id="1656432696059" messageType="General">Going to update browser window handles.</logEntry>
                                <logEntry id="1656432696059" logLevel="Debug" messageType="General">Update browser window handles.</logEntry>
                                <logEntry id="1656432696118" logLevel="Update" messageType="General">Successfully updated browser window handles.</logEntry>
                              </logEntries>
                            </executionItem>
                            <executionItem endedUtc="1656432699482" executionErrorCount="0" executionStatus="Executed" executionWarningCount="0" failureCount="0" id="root:plans:Shop_Floor:RSTK-9677-Clone Routing Master.testinstance:RSTK-9677-Clone Routing Master.testcase:54:50.0:80:Create Routing Master.testcase:16:8:10" iterationIndex="-1" skippedCount="0" startedUtc="1656432696118" successfulCount="1" testApiId="com.provar.plugins.forcedotcom.core.ui.UiDoAction" testItemClass="IApiCall" title="Call the selectItemNumber method">
                              <childItems/>
                              <logEntries>
                                <logEntry id="1656432696121" messageType="General">Start of Interact.  Connection: SFConnection, Locator: ui:pageobject:method?operation=selectItemNumber&amp;pageId=pageobjects.rstk__Rtrouthdr, before wait: ui:wait:auraBusy?timeout=60, after wait: ui:wait:pageload?timeout=60, auto retry: default</logEntry>
                                <logEntry id="1656432696198" messageType="General">Locator: ui:pageobject:method?operation=selectItemNumber&amp;pageId=pageobjects.rstk__Rtrouthdr</logEntry>
                                <logEntry id="1656432696201" messageType="General">Interaction: ui:interaction?name=invoke</logEntry>
                                <logEntry id="1656432696265" messageType="General">Switched focus to main window.  URL: https://automationtesting2--rstk.visualforce.com/apex/Rtrouthdr?save_new=1&amp;sfdc.override=1</logEntry>
                                <logEntry id="1656432696304" messageType="General">Doing before wait.  waitUrl: ui:wait:auraBusy?timeout=60</logEntry>
                                <logEntry id="1656432696305" messageType="General">Waiting for page to load.  Timeout(secs): 60</logEntry>
                                <logEntry id="1656432696305" logLevel="Trace" messageType="General">Start of waitForPageToLoad. Timeout(ms): 90000</logEntry>
                                <logEntry id="1656432696383" logLevel="Trace" messageType="General">Re-attempting of waitForPageToLoad.  Timeout(ms): 90000</logEntry>
                                <logEntry id="1656432696447" logLevel="Trace" messageType="General">End of waitForPageToLoad.  Duration(ms): 144</logEntry>
                                <logEntry id="1656432696449" messageType="General">End for wait for page to load.</logEntry>
                                <logEntry id="1656432696450" messageType="General">Waiting for aura busy controls to disappear.  Timeout(secs): 60</logEntry>
                                <logEntry id="1656432697520" messageType="General">End for wait for aura busy controls to disappear.</logEntry>
                                <logEntry id="1656432697520" messageType="General">Doing after wait.  waitUrl: ui:wait:pageload?timeout=60</logEntry>
                                <logEntry id="1656432697520" messageType="General">Got Page Object.  Class: pageobjects.rstk__Rtrouthdr</logEntry>
                                <logEntry id="1656432697520" messageType="General">Extracted arg value.  Arg Name: param_ItemNumber, value: Pro-child1</logEntry>
                                <logEntry id="1656432699359" messageType="General">Doing after wait.  waitUrl: ui:wait:pageload?timeout=60</logEntry>
                                <logEntry id="1656432699359" messageType="General">Waiting for page to load.  Page URL: null, Timeout(secs): 60</logEntry>
                                <logEntry id="1656432699359" logLevel="Trace" messageType="General">Start of waitForPageToLoad. Timeout(ms): 60000</logEntry>
                                <logEntry id="1656432699391" logLevel="Trace" messageType="General">Re-attempting of waitForPageToLoad.  Timeout(ms): 60000</logEntry>
                                <logEntry id="1656432699419" logLevel="Trace" messageType="General">End of waitForPageToLoad.  Duration(ms): 61</logEntry>
                                <logEntry id="1656432699419" messageType="General">End for wait for page to load.</logEntry>
                                <logEntry id="1656432699419" messageType="General">Going to update browser window handles.</logEntry>
                                <logEntry id="1656432699419" logLevel="Debug" messageType="General">Update browser window handles.</logEntry>
                                <logEntry id="1656432699482" logLevel="Update" messageType="General">Successfully updated browser window handles.</logEntry>
                              </logEntries>
                            </executionItem>
                            <executionItem endedUtc="1656432704813" executionErrorCount="0" executionStatus="Executed" executionWarningCount="0" failureCount="0" id="root:plans:Shop_Floor:RSTK-9677-Clone Routing Master.testinstance:RSTK-9677-Clone Routing Master.testcase:54:50.0:80:Create Routing Master.testcase:16:8:11" iterationIndex="-1" skippedCount="0" startedUtc="1656432699482" successfulCount="1" testApiId="com.provar.plugins.forcedotcom.core.ui.UiDoAction" testItemClass="IApiCall" title="Click the Save button">
                              <childItems/>
                              <logEntries>
                                <logEntry id="1656432699482" messageType="General">Start of Interact.  Connection: SFConnection, Locator: ui:locator?name=save, before wait: default, after wait: default, auto retry: default</logEntry>
                                <logEntry id="1656432699561" messageType="General">Locator: ui:locator?name=save</logEntry>
                                <logEntry id="1656432699561" messageType="General">Interaction: ui:interaction?name=action</logEntry>
                                <logEntry id="1656432699623" messageType="General">Switched focus to main window.  URL: https://automationtesting2--rstk.visualforce.com/apex/Rtrouthdr?save_new=1&amp;sfdc.override=1</logEntry>
                                <logEntry id="1656432699678" messageType="General">Doing before wait.  waitUrl: default</logEntry>
                                <logEntry id="1656432699679" messageType="General">End of &amp;lt;default&amp;gt; wait.</logEntry>
                                <logEntry id="1656432699679" messageType="General">Doing after wait.  waitUrl: default</logEntry>
                                <logEntry id="1656432699967" messageType="General">Clicking WebElement.  WebElement [tag: input, text: Save]</logEntry>
                                <logEntry id="1656432700011" messageType="General">Doing after wait.  waitUrl: default</logEntry>
                                <logEntry id="1656432700012" messageType="General">waitAnno: @com.provar.core.testapi.annotations.PageObjectWait(implementation=class com.provar.core.testapi.BackgroundActivityWait)</logEntry>
                                <logEntry id="1656432700014" messageType="General">Doing background activity wait.  Timeout(seconds): 60, Interval(milliseconds): 500</logEntry>
                                <logEntry id="1656432704749" logLevel="Update" messageType="General">Background activity wait successful.  Actual duration(seconds): 4.738</logEntry>
                                <logEntry id="1656432704751" messageType="General">End of &amp;lt;default&amp;gt; wait.</logEntry>
                                <logEntry id="1656432704752" messageType="General">Going to update browser window handles.</logEntry>
                                <logEntry id="1656432704752" logLevel="Debug" messageType="General">Update browser window handles.</logEntry>
                                <logEntry id="1656432704813" logLevel="Update" messageType="General">Successfully updated browser window handles.</logEntry>
                              </logEntries>
                            </executionItem>
                            <executionItem endedUtc="1656432706634" executionErrorCount="0" executionStatus="Executed" executionWarningCount="0" failureCount="0" id="root:plans:Shop_Floor:RSTK-9677-Clone Routing Master.testinstance:RSTK-9677-Clone Routing Master.testcase:54:50.0:80:Create Routing Master.testcase:16:8:14" iterationIndex="-1" skippedCount="0" startedUtc="1656432704813" successfulCount="1" testApiId="com.provar.plugins.forcedotcom.core.ui.UiAssert" testItemClass="IApiCall" title="UI Assert: Name">
                              <childItems/>
                              <logEntries>
                                <logEntry id="1656432704813" messageType="General">Start of UiAssert.  Connection: SFConnection</logEntry>
                                <logEntry id="1656432704882" messageType="General">Resolving field name</logEntry>
                                <logEntry id="1656432704947" messageType="General">Switched focus to main window.  URL: https://automationtesting2--rstk.visualforce.com/apex/rtrouthdr?actionType=view&amp;id=a4r5f0000004iRu</logEntry>
                                <logEntry id="1656432704950" messageType="General">Doing before wait.  waitUrl: default</logEntry>
                                <logEntry id="1656432704950" messageType="General">End of &amp;lt;default&amp;gt; wait.</logEntry>
                                <logEntry id="1656432705803" messageType="General">Switched focus to main window.  URL: https://automationtesting2--rstk.visualforce.com/apex/rtrouthdr?actionType=view&amp;id=a4r5f0000004iRu</logEntry>
                                <logEntry id="1656432706579" messageType="General">Asserting field attributes: name</logEntry>
                                <logEntry id="1656432706579" messageType="General">Reading Attribute: value</logEntry>
                                <logEntry id="1656432706580" messageType="General">Object read successfully.  Result Name: op_rtrouthdrName</logEntry>
                                <logEntry id="1656432706580" messageType="General">Going to update browser window handles.</logEntry>
                                <logEntry id="1656432706580" logLevel="Debug" messageType="General">Update browser window handles.</logEntry>
                                <logEntry id="1656432706633" logLevel="Update" messageType="General">Successfully updated browser window handles.</logEntry>
                              </logEntries>
                            </executionItem>
                          </childItems>
                        </executionItem>
                      </childItems>
                      <logEntries>
                        <logEntry id="1656432692963" messageType="General">Start of With Screen.  Connection Name: SFConnection, target: sf:ui:target?page=rstk__Rtrouthdr&amp;pageObject=pageobjects.rstk__Rtrouthdr</logEntry>
                        <logEntry id="1656432693059" messageType="General">Opening Page context.  Name: screen, data: null, frame: null</logEntry>
                        <logEntry id="1656432695218" messageType="General">Going to update browser window handles.</logEntry>
                        <logEntry id="1656432695218" logLevel="Debug" messageType="General">Update browser window handles.</logEntry>
                        <logEntry id="1656432695283" logLevel="Update" messageType="General">Successfully updated browser window handles.</logEntry>
                        <logEntry id="1656432706636" messageType="General">All Sub-Test Steps were successful.</logEntry>
                        <logEntry id="1656432706713" messageType="General">Closing Page context.  Name: screen, data: null, frame: null</logEntry>
                        <logEntry id="1656432706716" messageType="General">Main window reselected.  Window: main</logEntry>
                        <logEntry id="1656432706777" messageType="General">Switched focus to main window.  URL: https://automationtesting2--rstk.visualforce.com/apex/rtrouthdr?actionType=view&amp;id=a4r5f0000004iRu</logEntry>
                        <logEntry id="1656432708778" messageType="General">Going to update browser window handles.</logEntry>
                        <logEntry id="1656432708778" logLevel="Debug" messageType="General">Update browser window handles.</logEntry>
                        <logEntry id="1656432708858" logLevel="Update" messageType="General">Successfully updated browser window handles.</logEntry>
                      </logEntries>
                    </executionItem>
                  </childItems>
                </executionItem>
              </childItems>
              <logEntries>
                <logEntry id="1656432708860" messageType="General">Handling managed resource.  Name: SFConnection</logEntry>
                <logEntry id="1656432708861" logLevel="Debug" messageType="General">Not closing Salesforce Connection because it is still being used.  Name: SFConnection</logEntry>
                <logEntry id="1656432708861" logLevel="Update" messageType="General">Salesforce Connection handled successfully.  Name: SFConnection</logEntry>
              </logEntries>
            </executionItem>
            <executionItem endedUtc="1656432710205" executionErrorCount="0" executionStatus="Executed" executionWarningCount="0" failureCount="0" id="root:plans:Shop_Floor:RSTK-9677-Clone Routing Master.testinstance:RSTK-9677-Clone Routing Master.testcase:54:50.0:81" iterationIndex="-1" skippedCount="0" startedUtc="1656432708862" successfulCount="1" testApiId="com.provar.plugins.forcedotcom.core.testapis.ApexSoqlQuery" testItemClass="IApiCall" title="Read Routing Master Qty">
              <childItems/>
              <logEntries>
                <logEntry id="1656432708866" messageType="General">Reading a Salesforce object.  Connection Name: SFConnection, Query: select ID from rstk__rtrouthdr__c\twhere Name='Pro-child1 (10)'</logEntry>
                <logEntry id="1656432710205" messageType="General">Query successful.  Row Count: 1.</logEntry>
              </logEntries>
            </executionItem>
            <executionItem endedUtc="1656432710283" executionErrorCount="0" executionStatus="Executed" executionWarningCount="0" failureCount="0" id="root:plans:Shop_Floor:RSTK-9677-Clone Routing Master.testinstance:RSTK-9677-Clone Routing Master.testcase:54:50.0:95" iterationIndex="-1" skippedCount="0" startedUtc="1656432710205" successfulCount="1" testApiId="com.provar.plugins.bundled.apis.If" testItemClass="IApiCall" title="If: {GetSelectedEnvironment() = &quot;PDE5&quot;}">
              <childItems>
                <executionItem endedUtc="0" executionErrorCount="0" executionWarningCount="0" failureCount="0" id="root:plans:Shop_Floor:RSTK-9677-Clone Routing Master.testinstance:RSTK-9677-Clone Routing Master.testcase:54:50.0:95:96" iterationIndex="-1" skippedCount="0" startedUtc="0" successfulCount="0" testClauseName="then" testItemClass="ITestClause" title="Then">
                  <childItems>
                    <executionItem endedUtc="0" executionErrorCount="0" executionWarningCount="0" failureCount="0" id="root:plans:Shop_Floor:RSTK-9677-Clone Routing Master.testinstance:RSTK-9677-Clone Routing Master.testcase:54:50.0:95:96:97" iterationIndex="-1" skippedCount="0" startedUtc="0" successfulCount="0" testApiId="com.provar.plugins.bundled.apis.control.StepGroup" testItemClass="IApiCall" title="Read excel">
                      <childItems>
                        <executionItem endedUtc="0" executionErrorCount="0" executionWarningCount="0" failureCount="0" id="root:plans:Shop_Floor:RSTK-9677-Clone Routing Master.testinstance:RSTK-9677-Clone Routing Master.testcase:54:50.0:95:96:97:98" iterationIndex="-1" skippedCount="0" startedUtc="0" successfulCount="0" testClauseName="hidden" testItemClass="ITestClause" title="Steps">
                          <childItems/>
                        </executionItem>
                      </childItems>
                    </executionItem>
                  </childItems>
                </executionItem>
                <executionItem endedUtc="1656432710283" executionErrorCount="0" executionStatus="Executed" executionWarningCount="0" failureCount="0" id="root:plans:Shop_Floor:RSTK-9677-Clone Routing Master.testinstance:RSTK-9677-Clone Routing Master.testcase:54:50.0:95:99" iterationIndex="-1" skippedCount="0" startedUtc="1656432710220" successfulCount="1" testClauseName="else" testItemClass="ITestClause" title="Else">
                  <childItems>
                    <executionItem endedUtc="1656432710283" executionErrorCount="0" executionStatus="Executed" executionWarningCount="0" failureCount="0" id="root:plans:Shop_Floor:RSTK-9677-Clone Routing Master.testinstance:RSTK-9677-Clone Routing Master.testcase:54:50.0:95:99:100" iterationIndex="-1" skippedCount="0" startedUtc="1656432710220" successfulCount="1" testApiId="com.provar.plugins.bundled.apis.If" testItemClass="IApiCall" title="If: {GetSelectedEnvironment() = &quot;AutomationOrg&quot;}">
                      <childItems>
                        <executionItem endedUtc="1656432710283" executionErrorCount="0" executionStatus="Executed" executionWarningCount="0" failureCount="0" id="root:plans:Shop_Floor:RSTK-9677-Clone Routing Master.testinstance:RSTK-9677-Clone Routing Master.testcase:54:50.0:95:99:100:101" iterationIndex="-1" skippedCount="0" startedUtc="1656432710220" successfulCount="1" testClauseName="then" testItemClass="ITestClause" title="Then">
                          <childItems>
                            <executionItem endedUtc="1656432710283" executionErrorCount="0" executionStatus="Executed" executionWarningCount="0" failureCount="0" id="root:plans:Shop_Floor:RSTK-9677-Clone Routing Master.testinstance:RSTK-9677-Clone Routing Master.testcase:54:50.0:95:99:100:101:108" iterationIndex="-1" skippedCount="0" startedUtc="1656432710220" successfulCount="1" testApiId="com.provar.plugins.bundled.apis.control.StepGroup" testItemClass="IApiCall" title="Read excel">
                              <childItems>
                                <executionItem endedUtc="1656432710283" executionErrorCount="0" executionStatus="Executed" executionWarningCount="0" failureCount="0" id="root:plans:Shop_Floor:RSTK-9677-Clone Routing Master.testinstance:RSTK-9677-Clone Routing Master.testcase:54:50.0:95:99:100:101:108:109" iterationIndex="-1" skippedCount="0" startedUtc="1656432710283" successfulCount="1" testClauseName="hidden" testItemClass="ITestClause" title="Steps">
                                  <childItems/>
                                </executionItem>
                              </childItems>
                              <logEntries>
                                <logEntry id="1656432710220" messageType="ParameterValueSource">Loading data from Parameter Value Source ...</logEntry>
                                <logEntry id="1656432710283" messageType="General">Loading Parameter Value Source row 1:</logEntry>
                                <logEntry id="1656432710283" messageType="General">==Column=&gt; RowNumber = PrimitiveValueImpl [ value: 2, valueId=null, createdUpdateSeq=-1, updatedUpdateSeq=-1]</logEntry>
                                <logEntry id="1656432710283" messageType="General">==Column=&gt; ItemNumber = PrimitiveValueImpl [ value: Pro-child1 (Lot Track), valueId=null, createdUpdateSeq=-1, updatedUpdateSeq=-1]</logEntry>
                                <logEntry id="1656432710283" messageType="General">==Column=&gt; SourceAddRevision = PrimitiveValueImpl [ value: 000000 (Item Added), valueId=null, createdUpdateSeq=-1, updatedUpdateSeq=-1]</logEntry>
                                <logEntry id="1656432710283" messageType="General">==Column=&gt; TargetItemNumber = PrimitiveValueImpl [ value: Pro-child5 (NO Track), valueId=null, createdUpdateSeq=-1, updatedUpdateSeq=-1]</logEntry>
                                <logEntry id="1656432710283" messageType="General">==Column=&gt; ResponsibleEngineer = PrimitiveValueImpl [ value: Mayur Suryawanshi\t, valueId=null, createdUpdateSeq=-1, updatedUpdateSeq=-1]</logEntry>
                                <logEntry id="1656432710283" messageType="General">==Column=&gt; ResponsiblePlanner = PrimitiveValueImpl [ value: Mayur Suryawanshi\t, valueId=null, createdUpdateSeq=-1, updatedUpdateSeq=-1]</logEntry>
                                <logEntry id="1656432710283" messageType="General">==Column=&gt; TargetAddRevision = PrimitiveValueImpl [ value: 000000 (Item Added), valueId=null, createdUpdateSeq=-1, updatedUpdateSeq=-1]</logEntry>
                                <logEntry id="1656432710283" logLevel="Update" messageType="General">Loaded 1 rows from Parameter Value Source.</logEntry>
                              </logEntries>
                            </executionItem>
                          </childItems>
                        </executionItem>
                        <executionItem endedUtc="0" executionErrorCount="0" executionWarningCount="0" failureCount="0" id="root:plans:Shop_Floor:RSTK-9677-Clone Routing Master.testinstance:RSTK-9677-Clone Routing Master.testcase:54:50.0:95:99:100:104" iterationIndex="-1" skippedCount="0" startedUtc="0" successfulCount="0" testClauseName="else" testItemClass="ITestClause" title="Else">
                          <childItems>
                            <executionItem endedUtc="0" executionErrorCount="0" executionWarningCount="0" failureCount="0" id="root:plans:Shop_Floor:RSTK-9677-Clone Routing Master.testinstance:RSTK-9677-Clone Routing Master.testcase:54:50.0:95:99:100:104:110" iterationIndex="-1" skippedCount="0" startedUtc="0" successfulCount="0" testApiId="com.provar.plugins.bundled.apis.control.StepGroup" testItemClass="IApiCall" title="Read excel">
                              <childItems>
                                <executionItem endedUtc="0" executionErrorCount="0" executionWarningCount="0" failureCount="0" id="root:plans:Shop_Floor:RSTK-9677-Clone Routing Master.testinstance:RSTK-9677-Clone Routing Master.testcase:54:50.0:95:99:100:104:110:111" iterationIndex="-1" skippedCount="0" startedUtc="0" successfulCount="0" testClauseName="hidden" testItemClass="ITestClause" title="Steps">
                                  <childItems/>
                                </executionItem>
                              </childItems>
                            </executionItem>
                          </childItems>
                        </executionItem>
                      </childItems>
                    </executionItem>
                  </childItems>
                </executionItem>
              </childItems>
            </executionItem>
            <executionItem endedUtc="1656432735688" executionErrorCount="0" executionStatus="Executed" executionWarningCount="0" failureCount="0" id="root:plans:Shop_Floor:RSTK-9677-Clone Routing Master.testinstance:RSTK-9677-Clone Routing Master.testcase:54:50.0:51" iterationIndex="-1" skippedCount="0" startedUtc="1656432710283" successfulCount="1" testApiId="com.provar.plugins.bundled.apis.control.ForEach" testItemClass="IApiCall" title="Clone Routing Master record">
              <childItems>
                <executionItem endedUtc="1656432735688" executionErrorCount="0" executionStatus="Executed" executionWarningCount="0" failureCount="0" id="root:plans:Shop_Floor:RSTK-9677-Clone Routing Master.testinstance:RSTK-9677-Clone Routing Master.testcase:54:50.0:51:52.0" iterationIndex="0" skippedCount="0" startedUtc="1656432710283" successfulCount="1" testClauseName="substeps" testItemClass="ITestClause" title="Iteration 1">
                  <childItems>
                    <executionItem endedUtc="1656432735688" executionErrorCount="0" executionStatus="Executed" executionWarningCount="0" failureCount="0" id="root:plans:Shop_Floor:RSTK-9677-Clone Routing Master.testinstance:RSTK-9677-Clone Routing Master.testcase:54:50.0:51:52.0:55" iterationIndex="-1" skippedCount="0" startedUtc="1656432710283" successfulCount="1" testApiId="com.provar.plugins.forcedotcom.core.ui.UiWithScreen" testItemClass="IApiCall" title="On SF rstk__Rtrouthdr page with pageobject Rstk__ Rtrouthdr">
                      <childItems>
                        <executionItem endedUtc="1656432733457" executionErrorCount="0" executionStatus="Executed" executionWarningCount="0" failureCount="0" id="root:plans:Shop_Floor:RSTK-9677-Clone Routing Master.testinstance:RSTK-9677-Clone Routing Master.testcase:54:50.0:51:52.0:55:56" iterationIndex="-1" skippedCount="0" startedUtc="1656432712588" successfulCount="1" testClauseName="substeps" testItemClass="ITestClause" title="Sub Steps">
                          <childItems>
                            <executionItem endedUtc="1656432716755" executionErrorCount="0" executionStatus="Executed" executionWarningCount="0" failureCount="0" id="root:plans:Shop_Floor:RSTK-9677-Clone Routing Master.testinstance:RSTK-9677-Clone Routing Master.testcase:54:50.0:51:52.0:55:56:57" iterationIndex="-1" skippedCount="0" startedUtc="1656432712588" successfulCount="1" testApiId="com.provar.plugins.forcedotcom.core.ui.UiDoAction" testItemClass="IApiCall" title="Click the Clone button">
                              <childItems/>
                              <logEntries>
                                <logEntry id="1656432712588" messageType="General">Start of Interact.  Connection: SFConnection, Locator: ui:locator?name=clone, before wait: default, after wait: default, auto retry: default</logEntry>
                                <logEntry id="1656432712666" messageType="General">Locator: ui:locator?name=clone</logEntry>
                                <logEntry id="1656432712666" messageType="General">Interaction: ui:interaction?name=action</logEntry>
                                <logEntry id="1656432712729" messageType="General">Switched focus to main window.  URL: https://automationtesting2--rstk.visualforce.com/apex/rtrouthdr?actionType=view&amp;id=a4r5f0000004iRu</logEntry>
                                <logEntry id="1656432712760" messageType="General">Doing before wait.  waitUrl: default</logEntry>
                                <logEntry id="1656432712760" messageType="General">End of &amp;lt;default&amp;gt; wait.</logEntry>
                                <logEntry id="1656432712760" messageType="General">Doing after wait.  waitUrl: default</logEntry>
                                <logEntry id="1656432713069" messageType="General">Clicking WebElement.  WebElement [tag: input, text: Clone]</logEntry>
                                <logEntry id="1656432716377" messageType="General">Doing after wait.  waitUrl: default</logEntry>
                                <logEntry id="1656432716378" messageType="General">waitAnno: @com.provar.core.testapi.annotations.PageObjectWait(implementation=class com.provar.core.testapi.BackgroundActivityWait)</logEntry>
                                <logEntry id="1656432716379" messageType="General">Doing background activity wait.  Timeout(seconds): 60, Interval(milliseconds): 500</logEntry>
                                <logEntry id="1656432716692" logLevel="Update" messageType="General">Background activity wait successful.  Actual duration(seconds): 0.316</logEntry>
                                <logEntry id="1656432716692" messageType="General">End of &amp;lt;default&amp;gt; wait.</logEntry>
                                <logEntry id="1656432716692" messageType="General">Going to update browser window handles.</logEntry>
                                <logEntry id="1656432716692" logLevel="Debug" messageType="General">Update browser window handles.</logEntry>
                                <logEntry id="1656432716755" logLevel="Update" messageType="General">Successfully updated browser window handles.</logEntry>
                              </logEntries>
                            </executionItem>
                            <executionItem endedUtc="1656432717461" executionErrorCount="0" executionStatus="Executed" executionWarningCount="0" failureCount="0" id="root:plans:Shop_Floor:RSTK-9677-Clone Routing Master.testinstance:RSTK-9677-Clone Routing Master.testcase:54:50.0:51:52.0:55:56:58" iterationIndex="-1" skippedCount="0" startedUtc="1656432716755" successfulCount="1" testApiId="com.provar.plugins.forcedotcom.core.ui.UiDoAction" testItemClass="IApiCall" title="Set the Selected Source Revision select to 000000 (Item Added)">
                              <childItems/>
                              <logEntries>
                                <logEntry id="1656432716755" messageType="General">Start of Interact.  Connection: SFConnection, Locator: ui:locator?name=selectedSourceRevision, before wait: default, after wait: default, auto retry: default</logEntry>
                                <logEntry id="1656432716833" messageType="General">Locator: ui:locator?name=selectedSourceRevision</logEntry>
                                <logEntry id="1656432716833" messageType="General">Interaction: ui:interaction?name=set</logEntry>
                                <logEntry id="1656432716896" messageType="General">Switched focus to main window.  URL: https://automationtesting2--rstk.visualforce.com/apex/Rtrouthdr?clonefromid=a4r5f0000004iRu</logEntry>
                                <logEntry id="1656432717056" messageType="General">Doing before wait.  waitUrl: default</logEntry>
                                <logEntry id="1656432717056" messageType="General">End of &amp;lt;default&amp;gt; wait.</logEntry>
                                <logEntry id="1656432717056" messageType="General">Doing after wait.  waitUrl: default</logEntry>
                                <logEntry id="1656432717118" messageType="General">Got webElement.  tagName: SELECT, id: pg:fm:pb:pbs_Main:revisionSourceSection:selectedSourceRevision, type: null, selector: null</logEntry>
                                <logEntry id="1656432717407" messageType="General">Doing after wait.  waitUrl: default</logEntry>
                                <logEntry id="1656432717408" messageType="General">End of &amp;lt;default&amp;gt; wait.</logEntry>
                                <logEntry id="1656432717408" messageType="General">Going to update browser window handles.</logEntry>
                                <logEntry id="1656432717408" logLevel="Debug" messageType="General">Update browser window handles.</logEntry>
                                <logEntry id="1656432717461" logLevel="Update" messageType="General">Successfully updated browser window handles.</logEntry>
                              </logEntries>
                            </executionItem>
                            <executionItem endedUtc="1656432723354" executionErrorCount="0" executionStatus="Executed" executionWarningCount="0" failureCount="0" id="root:plans:Shop_Floor:RSTK-9677-Clone Routing Master.testinstance:RSTK-9677-Clone Routing Master.testcase:54:50.0:51:52.0:55:56:63" iterationIndex="-1" skippedCount="0" startedUtc="1656432717461" successfulCount="1" testApiId="com.provar.plugins.forcedotcom.core.ui.UiDoAction" testItemClass="IApiCall" title="Call the selectItemNumber method">
                              <childItems/>
                              <logEntries>
                                <logEntry id="1656432717477" messageType="General">Start of Interact.  Connection: SFConnection, Locator: ui:pageobject:method?operation=selectItemNumber&amp;pageId=pageobjects.rstk__Rtrouthdr, before wait: null, after wait: ui:wait:pageload?timeout=60, auto retry: default</logEntry>
                                <logEntry id="1656432717555" messageType="General">Locator: ui:pageobject:method?operation=selectItemNumber&amp;pageId=pageobjects.rstk__Rtrouthdr</logEntry>
                                <logEntry id="1656432717555" messageType="General">Interaction: ui:interaction?name=invoke</logEntry>
                                <logEntry id="1656432717618" messageType="General">Switched focus to main window.  URL: https://automationtesting2--rstk.visualforce.com/apex/Rtrouthdr?clonefromid=a4r5f0000004iRu</logEntry>
                                <logEntry id="1656432717634" messageType="General">Doing before wait.  waitUrl: default</logEntry>
                                <logEntry id="1656432717634" messageType="General">End of &amp;lt;default&amp;gt; wait.</logEntry>
                                <logEntry id="1656432717634" messageType="General">Doing after wait.  waitUrl: ui:wait:pageload?timeout=60</logEntry>
                                <logEntry id="1656432717645" messageType="General">Got Page Object.  Class: pageobjects.rstk__Rtrouthdr</logEntry>
                                <logEntry id="1656432717645" messageType="General">Extracted arg value.  Arg Name: param_ItemNumber, value: Pro-child5 (NO Track)</logEntry>
                                <logEntry id="1656432723230" messageType="General">Doing after wait.  waitUrl: ui:wait:pageload?timeout=60</logEntry>
                                <logEntry id="1656432723231" messageType="General">Waiting for page to load.  Page URL: null, Timeout(secs): 60</logEntry>
                                <logEntry id="1656432723231" logLevel="Trace" messageType="General">Start of waitForPageToLoad. Timeout(ms): 60000</logEntry>
                                <logEntry id="1656432723264" logLevel="Trace" messageType="General">Re-attempting of waitForPageToLoad.  Timeout(ms): 60000</logEntry>
                                <logEntry id="1656432723294" logLevel="Trace" messageType="General">End of waitForPageToLoad.  Duration(ms): 64</logEntry>
                                <logEntry id="1656432723295" messageType="General">End for wait for page to load.</logEntry>
                                <logEntry id="1656432723298" messageType="General">Going to update browser window handles.</logEntry>
                                <logEntry id="1656432723298" logLevel="Debug" messageType="General">Update browser window handles.</logEntry>
                                <logEntry id="1656432723354" logLevel="Update" messageType="General">Successfully updated browser window handles.</logEntry>
                              </logEntries>
                            </executionItem>
                            <executionItem endedUtc="1656432725208" executionErrorCount="0" executionStatus="Executed" executionWarningCount="0" failureCount="0" id="root:plans:Shop_Floor:RSTK-9677-Clone Routing Master.testinstance:RSTK-9677-Clone Routing Master.testcase:54:50.0:51:52.0:55:56:61" iterationIndex="-1" skippedCount="0" startedUtc="1656432723355" successfulCount="1" testApiId="com.provar.plugins.forcedotcom.core.ui.UiDoAction" testItemClass="IApiCall" title="Set the Target Revision select to 000000 (Item Added)">
                              <childItems/>
                              <logEntries>
                                <logEntry id="1656432723358" messageType="General">Start of Interact.  Connection: SFConnection, Locator: ui:locator?name=targetRevision, before wait: ui:wait:auraBusy?timeout=60, after wait: default, auto retry: default</logEntry>
                                <logEntry id="1656432723434" messageType="General">Locator: ui:locator?name=targetRevision</logEntry>
                                <logEntry id="1656432723434" messageType="General">Interaction: ui:interaction?name=set</logEntry>
                                <logEntry id="1656432723502" messageType="General">Switched focus to main window.  URL: https://automationtesting2--rstk.visualforce.com/apex/Rtrouthdr?clonefromid=a4r5f0000004iRu</logEntry>
                                <logEntry id="1656432723627" messageType="General">Doing before wait.  waitUrl: ui:wait:auraBusy?timeout=60</logEntry>
                                <logEntry id="1656432723627" messageType="General">Waiting for page to load.  Timeout(secs): 60</logEntry>
                                <logEntry id="1656432723627" logLevel="Trace" messageType="General">Start of waitForPageToLoad. Timeout(ms): 90000</logEntry>
                                <logEntry id="1656432723661" logLevel="Trace" messageType="General">Re-attempting of waitForPageToLoad.  Timeout(ms): 90000</logEntry>
                                <logEntry id="1656432723692" logLevel="Trace" messageType="General">End of waitForPageToLoad.  Duration(ms): 65</logEntry>
                                <logEntry id="1656432723692" messageType="General">End for wait for page to load.</logEntry>
                                <logEntry id="1656432723693" messageType="General">Waiting for aura busy controls to disappear.  Timeout(secs): 60</logEntry>
                                <logEntry id="1656432724769" messageType="General">End for wait for aura busy controls to disappear.</logEntry>
                                <logEntry id="1656432724769" messageType="General">Doing after wait.  waitUrl: default</logEntry>
                                <logEntry id="1656432724832" messageType="General">Got webElement.  tagName: SELECT, id: pg:fm:pb:pbs_Main:revisionSection:selectedRevision, type: null, selector: null</logEntry>
                                <logEntry id="1656432725132" messageType="General">Doing after wait.  waitUrl: default</logEntry>
                                <logEntry id="1656432725133" messageType="General">End of &amp;lt;default&amp;gt; wait.</logEntry>
                                <logEntry id="1656432725133" messageType="General">Going to update browser window handles.</logEntry>
                                <logEntry id="1656432725134" logLevel="Debug" messageType="General">Update browser window handles.</logEntry>
                                <logEntry id="1656432725208" logLevel="Update" messageType="General">Successfully updated browser window handles.</logEntry>
                              </logEntries>
                            </executionItem>
                            <executionItem endedUtc="1656432725923" executionErrorCount="0" executionStatus="Executed" executionWarningCount="0" failureCount="0" id="root:plans:Shop_Floor:RSTK-9677-Clone Routing Master.testinstance:RSTK-9677-Clone Routing Master.testcase:54:50.0:51:52.0:55:56:59" iterationIndex="-1" skippedCount="0" startedUtc="1656432725208" successfulCount="1" testApiId="com.provar.plugins.forcedotcom.core.ui.UiDoAction" testItemClass="IApiCall" title="Set the Responsible Planner select to Mayur Suryawanshi\t">
                              <childItems/>
                              <logEntries>
                                <logEntry id="1656432725208" messageType="General">Start of Interact.  Connection: SFConnection, Locator: ui:locator?name=responsiblePlanner, before wait: default, after wait: default, auto retry: default</logEntry>
                                <logEntry id="1656432725286" messageType="General">Locator: ui:locator?name=responsiblePlanner</logEntry>
                                <logEntry id="1656432725286" messageType="General">Interaction: ui:interaction?name=set</logEntry>
                                <logEntry id="1656432725349" messageType="General">Switched focus to main window.  URL: https://automationtesting2--rstk.visualforce.com/apex/Rtrouthdr?clonefromid=a4r5f0000004iRu</logEntry>
                                <logEntry id="1656432725459" messageType="General">Doing before wait.  waitUrl: default</logEntry>
                                <logEntry id="1656432725459" messageType="General">End of &amp;lt;default&amp;gt; wait.</logEntry>
                                <logEntry id="1656432725459" messageType="General">Doing after wait.  waitUrl: default</logEntry>
                                <logEntry id="1656432725521" messageType="General">Got webElement.  tagName: SELECT, id: null, type: null, selector: null</logEntry>
                                <logEntry id="1656432725859" messageType="General">Doing after wait.  waitUrl: default</logEntry>
                                <logEntry id="1656432725860" messageType="General">End of &amp;lt;default&amp;gt; wait.</logEntry>
                                <logEntry id="1656432725860" messageType="General">Going to update browser window handles.</logEntry>
                                <logEntry id="1656432725860" logLevel="Debug" messageType="General">Update browser window handles.</logEntry>
                                <logEntry id="1656432725923" logLevel="Update" messageType="General">Successfully updated browser window handles.</logEntry>
                              </logEntries>
                            </executionItem>
                            <executionItem endedUtc="1656432726627" executionErrorCount="0" executionStatus="Executed" executionWarningCount="0" failureCount="0" id="root:plans:Shop_Floor:RSTK-9677-Clone Routing Master.testinstance:RSTK-9677-Clone Routing Master.testcase:54:50.0:51:52.0:55:56:60" iterationIndex="-1" skippedCount="0" startedUtc="1656432725923" successfulCount="1" testApiId="com.provar.plugins.forcedotcom.core.ui.UiDoAction" testItemClass="IApiCall" title="Set the Responsible Engineer select to Mayur Suryawanshi\t">
                              <childItems/>
                              <logEntries>
                                <logEntry id="1656432725923" messageType="General">Start of Interact.  Connection: SFConnection, Locator: ui:locator?name=responsibleEngineer, before wait: default, after wait: default, auto retry: default</logEntry>
                                <logEntry id="1656432726002" messageType="General">Locator: ui:locator?name=responsibleEngineer</logEntry>
                                <logEntry id="1656432726002" messageType="General">Interaction: ui:interaction?name=set</logEntry>
                                <logEntry id="1656432726065" messageType="General">Switched focus to main window.  URL: https://automationtesting2--rstk.visualforce.com/apex/Rtrouthdr?clonefromid=a4r5f0000004iRu</logEntry>
                                <logEntry id="1656432726190" messageType="General">Doing before wait.  waitUrl: default</logEntry>
                                <logEntry id="1656432726190" messageType="General">End of &amp;lt;default&amp;gt; wait.</logEntry>
                                <logEntry id="1656432726190" messageType="General">Doing after wait.  waitUrl: default</logEntry>
                                <logEntry id="1656432726252" messageType="General">Got webElement.  tagName: SELECT, id: null, type: null, selector: null</logEntry>
                                <logEntry id="1656432726561" messageType="General">Doing after wait.  waitUrl: default</logEntry>
                                <logEntry id="1656432726562" messageType="General">End of &amp;lt;default&amp;gt; wait.</logEntry>
                                <logEntry id="1656432726563" messageType="General">Going to update browser window handles.</logEntry>
                                <logEntry id="1656432726563" logLevel="Debug" messageType="General">Update browser window handles.</logEntry>
                                <logEntry id="1656432726627" logLevel="Update" messageType="General">Successfully updated browser window handles.</logEntry>
                              </logEntries>
                            </executionItem>
                            <executionItem endedUtc="1656432731570" executionErrorCount="0" executionStatus="Executed" executionWarningCount="0" failureCount="0" id="root:plans:Shop_Floor:RSTK-9677-Clone Routing Master.testinstance:RSTK-9677-Clone Routing Master.testcase:54:50.0:51:52.0:55:56:73" iterationIndex="-1" skippedCount="0" startedUtc="1656432726627" successfulCount="1" testApiId="com.provar.plugins.forcedotcom.core.ui.UiDoAction" testItemClass="IApiCall" title="Click the Save button">
                              <childItems/>
                              <logEntries>
                                <logEntry id="1656432726627" messageType="General">Start of Interact.  Connection: SFConnection, Locator: ui:locator?name=save, before wait: default, after wait: default, auto retry: default</logEntry>
                                <logEntry id="1656432726704" messageType="General">Locator: ui:locator?name=save</logEntry>
                                <logEntry id="1656432726704" messageType="General">Interaction: ui:interaction?name=action</logEntry>
                                <logEntry id="1656432726767" messageType="General">Switched focus to main window.  URL: https://automationtesting2--rstk.visualforce.com/apex/Rtrouthdr?clonefromid=a4r5f0000004iRu</logEntry>
                                <logEntry id="1656432726798" messageType="General">Doing before wait.  waitUrl: default</logEntry>
                                <logEntry id="1656432726798" messageType="General">End of &amp;lt;default&amp;gt; wait.</logEntry>
                                <logEntry id="1656432726798" messageType="General">Doing after wait.  waitUrl: default</logEntry>
                                <logEntry id="1656432727065" messageType="General">Clicking WebElement.  WebElement [tag: input, text: Save]</logEntry>
                                <logEntry id="1656432727102" messageType="General">Doing after wait.  waitUrl: default</logEntry>
                                <logEntry id="1656432727103" messageType="General">waitAnno: @com.provar.core.testapi.annotations.PageObjectWait(implementation=class com.provar.core.testapi.BackgroundActivityWait)</logEntry>
                                <logEntry id="1656432727104" messageType="General">Doing background activity wait.  Timeout(seconds): 60, Interval(milliseconds): 500</logEntry>
                                <logEntry id="1656432731520" logLevel="Update" messageType="General">Background activity wait successful.  Actual duration(seconds): 4.417</logEntry>
                                <logEntry id="1656432731520" messageType="General">End of &amp;lt;default&amp;gt; wait.</logEntry>
                                <logEntry id="1656432731521" messageType="General">Going to update browser window handles.</logEntry>
                                <logEntry id="1656432731521" logLevel="Debug" messageType="General">Update browser window handles.</logEntry>
                                <logEntry id="1656432731570" logLevel="Update" messageType="General">Successfully updated browser window handles.</logEntry>
                              </logEntries>
                            </executionItem>
                            <executionItem endedUtc="1656432733457" executionErrorCount="0" executionStatus="Executed" executionWarningCount="0" failureCount="0" id="root:plans:Shop_Floor:RSTK-9677-Clone Routing Master.testinstance:RSTK-9677-Clone Routing Master.testcase:54:50.0:51:52.0:55:56:76" iterationIndex="-1" skippedCount="0" startedUtc="1656432731570" successfulCount="1" testApiId="com.provar.plugins.forcedotcom.core.ui.UiAssert" testItemClass="IApiCall" title="UI Assert: Name">
                              <childItems/>
                              <logEntries>
                                <logEntry id="1656432731570" messageType="General">Start of UiAssert.  Connection: SFConnection</logEntry>
                                <logEntry id="1656432731649" messageType="General">Resolving field name</logEntry>
                                <logEntry id="1656432731728" messageType="General">Switched focus to main window.  URL: https://automationtesting2--rstk.visualforce.com/apex/rtrouthdr?actionType=view&amp;id=a4r5f0000004iRz</logEntry>
                                <logEntry id="1656432731731" messageType="General">Doing before wait.  waitUrl: default</logEntry>
                                <logEntry id="1656432731731" messageType="General">End of &amp;lt;default&amp;gt; wait.</logEntry>
                                <logEntry id="1656432732604" messageType="General">Switched focus to main window.  URL: https://automationtesting2--rstk.visualforce.com/apex/rtrouthdr?actionType=view&amp;id=a4r5f0000004iRz</logEntry>
                                <logEntry id="1656432733392" messageType="General">Asserting field attributes: name</logEntry>
                                <logEntry id="1656432733392" messageType="General">Reading Attribute: value</logEntry>
                                <logEntry id="1656432733392" messageType="General">Object read successfully.  Result Name: op_rtrouthdrName</logEntry>
                                <logEntry id="1656432733392" messageType="General">Going to update browser window handles.</logEntry>
                                <logEntry id="1656432733392" logLevel="Debug" messageType="General">Update browser window handles.</logEntry>
                                <logEntry id="1656432733456" logLevel="Update" messageType="General">Successfully updated browser window handles.</logEntry>
                              </logEntries>
                            </executionItem>
                          </childItems>
                        </executionItem>
                      </childItems>
                      <logEntries>
                        <logEntry id="1656432710283" messageType="General">Start of With Screen.  Connection Name: SFConnection, target: sf:ui:target?page=rstk__Rtrouthdr&amp;pageObject=pageobjects.rstk__Rtrouthdr</logEntry>
                        <logEntry id="1656432710377" messageType="General">Opening Page context.  Name: screen, data: null, frame: null</logEntry>
                        <logEntry id="1656432712525" messageType="General">Going to update browser window handles.</logEntry>
                        <logEntry id="1656432712525" logLevel="Debug" messageType="General">Update browser window handles.</logEntry>
                        <logEntry id="1656432712588" logLevel="Update" messageType="General">Successfully updated browser window handles.</logEntry>
                        <logEntry id="1656432733458" messageType="General">All Sub-Test Steps were successful.</logEntry>
                        <logEntry id="1656432733536" messageType="General">Closing Page context.  Name: screen, data: null, frame: null</logEntry>
                        <logEntry id="1656432733536" messageType="General">Main window reselected.  Window: main</logEntry>
                        <logEntry id="1656432733599" messageType="General">Switched focus to main window.  URL: https://automationtesting2--rstk.visualforce.com/apex/rtrouthdr?actionType=view&amp;id=a4r5f0000004iRz</logEntry>
                        <logEntry id="1656432735609" messageType="General">Going to update browser window handles.</logEntry>
                        <logEntry id="1656432735609" logLevel="Debug" messageType="General">Update browser window handles.</logEntry>
                        <logEntry id="1656432735688" logLevel="Update" messageType="General">Successfully updated browser window handles.</logEntry>
                      </logEntries>
                    </executionItem>
                  </childItems>
                </executionItem>
              </childItems>
              <logEntries>
                <logEntry id="1656432710283" messageType="General">Start of iteration 1 of 1.</logEntry>
                <logEntry id="1656432735688" messageType="General">Reached the end of the List.</logEntry>
              </logEntries>
            </executionItem>
            <executionItem endedUtc="1656432749256" executionErrorCount="0" executionStatus="Executed" executionWarningCount="0" failureCount="0" id="root:plans:Shop_Floor:RSTK-9677-Clone Routing Master.testinstance:RSTK-9677-Clone Routing Master.testcase:54:50.0:39" iterationIndex="-1" skippedCount="0" startedUtc="1656432735688" successfulCount="1" testApiId="com.provar.plugins.forcedotcom.core.ui.UiWithScreen" testItemClass="IApiCall" title="Delete Routing Master">
              <childItems>
                <executionItem endedUtc="1656432746966" executionErrorCount="0" executionStatus="Executed" executionWarningCount="0" failureCount="0" id="root:plans:Shop_Floor:RSTK-9677-Clone Routing Master.testinstance:RSTK-9677-Clone Routing Master.testcase:54:50.0:39:40" iterationIndex="-1" skippedCount="0" startedUtc="1656432735876" successfulCount="1" testClauseName="substeps" testItemClass="ITestClause" title="Sub Steps">
                  <childItems>
                    <executionItem endedUtc="1656432736710" executionErrorCount="0" executionStatus="Executed" executionWarningCount="0" failureCount="0" id="root:plans:Shop_Floor:RSTK-9677-Clone Routing Master.testinstance:RSTK-9677-Clone Routing Master.testcase:54:50.0:39:40:45" iterationIndex="-1" skippedCount="0" startedUtc="1656432735876" successfulCount="1" testApiId="com.provar.plugins.forcedotcom.core.ui.UiDoAction" testItemClass="IApiCall" title="Click the Delete button">
                      <childItems/>
                      <logEntries>
                        <logEntry id="1656432735876" messageType="General">Start of Interact.  Connection: SFConnection, Locator: ui:locator?name=delete, before wait: default, after wait: default, auto retry: default</logEntry>
                        <logEntry id="1656432735954" messageType="General">Locator: ui:locator?name=delete</logEntry>
                        <logEntry id="1656432735954" messageType="General">Interaction: ui:interaction?name=action</logEntry>
                        <logEntry id="1656432736017" messageType="General">Switched focus to main window.  URL: https://automationtesting2--rstk.visualforce.com/apex/rtrouthdr?actionType=view&amp;id=a4r5f0000004iRz</logEntry>
                        <logEntry id="1656432736048" messageType="General">Doing before wait.  waitUrl: default</logEntry>
                        <logEntry id="1656432736048" messageType="General">End of &amp;lt;default&amp;gt; wait.</logEntry>
                        <logEntry id="1656432736048" messageType="General">Doing after wait.  waitUrl: default</logEntry>
                        <logEntry id="1656432736315" messageType="General">Clicking WebElement.  WebElement [tag: input, text: Delete]</logEntry>
                        <logEntry id="1656432736368" messageType="General">Doing after wait.  waitUrl: default</logEntry>
                        <logEntry id="1656432736369" messageType="General">waitAnno: @com.provar.core.testapi.annotations.PageObjectWait(implementation=class com.provar.core.testapi.BackgroundActivityWait)</logEntry>
                        <logEntry id="1656432736370" messageType="General">Doing background activity wait.  Timeout(seconds): 60, Interval(milliseconds): 500</logEntry>
                        <logEntry id="1656432736649" logLevel="Warning" messageType="General">Background Activity wait ending due to browser alert pop-up.</logEntry>
                        <logEntry id="1656432736649" messageType="General">End of &amp;lt;default&amp;gt; wait.</logEntry>
                        <logEntry id="1656432736650" messageType="General">Going to update browser window handles.</logEntry>
                        <logEntry id="1656432736650" logLevel="Debug" messageType="General">Update browser window handles.</logEntry>
                        <logEntry id="1656432736710" logLevel="Update" messageType="General">Successfully updated browser window handles.</logEntry>
                      </logEntries>
                    </executionItem>
                    <executionItem endedUtc="1656432744145" executionErrorCount="0" executionStatus="Executed" executionWarningCount="0" failureCount="0" id="root:plans:Shop_Floor:RSTK-9677-Clone Routing Master.testinstance:RSTK-9677-Clone Routing Master.testcase:54:50.0:39:40:46" iterationIndex="-1" skippedCount="0" startedUtc="1656432736711" successfulCount="1" testApiId="com.provar.plugins.forcedotcom.core.ui.UiHandleAlert" testItemClass="IApiCall" title="Handle UI Alerts">
                      <childItems/>
                      <logEntries>
                        <logEntry id="1656432736713" messageType="General">Start of Handle Alert.  Connection: SFConnection</logEntry>
                        <logEntry id="1656432736996" messageType="General">Sending screenshot.  Data length: 136580</logEntry>
                        <logEntry id="1656432741050" messageType="General">Start of Alert Wait.  Timeout (seconds): 30</logEntry>
                        <logEntry id="1656432741066" messageType="General">Polling for Alert successful.  Attempt: 1</logEntry>
                        <logEntry id="1656432741066" messageType="General">End of Alert Wait.  Actual duration(seconds): 0.016</logEntry>
                        <logEntry id="1656432741069" messageType="General">Switching to alert.  ExpectedMessage: Delete this record?</logEntry>
                        <logEntry id="1656432741097" messageType="General">Got alert text: Delete this record?</logEntry>
                        <logEntry id="1656432741099" messageType="General">com.provar.core.model.base.java.ComparisonType$Options@58b9a47d</logEntry>
                        <logEntry id="1656432741099" messageType="General">Asserting Alert Message, To: 'Delete this record?', Comparision Type: Equals</logEntry>
                        <logEntry id="1656432741100" messageType="AssertionSuccessful">Assertion successful. 'Delete this record?' Equals 'Delete this record?'</logEntry>
                        <logEntry id="1656432741101" messageType="General">Accepting alert.</logEntry>
                        <logEntry id="1656432741114" messageType="General">Switching back to current frame.</logEntry>
                        <logEntry id="1656432744014" messageType="General">Switched focus to main window.  URL: https://automationtesting2.my.salesforce.com/a4r</logEntry>
                        <logEntry id="1656432744015" messageType="General">Going to update browser window handles.</logEntry>
                        <logEntry id="1656432744015" logLevel="Debug" messageType="General">Update browser window handles.</logEntry>
                        <logEntry id="1656432744144" logLevel="Update" messageType="General">Successfully updated browser window handles.</logEntry>
                      </logEntries>
                      <testArtifacts>
                        <artifactFile artifactsRelativePath="ScreenShot2" createdTimestamp="1656432736995" mimeContentType="image/png" name="ScreenShot2" title="Before Screenshot : 2022/06/28 21:42:16"/>
                      </testArtifacts>
                    </executionItem>
                    <executionItem endedUtc="1656432745260" executionErrorCount="0" executionStatus="Executed" executionWarningCount="0" failureCount="0" id="root:plans:Shop_Floor:RSTK-9677-Clone Routing Master.testinstance:RSTK-9677-Clone Routing Master.testcase:54:50.0:39:40:47" iterationIndex="-1" skippedCount="0" startedUtc="1656432744146" successfulCount="1" testApiId="com.provar.plugins.forcedotcom.core.testapis.ApexSoqlQuery" testItemClass="IApiCall" title="Read Routing Master Qty">
                      <childItems/>
                      <logEntries>
                        <logEntry id="1656432744151" messageType="General">Reading a Salesforce object.  Connection Name: SFConnection, Query: select count() from rstk__rtrouthdr__c\twhere Name='Pro-child5 (10)'</logEntry>
                        <logEntry id="1656432745260" messageType="General">The count query returned 0.</logEntry>
                      </logEntries>
                    </executionItem>
                    <executionItem endedUtc="1656432745263" executionErrorCount="0" executionStatus="Executed" executionWarningCount="0" failureCount="0" id="root:plans:Shop_Floor:RSTK-9677-Clone Routing Master.testinstance:RSTK-9677-Clone Routing Master.testcase:54:50.0:39:40:48" iterationIndex="-1" skippedCount="0" startedUtc="1656432745261" successfulCount="1" testApiId="com.provar.plugins.bundled.apis.AssertValues" testItemClass="IApiCall" title="Assert: 0 EqualTo 0">
                      <childItems/>
                      <logEntries>
                        <logEntry id="1656432745263" messageType="AssertionSuccessful">Assertion successful. (result) 0 = 0 (target)</logEntry>
                      </logEntries>
                    </executionItem>
                    <executionItem endedUtc="1656432746966" executionErrorCount="0" executionStatus="Executed" executionWarningCount="0" failureCount="0" id="root:plans:Shop_Floor:RSTK-9677-Clone Routing Master.testinstance:RSTK-9677-Clone Routing Master.testcase:54:50.0:39:40:78" iterationIndex="-1" skippedCount="0" startedUtc="1656432745263" successfulCount="1" testApiId="com.provar.plugins.forcedotcom.core.testapis.ApexDeleteObject" testItemClass="IApiCall" title="Delete Object: {op_rtrouthdrID.ID}">
                      <childItems/>
                      <logEntries>
                        <logEntry id="1656432745265" messageType="General">Deleting an existing Salesforce object.  Connection Name: SFConnection, Id: a4r5f0000004iRuAAI</logEntry>
                        <logEntry id="1656432746965" messageType="General">Object deleted successfully.  Object Id: a4r5f0000004iRuAAI</logEntry>
                      </logEntries>
                    </executionItem>
                  </childItems>
                </executionItem>
              </childItems>
              <logEntries>
                <logEntry id="1656432735703" messageType="General">Start of With Screen.  Connection Name: SFConnection, target: sf:ui:target?page=rstk__Rtrouthdr&amp;pageObject=pageobjects.rstk__Rtrouthdr</logEntry>
                <logEntry id="1656432735797" messageType="General">Opening Page context.  Name: screen, data: null, frame: null</logEntry>
                <logEntry id="1656432735813" messageType="General">Going to update browser window handles.</logEntry>
                <logEntry id="1656432735813" logLevel="Debug" messageType="General">Update browser window handles.</logEntry>
                <logEntry id="1656432735876" logLevel="Update" messageType="General">Successfully updated browser window handles.</logEntry>
                <logEntry id="1656432746969" messageType="General">All Sub-Test Steps were successful.</logEntry>
                <logEntry id="1656432747107" messageType="General">Closing Page context.  Name: screen, data: null, frame: null</logEntry>
                <logEntry id="1656432747109" messageType="General">Main window reselected.  Window: main</logEntry>
                <logEntry id="1656432747165" messageType="General">Switched focus to main window.  URL: https://automationtesting2.my.salesforce.com/a4r</logEntry>
                <logEntry id="1656432749177" messageType="General">Going to update browser window handles.</logEntry>
                <logEntry id="1656432749177" logLevel="Debug" messageType="General">Update browser window handles.</logEntry>
                <logEntry id="1656432749256" logLevel="Update" messageType="General">Successfully updated browser window handles.</logEntry>
              </logEntries>
            </executionItem>
          </childItems>
        </executionItem>
      </childItems>
      <logEntries>
        <logEntry id="1656432666643" messageType="General">Start of iteration 1 of 1.</logEntry>
        <logEntry id="1656432749259" messageType="General">Reached the end of the List.</logEntry>
      </logEntries>
    </executionItem>
  </childItems>
</executionItem>
