<?xml version="1.0" encoding="UTF-8" standalone="no"?>
<executionItem endedUtc="1658165035866" executionErrorCount="0" executionStatus="Executed" executionWarningCount="0" failureCount="1" id="root:plans:POSYDATA:RSTK-9085-SYDATA-PO Receipt Reversal.testinstance:RSTK-9085-SYDATA-PO Receipt Reversal.testcase" iterationIndex="-1" skippedCount="0" startedUtc="1658165029791" successfulCount="0" testCasePath="D:\\provar\\Chandra Demo\\Parallel-Execution\\tests\\PO_SYDATA" testItemClass="ITestCase" title="RSTK-9085-SYDATA-PO Receipt Reversal.testcase">
  <testItemSummary/>
  <childItems>
    <executionItem endedUtc="1658165035772" executionErrorCount="0" executionStatus="Executed" executionWarningCount="0" failureCount="0" id="root:plans:POSYDATA:RSTK-9085-SYDATA-PO Receipt Reversal.testinstance:RSTK-9085-SYDATA-PO Receipt Reversal.testcase:1" iterationIndex="-1" skippedCount="0" startedUtc="1658165029823" successfulCount="1" testApiId="com.provar.plugins.forcedotcom.core.testapis.ApexConnect" testItemClass="IApiCall" title="Salesforce Connect: SFConnection (Test)">
      <childItems/>
      <logEntries>
        <logEntry id="1658165029838" messageType="General">Connecting to Salesforce as QARSF_Admin</logEntry>
        <logEntry id="1658165029838" logLevel="Debug" messageType="General">Connection details. Connection name: QARSF_Admin, result name: SFConnection, result scope: Test, urlString: sf:environment=PRERELEASE;apiLoginUrl=https://automationtesting2.my.salesforce.com;identityServiceUrl=https://login.salesforce.com/id/00D5f000005vwGkEAI/0055f000008Hn0WAAS;clientId={clientId};clientSecret={clientSecret};authenticationType=OAUTH;callbackUrl={callbackUrl};accessToken={accessToken};refreshToken={refreshToken}, environment: AutomationOrg, clientId: [supplied], clientSecret: [supplied], callBackUrl: [supplied], accessToken: [supplied], refreshToken: [supplied]</logEntry>
        <logEntry id="1658165029838" logLevel="Debug" messageType="General">Create object id log file.</logEntry>
        <logEntry id="1658165029838" logLevel="Trace" messageType="General">Absolute path: D:\\provar\\Chandra Demo\\Parallel-Execution\\ANT\\..\\ANT\\Results(12)\\Artifacts\\QARSF_Admin-objectids.log</logEntry>
        <logEntry id="1658165030891" logLevel="Debug" messageType="General">Access Token refreshed successfully.</logEntry>
        <logEntry id="1658165031849" messageType="Progress">Doing OAuth login: Calling Salesforce Indentity Service ... 0%</logEntry>
        <logEntry id="1658165032257" logLevel="Update" messageType="Progress">Doing OAuth login ... 50%</logEntry>
        <logEntry id="1658165033576" logLevel="Debug" messageType="General">Identity Service successful. ToolingEndpoint: https://automationtesting2.my.salesforce.com/services/Soap/T/53.0/00D5f000005vwGk, ToolingRestEndpoint: https://automationtesting2.my.salesforce.com/services/data/v53.0/tooling/, PartnerEndpoint: https://automationtesting2.my.salesforce.com/services/Soap/u/53.0/00D5f000005vwGk, MetadataEndpoint: https://automationtesting2.my.salesforce.com/services/Soap/m/53.0/00D5f000005vwGk, EnterpriseEndpoint: https://automationtesting2.my.salesforce.com/services/Soap/c/53.0/00D5f000005vwGk</logEntry>
        <logEntry id="1658165033576" logLevel="Debug" messageType="General">Opening Partner connection</logEntry>
        <logEntry id="1658165033576" logLevel="Trace" messageType="General">Connection configurations: userName: automation@rootstock.com,  password: [empty], securityToken: [empty], authEndpoint: https://automationtesting2.my.salesforce.com/services/Soap/u/53.0, serviceEndpoint: https://automationtesting2.my.salesforce.com/services/Soap/u/53.0/00D5f000005vwGk</logEntry>
        <logEntry id="1658165035772" logLevel="Debug" messageType="General">Opening SOAP connection</logEntry>
        <logEntry id="1658165035772" logLevel="Trace" messageType="General">Connection configurations: userName: automation@rootstock.com,  password: [empty], securityToken: [empty], authEndpoint: https://automationtesting2.my.salesforce.com/services/Soap/u/53.0, serviceEndpoint: https://automationtesting2.my.salesforce.com/services/Soap/u/53.0</logEntry>
        <logEntry id="1658165035772" logLevel="Debug" messageType="General">Opening Metadata connection</logEntry>
        <logEntry id="1658165035772" logLevel="Trace" messageType="General">Connection configurations: userName: null,  password: [empty], securityToken: [empty], authEndpoint: https://automationtesting2.my.salesforce.com/services/Soap/u/53.0, serviceEndpoint: https://automationtesting2.my.salesforce.com/services/Soap/m/53.0/00D5f000005vwGk</logEntry>
        <logEntry id="1658165035772" logLevel="Update" messageType="General">Successfully connected to Salesforce as QARSF_Admin</logEntry>
      </logEntries>
    </executionItem>
    <executionItem endedUtc="1658165035866" executionErrorCount="0" executionStatus="Executed" executionWarningCount="0" failureCount="1" id="root:plans:POSYDATA:RSTK-9085-SYDATA-PO Receipt Reversal.testinstance:RSTK-9085-SYDATA-PO Receipt Reversal.testcase:72" iterationIndex="-1" skippedCount="0" startedUtc="1658165035772" successfulCount="0" testApiId="com.provar.plugins.bundled.apis.control.StepGroup" testItemClass="IApiCall" title="Reading Excel Data">
      <childItems>
        <executionItem endedUtc="1658165035866" executionErrorCount="0" executionStatus="Executed" executionWarningCount="0" failureCount="1" id="root:plans:POSYDATA:RSTK-9085-SYDATA-PO Receipt Reversal.testinstance:RSTK-9085-SYDATA-PO Receipt Reversal.testcase:72:242" iterationIndex="-1" skippedCount="0" startedUtc="1658165035772" successfulCount="0" testClauseName="hidden" testItemClass="ITestClause" title="Steps">
          <childItems>
            <executionItem endedUtc="1658165035822" executionErrorCount="0" executionStatus="Executed" executionWarningCount="0" failureCount="0" id="root:plans:POSYDATA:RSTK-9085-SYDATA-PO Receipt Reversal.testinstance:RSTK-9085-SYDATA-PO Receipt Reversal.testcase:72:242:245" iterationIndex="-1" skippedCount="0" startedUtc="1658165035772" successfulCount="1" testItemClass="ITestCaseCall" title="Call ReadExcelPath">
              <childItems>
                <executionItem endedUtc="1658165035822" executionErrorCount="0" executionStatus="Executed" executionWarningCount="0" failureCount="0" id="root:plans:POSYDATA:RSTK-9085-SYDATA-PO Receipt Reversal.testinstance:RSTK-9085-SYDATA-PO Receipt Reversal.testcase:72:242:245:ReadExcelPath.testcase" iterationIndex="-1" skippedCount="0" startedUtc="1658165035772" successfulCount="1" testCasePath="D:\\provar\\Chandra Demo\\Parallel-Execution\\tests\\Purchase Order\\Callable" testItemClass="ITestCase" title="ReadExcelPath">
                  <testItemSummary/>
                  <childItems>
                    <executionItem endedUtc="1658165035772" executionErrorCount="0" executionStatus="Executed" executionWarningCount="0" failureCount="0" id="root:plans:POSYDATA:RSTK-9085-SYDATA-PO Receipt Reversal.testinstance:RSTK-9085-SYDATA-PO Receipt Reversal.testcase:72:242:245:ReadExcelPath.testcase:1" iterationIndex="-1" skippedCount="0" startedUtc="1658165035772" successfulCount="1" testApiId="com.provar.plugins.forcedotcom.core.testapis.ApexConnect" testItemClass="IApiCall" title="Salesforce Connect: SFConnection (Test)">
                      <childItems/>
                      <logEntries>
                        <logEntry id="1658165035772" messageType="General">Connecting to Salesforce as QARSF_Admin</logEntry>
                        <logEntry id="1658165035772" logLevel="Update" messageType="General">Re-using existing connection. Connection: QARSF_Admin, Result Name: SFConnection</logEntry>
                      </logEntries>
                    </executionItem>
                    <executionItem endedUtc="1658165035804" executionErrorCount="0" executionStatus="Executed" executionWarningCount="0" failureCount="0" id="root:plans:POSYDATA:RSTK-9085-SYDATA-PO Receipt Reversal.testinstance:RSTK-9085-SYDATA-PO Receipt Reversal.testcase:72:242:245:ReadExcelPath.testcase:118" iterationIndex="-1" skippedCount="0" startedUtc="1658165035772" successfulCount="1" testApiId="com.provar.plugins.bundled.apis.If" testItemClass="IApiCall" title="If: {GetSelectedEnvironment() = &quot;QARSF&quot;}">
                      <childItems>
                        <executionItem endedUtc="0" executionErrorCount="0" executionWarningCount="0" failureCount="0" id="root:plans:POSYDATA:RSTK-9085-SYDATA-PO Receipt Reversal.testinstance:RSTK-9085-SYDATA-PO Receipt Reversal.testcase:72:242:245:ReadExcelPath.testcase:118:119" iterationIndex="-1" skippedCount="0" startedUtc="0" successfulCount="0" testClauseName="then" testItemClass="ITestClause" title="Then">
                          <childItems>
                            <executionItem endedUtc="0" executionErrorCount="0" executionWarningCount="0" failureCount="0" id="root:plans:POSYDATA:RSTK-9085-SYDATA-PO Receipt Reversal.testinstance:RSTK-9085-SYDATA-PO Receipt Reversal.testcase:72:242:245:ReadExcelPath.testcase:118:119:139" iterationIndex="-1" skippedCount="0" startedUtc="0" successfulCount="0" testApiId="com.provar.plugins.bundled.apis.control.SetValues" testItemClass="IApiCall" title="Set Values: poui">
                              <childItems/>
                            </executionItem>
                            <executionItem endedUtc="0" executionErrorCount="0" executionWarningCount="0" failureCount="0" id="root:plans:POSYDATA:RSTK-9085-SYDATA-PO Receipt Reversal.testinstance:RSTK-9085-SYDATA-PO Receipt Reversal.testcase:72:242:245:ReadExcelPath.testcase:118:119:120" iterationIndex="-1" skippedCount="0" startedUtc="0" successfulCount="0" testApiId="com.provar.plugins.bundled.apis.control.SetValues" testItemClass="IApiCall" title="Set Values: financial">
                              <childItems/>
                            </executionItem>
                            <executionItem endedUtc="0" executionErrorCount="0" executionWarningCount="0" failureCount="0" id="root:plans:POSYDATA:RSTK-9085-SYDATA-PO Receipt Reversal.testinstance:RSTK-9085-SYDATA-PO Receipt Reversal.testcase:72:242:245:ReadExcelPath.testcase:118:119:138" iterationIndex="-1" skippedCount="0" startedUtc="0" successfulCount="0" testApiId="com.provar.plugins.bundled.apis.control.SetValues" testItemClass="IApiCall" title="Set Values: posydata1">
                              <childItems/>
                            </executionItem>
                            <executionItem endedUtc="0" executionErrorCount="0" executionWarningCount="0" failureCount="0" id="root:plans:POSYDATA:RSTK-9085-SYDATA-PO Receipt Reversal.testinstance:RSTK-9085-SYDATA-PO Receipt Reversal.testcase:72:242:245:ReadExcelPath.testcase:118:119:134" iterationIndex="-1" skippedCount="0" startedUtc="0" successfulCount="0" testApiId="com.provar.plugins.bundled.apis.control.SetValues" testItemClass="IApiCall" title="Set Values: posydata">
                              <childItems/>
                            </executionItem>
                            <executionItem endedUtc="0" executionErrorCount="0" executionWarningCount="0" failureCount="0" id="root:plans:POSYDATA:RSTK-9085-SYDATA-PO Receipt Reversal.testinstance:RSTK-9085-SYDATA-PO Receipt Reversal.testcase:72:242:245:ReadExcelPath.testcase:118:119:125" iterationIndex="-1" skippedCount="0" startedUtc="0" successfulCount="0" testApiId="com.provar.plugins.bundled.apis.control.SetValues" testItemClass="IApiCall" title="Set Values: poloader">
                              <childItems/>
                            </executionItem>
                          </childItems>
                        </executionItem>
                        <executionItem endedUtc="1658165035804" executionErrorCount="0" executionStatus="Executed" executionWarningCount="0" failureCount="0" id="root:plans:POSYDATA:RSTK-9085-SYDATA-PO Receipt Reversal.testinstance:RSTK-9085-SYDATA-PO Receipt Reversal.testcase:72:242:245:ReadExcelPath.testcase:118:129" iterationIndex="-1" skippedCount="0" startedUtc="1658165035788" successfulCount="1" testClauseName="else" testItemClass="ITestClause" title="Else">
                          <childItems>
                            <executionItem endedUtc="1658165035804" executionErrorCount="0" executionStatus="Executed" executionWarningCount="0" failureCount="0" id="root:plans:POSYDATA:RSTK-9085-SYDATA-PO Receipt Reversal.testinstance:RSTK-9085-SYDATA-PO Receipt Reversal.testcase:72:242:245:ReadExcelPath.testcase:118:129:116" iterationIndex="-1" skippedCount="0" startedUtc="1658165035788" successfulCount="1" testApiId="com.provar.plugins.bundled.apis.If" testItemClass="IApiCall" title="If: {GetSelectedEnvironment() = &quot;AutomationOrg&quot;}">
                              <childItems>
                                <executionItem endedUtc="1658165035804" executionErrorCount="0" executionStatus="Executed" executionWarningCount="0" failureCount="0" id="root:plans:POSYDATA:RSTK-9085-SYDATA-PO Receipt Reversal.testinstance:RSTK-9085-SYDATA-PO Receipt Reversal.testcase:72:242:245:ReadExcelPath.testcase:118:129:116:115" iterationIndex="-1" skippedCount="0" startedUtc="1658165035788" successfulCount="1" testClauseName="then" testItemClass="ITestClause" title="Then">
                                  <childItems>
                                    <executionItem endedUtc="1658165035788" executionErrorCount="0" executionStatus="Executed" executionWarningCount="0" failureCount="0" id="root:plans:POSYDATA:RSTK-9085-SYDATA-PO Receipt Reversal.testinstance:RSTK-9085-SYDATA-PO Receipt Reversal.testcase:72:242:245:ReadExcelPath.testcase:118:129:116:115:140" iterationIndex="-1" skippedCount="0" startedUtc="1658165035788" successfulCount="1" testApiId="com.provar.plugins.bundled.apis.control.SetValues" testItemClass="IApiCall" title="Set Values: financial">
                                      <childItems/>
                                      <logEntries>
                                        <logEntry id="1658165035788" messageType="General">Setting value financial to templates/AutomationOrg/FinancialData_AutomationOrg.xlsx</logEntry>
                                        <logEntry id="1658165035788" logLevel="Debug" messageType="General">Configuration: ValueScope:Test</logEntry>
                                        <logEntry id="1658165035788" logLevel="Update" messageType="General">Successfully set financial to templates/AutomationOrg/FinancialData_AutomationOrg.xlsx</logEntry>
                                      </logEntries>
                                    </executionItem>
                                    <executionItem endedUtc="1658165035788" executionErrorCount="0" executionStatus="Executed" executionWarningCount="0" failureCount="0" id="root:plans:POSYDATA:RSTK-9085-SYDATA-PO Receipt Reversal.testinstance:RSTK-9085-SYDATA-PO Receipt Reversal.testcase:72:242:245:ReadExcelPath.testcase:118:129:116:115:137" iterationIndex="-1" skippedCount="0" startedUtc="1658165035788" successfulCount="1" testApiId="com.provar.plugins.bundled.apis.control.SetValues" testItemClass="IApiCall" title="Set Values: posydata1">
                                      <childItems/>
                                      <logEntries>
                                        <logEntry id="1658165035788" messageType="General">Setting value posydata1 to templates/AutomationOrg/POSYDATA-AutomationOrg.xlsx</logEntry>
                                        <logEntry id="1658165035788" logLevel="Debug" messageType="General">Configuration: ValueScope:Test</logEntry>
                                        <logEntry id="1658165035788" logLevel="Update" messageType="General">Successfully set posydata1 to templates/AutomationOrg/POSYDATA-AutomationOrg.xlsx</logEntry>
                                      </logEntries>
                                    </executionItem>
                                    <executionItem endedUtc="1658165035788" executionErrorCount="0" executionStatus="Executed" executionWarningCount="0" failureCount="0" id="root:plans:POSYDATA:RSTK-9085-SYDATA-PO Receipt Reversal.testinstance:RSTK-9085-SYDATA-PO Receipt Reversal.testcase:72:242:245:ReadExcelPath.testcase:118:129:116:115:133" iterationIndex="-1" skippedCount="0" startedUtc="1658165035788" successfulCount="1" testApiId="com.provar.plugins.bundled.apis.control.SetValues" testItemClass="IApiCall" title="Set Values: posydata">
                                      <childItems/>
                                      <logEntries>
                                        <logEntry id="1658165035788" messageType="General">Setting value posydata to templates/AutomationOrg/SYDATA-POtoPOAP Match_AutomationOrg.xlsx</logEntry>
                                        <logEntry id="1658165035788" logLevel="Debug" messageType="General">Configuration: ValueScope:Test</logEntry>
                                        <logEntry id="1658165035788" logLevel="Update" messageType="General">Successfully set posydata to templates/AutomationOrg/SYDATA-POtoPOAP Match_AutomationOrg.xlsx</logEntry>
                                      </logEntries>
                                    </executionItem>
                                    <executionItem endedUtc="1658165035804" executionErrorCount="0" executionStatus="Executed" executionWarningCount="0" failureCount="0" id="root:plans:POSYDATA:RSTK-9085-SYDATA-PO Receipt Reversal.testinstance:RSTK-9085-SYDATA-PO Receipt Reversal.testcase:72:242:245:ReadExcelPath.testcase:118:129:116:115:135" iterationIndex="-1" skippedCount="0" startedUtc="1658165035788" successfulCount="1" testApiId="com.provar.plugins.bundled.apis.control.SetValues" testItemClass="IApiCall" title="Set Values: poloader">
                                      <childItems/>
                                      <logEntries>
                                        <logEntry id="1658165035804" messageType="General">Setting value poloader to templates/AutomationOrg/POLoader_AutomationOrg.xlsx</logEntry>
                                        <logEntry id="1658165035804" logLevel="Debug" messageType="General">Configuration: ValueScope:Test</logEntry>
                                        <logEntry id="1658165035804" logLevel="Update" messageType="General">Successfully set poloader to templates/AutomationOrg/POLoader_AutomationOrg.xlsx</logEntry>
                                      </logEntries>
                                    </executionItem>
                                    <executionItem endedUtc="1658165035804" executionErrorCount="0" executionStatus="Executed" executionWarningCount="0" failureCount="0" id="root:plans:POSYDATA:RSTK-9085-SYDATA-PO Receipt Reversal.testinstance:RSTK-9085-SYDATA-PO Receipt Reversal.testcase:72:242:245:ReadExcelPath.testcase:118:129:116:115:143" iterationIndex="-1" skippedCount="0" startedUtc="1658165035804" successfulCount="1" testApiId="com.provar.plugins.bundled.apis.control.SetValues" testItemClass="IApiCall" title="Set Values: reqpay">
                                      <childItems/>
                                      <logEntries>
                                        <logEntry id="1658165035804" messageType="General">Setting value reqpay to templates/AutomationOrg/ReqtoPayment.xlsx</logEntry>
                                        <logEntry id="1658165035804" logLevel="Debug" messageType="General">Configuration: ValueScope:Test</logEntry>
                                        <logEntry id="1658165035804" logLevel="Update" messageType="General">Successfully set reqpay to templates/AutomationOrg/ReqtoPayment.xlsx</logEntry>
                                      </logEntries>
                                    </executionItem>
                                    <executionItem endedUtc="1658165035804" executionErrorCount="0" executionStatus="Executed" executionWarningCount="0" failureCount="0" id="root:plans:POSYDATA:RSTK-9085-SYDATA-PO Receipt Reversal.testinstance:RSTK-9085-SYDATA-PO Receipt Reversal.testcase:72:242:245:ReadExcelPath.testcase:118:129:116:115:96" iterationIndex="-1" skippedCount="0" startedUtc="1658165035804" successfulCount="1" testApiId="com.provar.plugins.bundled.apis.control.SetValues" testItemClass="IApiCall" title="Set Values: poui">
                                      <childItems/>
                                      <logEntries>
                                        <logEntry id="1658165035804" messageType="General">Setting value poui to templates/AutomationOrg/POData_AutomationOrg.xlsx</logEntry>
                                        <logEntry id="1658165035804" logLevel="Debug" messageType="General">Configuration: ValueScope:Test</logEntry>
                                        <logEntry id="1658165035804" logLevel="Update" messageType="General">Successfully set poui to templates/AutomationOrg/POData_AutomationOrg.xlsx</logEntry>
                                      </logEntries>
                                    </executionItem>
                                  </childItems>
                                </executionItem>
                              </childItems>
                            </executionItem>
                          </childItems>
                        </executionItem>
                      </childItems>
                    </executionItem>
                    <executionItem endedUtc="1658165035804" executionErrorCount="0" executionStatus="Executed" executionWarningCount="0" failureCount="0" id="root:plans:POSYDATA:RSTK-9085-SYDATA-PO Receipt Reversal.testinstance:RSTK-9085-SYDATA-PO Receipt Reversal.testcase:72:242:245:ReadExcelPath.testcase:142" iterationIndex="-1" skippedCount="0" startedUtc="1658165035804" successfulCount="1" testApiId="com.provar.plugins.bundled.apis.control.SetValues" testItemClass="IApiCall" title="Set Values: pouipath">
                      <childItems/>
                      <logEntries>
                        <logEntry id="1658165035804" messageType="General">Setting value pouipath to templates/AutomationOrg/POData_AutomationOrg.xlsx</logEntry>
                        <logEntry id="1658165035804" logLevel="Debug" messageType="General">Configuration: ValueScope:Test</logEntry>
                        <logEntry id="1658165035804" logLevel="Update" messageType="General">Successfully set pouipath to templates/AutomationOrg/POData_AutomationOrg.xlsx</logEntry>
                      </logEntries>
                    </executionItem>
                    <executionItem endedUtc="1658165035804" executionErrorCount="0" executionStatus="Executed" executionWarningCount="0" failureCount="0" id="root:plans:POSYDATA:RSTK-9085-SYDATA-PO Receipt Reversal.testinstance:RSTK-9085-SYDATA-PO Receipt Reversal.testcase:72:242:245:ReadExcelPath.testcase:141" iterationIndex="-1" skippedCount="0" startedUtc="1658165035804" successfulCount="1" testApiId="com.provar.plugins.bundled.apis.control.SetValues" testItemClass="IApiCall" title="Set Values: posydatapath1">
                      <childItems/>
                      <logEntries>
                        <logEntry id="1658165035804" messageType="General">Setting value posydatapath1 to templates/AutomationOrg/POSYDATA-AutomationOrg.xlsx</logEntry>
                        <logEntry id="1658165035804" logLevel="Debug" messageType="General">Configuration: ValueScope:Test</logEntry>
                        <logEntry id="1658165035804" logLevel="Update" messageType="General">Successfully set posydatapath1 to templates/AutomationOrg/POSYDATA-AutomationOrg.xlsx</logEntry>
                      </logEntries>
                    </executionItem>
                    <executionItem endedUtc="1658165035819" executionErrorCount="0" executionStatus="Executed" executionWarningCount="0" failureCount="0" id="root:plans:POSYDATA:RSTK-9085-SYDATA-PO Receipt Reversal.testinstance:RSTK-9085-SYDATA-PO Receipt Reversal.testcase:72:242:245:ReadExcelPath.testcase:127" iterationIndex="-1" skippedCount="0" startedUtc="1658165035804" successfulCount="1" testApiId="com.provar.plugins.bundled.apis.control.SetValues" testItemClass="IApiCall" title="Set Values: finpath">
                      <childItems/>
                      <logEntries>
                        <logEntry id="1658165035819" messageType="General">Setting value finpath to templates/AutomationOrg/FinancialData_AutomationOrg.xlsx</logEntry>
                        <logEntry id="1658165035819" logLevel="Debug" messageType="General">Configuration: ValueScope:Test</logEntry>
                        <logEntry id="1658165035819" logLevel="Update" messageType="General">Successfully set finpath to templates/AutomationOrg/FinancialData_AutomationOrg.xlsx</logEntry>
                      </logEntries>
                    </executionItem>
                    <executionItem endedUtc="1658165035822" executionErrorCount="0" executionStatus="Executed" executionWarningCount="0" failureCount="0" id="root:plans:POSYDATA:RSTK-9085-SYDATA-PO Receipt Reversal.testinstance:RSTK-9085-SYDATA-PO Receipt Reversal.testcase:72:242:245:ReadExcelPath.testcase:136" iterationIndex="-1" skippedCount="0" startedUtc="1658165035819" successfulCount="1" testApiId="com.provar.plugins.bundled.apis.control.SetValues" testItemClass="IApiCall" title="Set Values: poloaderpath">
                      <childItems/>
                      <logEntries>
                        <logEntry id="1658165035822" messageType="General">Setting value poloaderpath to templates/AutomationOrg/POLoader_AutomationOrg.xlsx</logEntry>
                        <logEntry id="1658165035822" logLevel="Debug" messageType="General">Configuration: ValueScope:Test</logEntry>
                        <logEntry id="1658165035822" logLevel="Update" messageType="General">Successfully set poloaderpath to templates/AutomationOrg/POLoader_AutomationOrg.xlsx</logEntry>
                      </logEntries>
                    </executionItem>
                    <executionItem endedUtc="1658165035822" executionErrorCount="0" executionStatus="Executed" executionWarningCount="0" failureCount="0" id="root:plans:POSYDATA:RSTK-9085-SYDATA-PO Receipt Reversal.testinstance:RSTK-9085-SYDATA-PO Receipt Reversal.testcase:72:242:245:ReadExcelPath.testcase:144" iterationIndex="-1" skippedCount="0" startedUtc="1658165035822" successfulCount="1" testApiId="com.provar.plugins.bundled.apis.control.SetValues" testItemClass="IApiCall" title="Set Values: posydatapath">
                      <childItems/>
                      <logEntries>
                        <logEntry id="1658165035822" messageType="General">Setting value posydatapath to templates/AutomationOrg/SYDATA-POtoPOAP Match_AutomationOrg.xlsx</logEntry>
                        <logEntry id="1658165035822" logLevel="Debug" messageType="General">Configuration: ValueScope:Test</logEntry>
                        <logEntry id="1658165035822" logLevel="Update" messageType="General">Successfully set posydatapath to templates/AutomationOrg/SYDATA-POtoPOAP Match_AutomationOrg.xlsx</logEntry>
                      </logEntries>
                    </executionItem>
                    <executionItem endedUtc="1658165035822" executionErrorCount="0" executionStatus="Executed" executionWarningCount="0" failureCount="0" id="root:plans:POSYDATA:RSTK-9085-SYDATA-PO Receipt Reversal.testinstance:RSTK-9085-SYDATA-PO Receipt Reversal.testcase:72:242:245:ReadExcelPath.testcase:124" iterationIndex="-1" skippedCount="0" startedUtc="1658165035822" successfulCount="1" testApiId="com.provar.plugins.bundled.apis.control.SetValues" testItemClass="IApiCall" title="Set Values: reqpaypath">
                      <childItems/>
                      <logEntries>
                        <logEntry id="1658165035822" messageType="General">Setting value reqpaypath to templates/AutomationOrg/ReqtoPayment.xlsx</logEntry>
                        <logEntry id="1658165035822" logLevel="Debug" messageType="General">Configuration: ValueScope:Test</logEntry>
                        <logEntry id="1658165035822" logLevel="Update" messageType="General">Successfully set reqpaypath to templates/AutomationOrg/ReqtoPayment.xlsx</logEntry>
                      </logEntries>
                    </executionItem>
                  </childItems>
                </executionItem>
              </childItems>
              <logEntries>
                <logEntry id="1658165035822" messageType="General">Handling managed resource.  Name: SFConnection</logEntry>
                <logEntry id="1658165035822" logLevel="Debug" messageType="General">Not closing Salesforce Connection because it is still being used.  Name: SFConnection</logEntry>
                <logEntry id="1658165035822" logLevel="Update" messageType="General">Salesforce Connection handled successfully.  Name: SFConnection</logEntry>
              </logEntries>
            </executionItem>
            <executionItem endedUtc="0" executionErrorCount="0" executionStatus="Executed" executionWarningCount="0" failureCount="0" id="root:plans:POSYDATA:RSTK-9085-SYDATA-PO Receipt Reversal.testinstance:RSTK-9085-SYDATA-PO Receipt Reversal.testcase:72:242:73" iterationIndex="-1" skippedCount="1" startedUtc="1658165035822" successfulCount="0" testApiId="com.provar.plugins.bundled.apis.control.StepGroup" testItemClass="IApiCall" title="Read Data for POReceipt">
              <childItems>
                <executionItem endedUtc="0" executionErrorCount="0" executionWarningCount="0" failureCount="0" id="root:plans:POSYDATA:RSTK-9085-SYDATA-PO Receipt Reversal.testinstance:RSTK-9085-SYDATA-PO Receipt Reversal.testcase:72:242:73:74" iterationIndex="-1" skippedCount="0" startedUtc="0" successfulCount="0" testClauseName="hidden" testItemClass="ITestClause" title="Steps">
                  <childItems/>
                </executionItem>
              </childItems>
            </executionItem>
            <executionItem endedUtc="1658165035866" executionErrorCount="0" executionStatus="Executed" executionWarningCount="0" failureCount="1" id="root:plans:POSYDATA:RSTK-9085-SYDATA-PO Receipt Reversal.testinstance:RSTK-9085-SYDATA-PO Receipt Reversal.testcase:72:242:54" iterationIndex="-1" skippedCount="0" startedUtc="1658165035822" successfulCount="0" testApiId="com.provar.plugins.bundled.apis.control.StepGroup" testItemClass="IApiCall" title="Read Data for POReceipt Reversal">
              <childItems>
                <executionItem endedUtc="0" executionErrorCount="0" executionWarningCount="0" failureCount="0" id="root:plans:POSYDATA:RSTK-9085-SYDATA-PO Receipt Reversal.testinstance:RSTK-9085-SYDATA-PO Receipt Reversal.testcase:72:242:54:53" iterationIndex="-1" skippedCount="0" startedUtc="0" successfulCount="0" testClauseName="hidden" testItemClass="ITestClause" title="Steps">
                  <childItems/>
                </executionItem>
              </childItems>
              <logEntries>
                <logEntry id="1658165035822" messageType="ParameterValueSource">Loading data from Parameter Value Source ...</logEntry>
                <logEntry id="1658165035851" messageType="General">Loading Parameter Value Source row 1:</logEntry>
                <logEntry id="1658165035851" messageType="General">==Column=&gt; Process = PrimitiveValueImpl [ value: Ready, valueId=null, createdUpdateSeq=-1, updatedUpdateSeq=-1]</logEntry>
                <logEntry id="1658165035851" messageType="General">==Column=&gt; Name = PrimitiveValueImpl [ value: NPAutomation_Testing, valueId=null, createdUpdateSeq=-1, updatedUpdateSeq=-1]</logEntry>
                <logEntry id="1658165035851" messageType="General">==Column=&gt; Division = PrimitiveValueImpl [ value: a8d5f0000004JbG, valueId=null, createdUpdateSeq=-1, updatedUpdateSeq=-1]</logEntry>
                <logEntry id="1658165035866" messageType="General">==Column=&gt; Vendor = PrimitiveValueImpl [ value: a4X5f000000tkbm, valueId=null, createdUpdateSeq=-1, updatedUpdateSeq=-1]</logEntry>
                <logEntry id="1658165035866" messageType="General">Loading Parameter Value Source row 2:</logEntry>
                <logEntry id="1658165035866" messageType="General">==Column=&gt; Process = PrimitiveValueImpl [ value: Ready, valueId=null, createdUpdateSeq=-1, updatedUpdateSeq=-1]</logEntry>
                <logEntry id="1658165035866" messageType="General">==Column=&gt; Name = PrimitiveValueImpl [ value: NPAutomation_Testing, valueId=null, createdUpdateSeq=-1, updatedUpdateSeq=-1]</logEntry>
                <logEntry id="1658165035866" messageType="General">==Column=&gt; Division = PrimitiveValueImpl [ value: a8d5f0000004JbG, valueId=null, createdUpdateSeq=-1, updatedUpdateSeq=-1]</logEntry>
                <logEntry id="1658165035866" messageType="General">==Column=&gt; Vendor = PrimitiveValueImpl [ value: a4X5f000000tkbw, valueId=null, createdUpdateSeq=-1, updatedUpdateSeq=-1]</logEntry>
                <logEntry id="1658165035866" logLevel="Update" messageType="General">Loaded 2 rows from Parameter Value Source.</logEntry>
                <logEntry id="1658165035866" messageType="ParameterValueSource">Loading data from Parameter Value Source ...</logEntry>
                <logEntry id="1658165035866" logLevel="Update" messageType="General">Loaded 0 rows from Parameter Value Source.</logEntry>
                <logEntry id="1658165035866" logLevel="Error" messageType="General">The excel file doesn't exist. Please check file location &amp; filename is correct.  Path: templates/AutomationOrg/POSYDATA-AutomationOrg.xlsx, Absolute Path: D:\\provar\\Chandra Demo\\Parallel-Execution\\templates\\AutomationOrg\\POSYDATA-AutomationOrg.xlsx.</logEntry>
              </logEntries>
            </executionItem>
          </childItems>
        </executionItem>
      </childItems>
    </executionItem>
    <executionItem endedUtc="0" executionErrorCount="0" executionStatus="Executed" executionWarningCount="0" failureCount="0" id="root:plans:POSYDATA:RSTK-9085-SYDATA-PO Receipt Reversal.testinstance:RSTK-9085-SYDATA-PO Receipt Reversal.testcase:82" iterationIndex="-1" skippedCount="1" startedUtc="1658165035866" successfulCount="0" testApiId="com.provar.plugins.bundled.apis.control.ForEach" testItemClass="IApiCall" title="For Each: {AddPOCreationData}=&gt;podata">
      <childItems/>
    </executionItem>
    <executionItem endedUtc="0" executionErrorCount="0" executionStatus="Executed" executionWarningCount="0" failureCount="0" id="root:plans:POSYDATA:RSTK-9085-SYDATA-PO Receipt Reversal.testinstance:RSTK-9085-SYDATA-PO Receipt Reversal.testcase:68" iterationIndex="-1" skippedCount="1" startedUtc="1658165035866" successfulCount="0" testApiId="com.provar.plugins.bundled.apis.control.StepGroup" testItemClass="IApiCall" title="PO and PO Line Verification">
      <childItems>
        <executionItem endedUtc="0" executionErrorCount="0" executionWarningCount="0" failureCount="0" id="root:plans:POSYDATA:RSTK-9085-SYDATA-PO Receipt Reversal.testinstance:RSTK-9085-SYDATA-PO Receipt Reversal.testcase:68:69" iterationIndex="-1" skippedCount="0" startedUtc="0" successfulCount="0" testClauseName="hidden" testItemClass="ITestClause" title="Steps">
          <childItems>
            <executionItem endedUtc="0" executionErrorCount="0" executionWarningCount="0" failureCount="0" id="root:plans:POSYDATA:RSTK-9085-SYDATA-PO Receipt Reversal.testinstance:RSTK-9085-SYDATA-PO Receipt Reversal.testcase:68:69:59" iterationIndex="-1" skippedCount="0" startedUtc="0" successfulCount="0" testApiId="com.provar.plugins.forcedotcom.core.testapis.ApexSoqlQuery" testItemClass="IApiCall" title="SOQL Query: select Id,rstk__pohdr_ordsts__c,CreatedDate from rstk__pohdr__c where Id ='{POHDRID}'=&gt;pohdr">
              <childItems/>
            </executionItem>
            <executionItem endedUtc="0" executionErrorCount="0" executionWarningCount="0" failureCount="0" id="root:plans:POSYDATA:RSTK-9085-SYDATA-PO Receipt Reversal.testinstance:RSTK-9085-SYDATA-PO Receipt Reversal.testcase:68:69:60" iterationIndex="-1" skippedCount="0" startedUtc="0" successfulCount="0" testApiId="com.provar.plugins.forcedotcom.core.testapis.ApexSoqlQuery" testItemClass="IApiCall" title="SOQL Query: select Id,rstk__poline_ordno__c,rstk__formula_qtyrcvd__c, rstk__poline_ordsts__c,rstk__poline_qtyacc__c from rstk__poline__c where rstk__poline_ordno__c ='{POHDRID}'=&gt;poline">
              <childItems/>
            </executionItem>
            <executionItem endedUtc="0" executionErrorCount="0" executionWarningCount="0" failureCount="0" id="root:plans:POSYDATA:RSTK-9085-SYDATA-PO Receipt Reversal.testinstance:RSTK-9085-SYDATA-PO Receipt Reversal.testcase:68:69:61" iterationIndex="-1" skippedCount="0" startedUtc="0" successfulCount="0" testApiId="com.provar.plugins.bundled.apis.AssertValues" testItemClass="IApiCall" title="Assert: 5-Vendor Notified EqualTo {pohdr.rstk__pohdr_ordsts__c}">
              <childItems/>
            </executionItem>
            <executionItem endedUtc="0" executionErrorCount="0" executionWarningCount="0" failureCount="0" id="root:plans:POSYDATA:RSTK-9085-SYDATA-PO Receipt Reversal.testinstance:RSTK-9085-SYDATA-PO Receipt Reversal.testcase:68:69:70" iterationIndex="-1" skippedCount="0" startedUtc="0" successfulCount="0" testApiId="com.provar.plugins.bundled.apis.control.SetValues" testItemClass="IApiCall" title="Set Values: POCreatedDate">
              <childItems/>
            </executionItem>
            <executionItem endedUtc="0" executionErrorCount="0" executionWarningCount="0" failureCount="0" id="root:plans:POSYDATA:RSTK-9085-SYDATA-PO Receipt Reversal.testinstance:RSTK-9085-SYDATA-PO Receipt Reversal.testcase:68:69:62" iterationIndex="-1" skippedCount="0" startedUtc="0" successfulCount="0" testApiId="com.provar.plugins.bundled.apis.control.SetValues" testItemClass="IApiCall" title="Set Values: rownum">
              <childItems/>
            </executionItem>
            <executionItem endedUtc="0" executionErrorCount="0" executionWarningCount="0" failureCount="0" id="root:plans:POSYDATA:RSTK-9085-SYDATA-PO Receipt Reversal.testinstance:RSTK-9085-SYDATA-PO Receipt Reversal.testcase:68:69:63" iterationIndex="-1" skippedCount="0" startedUtc="0" successfulCount="0" testApiId="com.provar.plugins.bundled.apis.control.ForEach" testItemClass="IApiCall" title="For Each: {poline}=&gt;lineiteration">
              <childItems/>
            </executionItem>
          </childItems>
        </executionItem>
      </childItems>
    </executionItem>
  </childItems>
</executionItem>
