<?xml version="1.0" encoding="UTF-8" standalone="no"?>
<executionItem endedUtc="1656432659916" executionErrorCount="0" executionStatus="Executed" executionWarningCount="0" failureCount="0" id="root:plans:Shop_Floor:RSTK-9676-CRUD operation on Routing Master.testinstance:RSTK-9676-CRUD operation on Routing Master.testcase" iterationIndex="-1" skippedCount="0" startedUtc="1656432586886" successfulCount="1" testCasePath="D:\\provar\\EventDemo\\Parallel-Execution\\tests\\Shop Floor" testItemClass="ITestCase" title="RSTK-9676-CRUD operation on Routing Master.testcase">
  <testItemSummary/>
  <childItems>
    <executionItem endedUtc="1656432593403" executionErrorCount="0" executionStatus="Executed" executionWarningCount="0" failureCount="0" id="root:plans:Shop_Floor:RSTK-9676-CRUD operation on Routing Master.testinstance:RSTK-9676-CRUD operation on Routing Master.testcase:1" iterationIndex="-1" skippedCount="0" startedUtc="1656432586901" successfulCount="1" testApiId="com.provar.plugins.forcedotcom.core.testapis.ApexConnect" testItemClass="IApiCall" title="Salesforce Connect: SFConnection (Test)">
      <childItems/>
      <logEntries>
        <logEntry id="1656432586964" messageType="General">Connecting to Salesforce as QARSF_Admin</logEntry>
        <logEntry id="1656432586979" logLevel="Debug" messageType="General">Connection details. Connection name: QARSF_Admin, result name: SFConnection, result scope: Test, urlString: sf:environment=PRERELEASE;apiLoginUrl=https://automationtesting2.my.salesforce.com;identityServiceUrl=https://login.salesforce.com/id/00D5f000005vwGkEAI/0055f000008Hn0WAAS;clientId={clientId};clientSecret={clientSecret};authenticationType=OAUTH;callbackUrl={callbackUrl};accessToken={accessToken};refreshToken={refreshToken}, environment: AutomationOrg, clientId: [supplied], clientSecret: [supplied], callBackUrl: [supplied], accessToken: [supplied], refreshToken: [supplied]</logEntry>
        <logEntry id="1656432586982" logLevel="Debug" messageType="General">Create object id log file.</logEntry>
        <logEntry id="1656432586982" logLevel="Trace" messageType="General">Absolute path: D:\\provar\\EventDemo\\Parallel-Execution\\ANT\\..\\ANT\\Results(15)\\Artifacts\\QARSF_Admin-objectids.log</logEntry>
        <logEntry id="1656432588363" logLevel="Debug" messageType="General">Access Token refreshed successfully.</logEntry>
        <logEntry id="1656432588991" messageType="Progress">Doing OAuth login: Calling Salesforce Indentity Service ... 0%</logEntry>
        <logEntry id="1656432589808" logLevel="Update" messageType="Progress">Doing OAuth login ... 50%</logEntry>
        <logEntry id="1656432591236" logLevel="Debug" messageType="General">Identity Service successful. ToolingEndpoint: https://automationtesting2.my.salesforce.com/services/Soap/T/53.0/00D5f000005vwGk, ToolingRestEndpoint: https://automationtesting2.my.salesforce.com/services/data/v53.0/tooling/, PartnerEndpoint: https://automationtesting2.my.salesforce.com/services/Soap/u/53.0/00D5f000005vwGk, MetadataEndpoint: https://automationtesting2.my.salesforce.com/services/Soap/m/53.0/00D5f000005vwGk, EnterpriseEndpoint: https://automationtesting2.my.salesforce.com/services/Soap/c/53.0/00D5f000005vwGk</logEntry>
        <logEntry id="1656432591236" logLevel="Debug" messageType="General">Opening Partner connection</logEntry>
        <logEntry id="1656432591236" logLevel="Trace" messageType="General">Connection configurations: userName: automation@rootstock.com,  password: [empty], securityToken: [empty], authEndpoint: https://automationtesting2.my.salesforce.com/services/Soap/u/53.0, serviceEndpoint: https://automationtesting2.my.salesforce.com/services/Soap/u/53.0/00D5f000005vwGk</logEntry>
        <logEntry id="1656432593371" logLevel="Debug" messageType="General">Opening SOAP connection</logEntry>
        <logEntry id="1656432593371" logLevel="Trace" messageType="General">Connection configurations: userName: automation@rootstock.com,  password: [empty], securityToken: [empty], authEndpoint: https://automationtesting2.my.salesforce.com/services/Soap/u/53.0, serviceEndpoint: https://automationtesting2.my.salesforce.com/services/Soap/u/53.0</logEntry>
        <logEntry id="1656432593387" logLevel="Debug" messageType="General">Opening Metadata connection</logEntry>
        <logEntry id="1656432593387" logLevel="Trace" messageType="General">Connection configurations: userName: null,  password: [empty], securityToken: [empty], authEndpoint: https://automationtesting2.my.salesforce.com/services/Soap/u/53.0, serviceEndpoint: https://automationtesting2.my.salesforce.com/services/Soap/m/53.0/00D5f000005vwGk</logEntry>
        <logEntry id="1656432593403" logLevel="Update" messageType="General">Successfully connected to Salesforce as QARSF_Admin</logEntry>
      </logEntries>
    </executionItem>
    <executionItem endedUtc="1656432593968" executionErrorCount="0" executionStatus="Executed" executionWarningCount="0" failureCount="0" id="root:plans:Shop_Floor:RSTK-9676-CRUD operation on Routing Master.testinstance:RSTK-9676-CRUD operation on Routing Master.testcase:54" iterationIndex="-1" skippedCount="0" startedUtc="1656432593403" successfulCount="1" testApiId="com.provar.plugins.bundled.apis.If" testItemClass="IApiCall" title="If: {GetSelectedEnvironment() = &quot;PDE5&quot;}">
      <childItems>
        <executionItem endedUtc="0" executionErrorCount="0" executionWarningCount="0" failureCount="0" id="root:plans:Shop_Floor:RSTK-9676-CRUD operation on Routing Master.testinstance:RSTK-9676-CRUD operation on Routing Master.testcase:54:905" iterationIndex="-1" skippedCount="0" startedUtc="0" successfulCount="0" testClauseName="then" testItemClass="ITestClause" title="Then">
          <childItems>
            <executionItem endedUtc="0" executionErrorCount="0" executionWarningCount="0" failureCount="0" id="root:plans:Shop_Floor:RSTK-9676-CRUD operation on Routing Master.testinstance:RSTK-9676-CRUD operation on Routing Master.testcase:54:905:74" iterationIndex="-1" skippedCount="0" startedUtc="0" successfulCount="0" testApiId="com.provar.plugins.bundled.apis.control.StepGroup" testItemClass="IApiCall" title="Read Excel Data">
              <childItems>
                <executionItem endedUtc="0" executionErrorCount="0" executionWarningCount="0" failureCount="0" id="root:plans:Shop_Floor:RSTK-9676-CRUD operation on Routing Master.testinstance:RSTK-9676-CRUD operation on Routing Master.testcase:54:905:74:58" iterationIndex="-1" skippedCount="0" startedUtc="0" successfulCount="0" testClauseName="hidden" testItemClass="ITestClause" title="Steps">
                  <childItems/>
                </executionItem>
              </childItems>
            </executionItem>
          </childItems>
        </executionItem>
        <executionItem endedUtc="1656432593968" executionErrorCount="0" executionStatus="Executed" executionWarningCount="0" failureCount="0" id="root:plans:Shop_Floor:RSTK-9676-CRUD operation on Routing Master.testinstance:RSTK-9676-CRUD operation on Routing Master.testcase:54:906" iterationIndex="-1" skippedCount="0" startedUtc="1656432593403" successfulCount="1" testClauseName="else" testItemClass="ITestClause" title="Else">
          <childItems>
            <executionItem endedUtc="1656432593968" executionErrorCount="0" executionStatus="Executed" executionWarningCount="0" failureCount="0" id="root:plans:Shop_Floor:RSTK-9676-CRUD operation on Routing Master.testinstance:RSTK-9676-CRUD operation on Routing Master.testcase:54:906:918" iterationIndex="-1" skippedCount="0" startedUtc="1656432593403" successfulCount="1" testApiId="com.provar.plugins.bundled.apis.If" testItemClass="IApiCall" title="If: {GetSelectedEnvironment() = &quot;AutomationOrg&quot;}">
              <childItems>
                <executionItem endedUtc="1656432593968" executionErrorCount="0" executionStatus="Executed" executionWarningCount="0" failureCount="0" id="root:plans:Shop_Floor:RSTK-9676-CRUD operation on Routing Master.testinstance:RSTK-9676-CRUD operation on Routing Master.testcase:54:906:918:919" iterationIndex="-1" skippedCount="0" startedUtc="1656432593418" successfulCount="1" testClauseName="then" testItemClass="ITestClause" title="Then">
                  <childItems>
                    <executionItem endedUtc="1656432593968" executionErrorCount="0" executionStatus="Executed" executionWarningCount="0" failureCount="0" id="root:plans:Shop_Floor:RSTK-9676-CRUD operation on Routing Master.testinstance:RSTK-9676-CRUD operation on Routing Master.testcase:54:906:918:919:72" iterationIndex="-1" skippedCount="0" startedUtc="1656432593418" successfulCount="1" testApiId="com.provar.plugins.bundled.apis.control.StepGroup" testItemClass="IApiCall" title="Read Excel Data">
                      <childItems>
                        <executionItem endedUtc="1656432593968" executionErrorCount="0" executionStatus="Executed" executionWarningCount="0" failureCount="0" id="root:plans:Shop_Floor:RSTK-9676-CRUD operation on Routing Master.testinstance:RSTK-9676-CRUD operation on Routing Master.testcase:54:906:918:919:72:75" iterationIndex="-1" skippedCount="0" startedUtc="1656432593968" successfulCount="1" testClauseName="hidden" testItemClass="ITestClause" title="Steps">
                          <childItems/>
                        </executionItem>
                      </childItems>
                      <logEntries>
                        <logEntry id="1656432593418" messageType="ParameterValueSource">Loading data from Parameter Value Source ...</logEntry>
                        <logEntry id="1656432593952" messageType="General">Loading Parameter Value Source row 1:</logEntry>
                        <logEntry id="1656432593952" messageType="General">==Column=&gt; RowNumber = PrimitiveValueImpl [ value: 2, valueId=null, createdUpdateSeq=-1, updatedUpdateSeq=-1]</logEntry>
                        <logEntry id="1656432593968" messageType="General">==Column=&gt; Site = PrimitiveValueImpl [ value: 10 (Denver), valueId=null, createdUpdateSeq=-1, updatedUpdateSeq=-1]</logEntry>
                        <logEntry id="1656432593968" messageType="General">==Column=&gt; ItemNumber = PrimitiveValueImpl [ value: Pro-child1, valueId=null, createdUpdateSeq=-1, updatedUpdateSeq=-1]</logEntry>
                        <logEntry id="1656432593968" logLevel="Update" messageType="General">Loaded 1 rows from Parameter Value Source.</logEntry>
                      </logEntries>
                    </executionItem>
                  </childItems>
                </executionItem>
                <executionItem endedUtc="0" executionErrorCount="0" executionWarningCount="0" failureCount="0" id="root:plans:Shop_Floor:RSTK-9676-CRUD operation on Routing Master.testinstance:RSTK-9676-CRUD operation on Routing Master.testcase:54:906:918:922" iterationIndex="-1" skippedCount="0" startedUtc="0" successfulCount="0" testClauseName="else" testItemClass="ITestClause" title="Else">
                  <childItems>
                    <executionItem endedUtc="0" executionErrorCount="0" executionWarningCount="0" failureCount="0" id="root:plans:Shop_Floor:RSTK-9676-CRUD operation on Routing Master.testinstance:RSTK-9676-CRUD operation on Routing Master.testcase:54:906:918:922:57" iterationIndex="-1" skippedCount="0" startedUtc="0" successfulCount="0" testApiId="com.provar.plugins.bundled.apis.control.StepGroup" testItemClass="IApiCall" title="Read Excel Data">
                      <childItems>
                        <executionItem endedUtc="0" executionErrorCount="0" executionWarningCount="0" failureCount="0" id="root:plans:Shop_Floor:RSTK-9676-CRUD operation on Routing Master.testinstance:RSTK-9676-CRUD operation on Routing Master.testcase:54:906:918:922:57:73" iterationIndex="-1" skippedCount="0" startedUtc="0" successfulCount="0" testClauseName="hidden" testItemClass="ITestClause" title="Steps">
                          <childItems/>
                        </executionItem>
                      </childItems>
                    </executionItem>
                  </childItems>
                </executionItem>
              </childItems>
            </executionItem>
          </childItems>
        </executionItem>
      </childItems>
    </executionItem>
    <executionItem endedUtc="1656432659915" executionErrorCount="0" executionStatus="Executed" executionWarningCount="0" failureCount="0" id="root:plans:Shop_Floor:RSTK-9676-CRUD operation on Routing Master.testinstance:RSTK-9676-CRUD operation on Routing Master.testcase:49" iterationIndex="-1" skippedCount="0" startedUtc="1656432593968" successfulCount="1" testApiId="com.provar.plugins.bundled.apis.control.ForEach" testItemClass="IApiCall" title="Read Excel Data and perform Operation">
      <childItems>
        <executionItem endedUtc="1656432659912" executionErrorCount="0" executionStatus="Executed" executionWarningCount="0" failureCount="0" id="root:plans:Shop_Floor:RSTK-9676-CRUD operation on Routing Master.testinstance:RSTK-9676-CRUD operation on Routing Master.testcase:49:50.0" iterationIndex="0" skippedCount="0" startedUtc="1656432593968" successfulCount="1" testClauseName="substeps" testItemClass="ITestClause" title="Iteration 1">
          <childItems>
            <executionItem endedUtc="1656432594847" executionErrorCount="0" executionStatus="Executed" executionWarningCount="0" failureCount="0" id="root:plans:Shop_Floor:RSTK-9676-CRUD operation on Routing Master.testinstance:RSTK-9676-CRUD operation on Routing Master.testcase:49:50.0:924" iterationIndex="-1" skippedCount="0" startedUtc="1656432593968" successfulCount="1" testApiId="com.provar.plugins.bundled.apis.control.StepGroup" testItemClass="IApiCall" title="Delete Old record if there any">
              <childItems>
                <executionItem endedUtc="1656432594847" executionErrorCount="0" executionStatus="Executed" executionWarningCount="0" failureCount="0" id="root:plans:Shop_Floor:RSTK-9676-CRUD operation on Routing Master.testinstance:RSTK-9676-CRUD operation on Routing Master.testcase:49:50.0:924:925" iterationIndex="-1" skippedCount="0" startedUtc="1656432593968" successfulCount="1" testClauseName="hidden" testItemClass="ITestClause" title="Steps">
                  <childItems>
                    <executionItem endedUtc="1656432594847" executionErrorCount="0" executionStatus="Executed" executionWarningCount="0" failureCount="0" id="root:plans:Shop_Floor:RSTK-9676-CRUD operation on Routing Master.testinstance:RSTK-9676-CRUD operation on Routing Master.testcase:49:50.0:924:925:926" iterationIndex="-1" skippedCount="0" startedUtc="1656432593968" successfulCount="1" testApiId="com.provar.plugins.forcedotcom.core.testapis.ApexSoqlQuery" testItemClass="IApiCall" title="Read Routing Master Qty">
                      <childItems/>
                      <logEntries>
                        <logEntry id="1656432593968" messageType="General">Reading a Salesforce object.  Connection Name: SFConnection, Query: select count() from rstk__rtrouthdr__c\twhere Name like 'Pro-child1%'</logEntry>
                        <logEntry id="1656432594847" messageType="General">The count query returned 0.</logEntry>
                      </logEntries>
                    </executionItem>
                    <executionItem endedUtc="1656432594847" executionErrorCount="0" executionStatus="Executed" executionWarningCount="0" failureCount="0" id="root:plans:Shop_Floor:RSTK-9676-CRUD operation on Routing Master.testinstance:RSTK-9676-CRUD operation on Routing Master.testcase:49:50.0:924:925:929" iterationIndex="-1" skippedCount="0" startedUtc="1656432594847" successfulCount="1" testApiId="com.provar.plugins.bundled.apis.If" testItemClass="IApiCall" title="If: {op_rtrouthdr &gt; 0}">
                      <childItems>
                        <executionItem endedUtc="0" executionErrorCount="0" executionWarningCount="0" failureCount="0" id="root:plans:Shop_Floor:RSTK-9676-CRUD operation on Routing Master.testinstance:RSTK-9676-CRUD operation on Routing Master.testcase:49:50.0:924:925:929:930" iterationIndex="-1" skippedCount="0" startedUtc="0" successfulCount="0" testClauseName="then" testItemClass="ITestClause" title="Then">
                          <childItems>
                            <executionItem endedUtc="0" executionErrorCount="0" executionWarningCount="0" failureCount="0" id="root:plans:Shop_Floor:RSTK-9676-CRUD operation on Routing Master.testinstance:RSTK-9676-CRUD operation on Routing Master.testcase:49:50.0:924:925:929:930:932" iterationIndex="-1" skippedCount="0" startedUtc="0" successfulCount="0" testApiId="com.provar.plugins.forcedotcom.core.testapis.ApexSoqlQuery" testItemClass="IApiCall" title="Read Routing Master Qty">
                              <childItems/>
                            </executionItem>
                            <executionItem endedUtc="0" executionErrorCount="0" executionWarningCount="0" failureCount="0" id="root:plans:Shop_Floor:RSTK-9676-CRUD operation on Routing Master.testinstance:RSTK-9676-CRUD operation on Routing Master.testcase:49:50.0:924:925:929:930:928" iterationIndex="-1" skippedCount="0" startedUtc="0" successfulCount="0" testApiId="com.provar.plugins.forcedotcom.core.testapis.ApexDeleteObject" testItemClass="IApiCall" title="Delete Object: {op_rtrouthdr.id}">
                              <childItems/>
                            </executionItem>
                          </childItems>
                        </executionItem>
                      </childItems>
                    </executionItem>
                  </childItems>
                </executionItem>
              </childItems>
            </executionItem>
            <executionItem endedUtc="1656432647009" executionErrorCount="0" executionStatus="Executed" executionWarningCount="0" failureCount="0" id="root:plans:Shop_Floor:RSTK-9676-CRUD operation on Routing Master.testinstance:RSTK-9676-CRUD operation on Routing Master.testcase:49:50.0:923" iterationIndex="-1" skippedCount="0" startedUtc="1656432594847" successfulCount="1" testItemClass="ITestCaseCall" title="Call Create Routing Master">
              <childItems>
                <executionItem endedUtc="1656432647009" executionErrorCount="0" executionStatus="Executed" executionWarningCount="0" failureCount="0" id="root:plans:Shop_Floor:RSTK-9676-CRUD operation on Routing Master.testinstance:RSTK-9676-CRUD operation on Routing Master.testcase:49:50.0:923:Create Routing Master.testcase" iterationIndex="-1" skippedCount="0" startedUtc="1656432594847" successfulCount="1" testCasePath="D:\\provar\\EventDemo\\Parallel-Execution\\tests\\Shop Floor\\Callable" testItemClass="ITestCase" title="Create Routing Master">
                  <testItemSummary/>
                  <childItems>
                    <executionItem endedUtc="1656432594862" executionErrorCount="0" executionStatus="Executed" executionWarningCount="0" failureCount="0" id="root:plans:Shop_Floor:RSTK-9676-CRUD operation on Routing Master.testinstance:RSTK-9676-CRUD operation on Routing Master.testcase:49:50.0:923:Create Routing Master.testcase:1" iterationIndex="-1" skippedCount="0" startedUtc="1656432594847" successfulCount="1" testApiId="com.provar.plugins.forcedotcom.core.testapis.ApexConnect" testItemClass="IApiCall" title="Salesforce Connect: SFConnection (Test)">
                      <childItems/>
                      <logEntries>
                        <logEntry id="1656432594862" messageType="General">Connecting to Salesforce as QARSF_Admin</logEntry>
                        <logEntry id="1656432594862" logLevel="Update" messageType="General">Re-using existing connection. Connection: QARSF_Admin, Result Name: SFConnection</logEntry>
                      </logEntries>
                    </executionItem>
                    <executionItem endedUtc="1656432624860" executionErrorCount="0" executionStatus="Executed" executionWarningCount="0" failureCount="0" id="root:plans:Shop_Floor:RSTK-9676-CRUD operation on Routing Master.testinstance:RSTK-9676-CRUD operation on Routing Master.testcase:49:50.0:923:Create Routing Master.testcase:17" iterationIndex="-1" skippedCount="0" startedUtc="1656432594862" successfulCount="1" testApiId="com.provar.plugins.forcedotcom.core.ui.UiWithScreen" testItemClass="IApiCall" title="On SF Routing Master New screen">
                      <childItems>
                        <executionItem endedUtc="1656432620310" executionErrorCount="0" executionStatus="Executed" executionWarningCount="0" failureCount="0" id="root:plans:Shop_Floor:RSTK-9676-CRUD operation on Routing Master.testinstance:RSTK-9676-CRUD operation on Routing Master.testcase:49:50.0:923:Create Routing Master.testcase:17:18" iterationIndex="-1" skippedCount="0" startedUtc="1656432620310" successfulCount="1" testClauseName="substeps" testItemClass="ITestClause" title="Sub Steps">
                          <childItems/>
                        </executionItem>
                      </childItems>
                      <logEntries>
                        <logEntry id="1656432594862" messageType="General">Start of With Screen.  Connection Name: SFConnection, target: sf:ui:target?object=rstk__rtrouthdr__c&amp;action=New</logEntry>
                        <logEntry id="1656432596746" logLevel="Warning" messageType="General">Failed to connect to Master Lock Manager in timeout period - assuming dead.  Host: localhost, port: 61818</logEntry>
                        <logEntry id="1656432596888" messageType="Progress">Getting the rstk__Force_com Application: Loading Salesforce metadata index from disk ... 0%</logEntry>
                        <logEntry id="1656432597845" logLevel="Update" messageType="Progress">Getting the rstk__Force_com Application ... 100%</logEntry>
                        <logEntry id="1656432597861" logLevel="Update" messageType="Progress">Loading Connection model ... 100%</logEntry>
                        <logEntry id="1656432599910" messageType="General">Opening Chrome webdriver instance to https://automationtesting2.my.salesforce.com/secur/frontdoor.jsp</logEntry>
                        <logEntry id="1656432599910" logLevel="Debug" messageType="General">Add Chrome browser specific capabilities</logEntry>
                        <logEntry id="1656432599910" logLevel="Trace" messageType="General">Using executable from UserHome Provar.  executable: C:\\Users\\Mayur\\Provar\\.chromeDriver\\chromedriver.exe</logEntry>
                        <logEntry id="1656432601039" logLevel="Trace" messageType="General">Added Chrome command line switch to bypass proxy for local addresses: --proxy-bypass-list=localhost,127.0.0.1,192.168.1.14</logEntry>
                        <logEntry id="1656432601039" logLevel="Trace" messageType="General">Added desired capability for Chrome browser proxy Null</logEntry>
                        <logEntry id="1656432601039" logLevel="Trace" messageType="General">Using executable from UserHome Provar.  executable: C:\\Users\\Mayur\\Provar\\.chromeDriver\\chromedriver.exe</logEntry>
                        <logEntry id="1656432602732" logLevel="Update" messageType="General">Successfully opened Chrome webdriver to https://automationtesting2.my.salesforce.com/secur/frontdoor.jsp</logEntry>
                        <logEntry id="1656432603432" logLevel="Error" messageType="General">Unknown Page metadata file.  Page Name: Rtrouthdr, Namespace Prefix: null</logEntry>
                        <logEntry id="1656432603433" logLevel="Error" messageType="General">Unknown Page metadata file.  Page Name: Rtrouthdr, Namespace Prefix: null</logEntry>
                        <logEntry id="1656432603704" messageType="General">Opening Page context.  Name: screen, data: null, frame: null</logEntry>
                        <logEntry id="1656432603713" messageType="General">Opening Salesforce page.  Object: rstk__rtrouthdr__c, RelatedList: null, Action: New, Page URL: /a4r/e, Current URL: chrome://new-tab-page/</logEntry>
                        <logEntry id="1656432603713" messageType="General">Opening Salesforce user home page</logEntry>
                        <logEntry id="1656432604497" logLevel="Debug" messageType="General">Navigate to home page</logEntry>
                        <logEntry id="1656432604515" logLevel="Trace" messageType="General">Opening page.  URL: https://automationtesting2.my.salesforce.com/secur/frontdoor.jsp?retURL=/home/home.jsp?tsid=02u5f000000R3zG&amp;sid={accessToken}</logEntry>
                        <logEntry id="1656432609949" logLevel="Debug" messageType="General">Perform page load wait</logEntry>
                        <logEntry id="1656432610960" logLevel="Trace" messageType="General">Start of waitForPageToLoad. Timeout(ms): 90000</logEntry>
                        <logEntry id="1656432610992" logLevel="Trace" messageType="General">Re-attempting of waitForPageToLoad.  Timeout(ms): 90000</logEntry>
                        <logEntry id="1656432611023" logLevel="Trace" messageType="General">End of waitForPageToLoad.  Duration(ms): 63</logEntry>
                        <logEntry id="1656432611102" logLevel="Trace" messageType="General">Qualified relative URL.  URL: https://automationtesting2.my.salesforce.com/a4r/e</logEntry>
                        <logEntry id="1656432611102" logLevel="Trace" messageType="General">Opening page.  Requested URL: /a4r/e, Absolute URL: https://automationtesting2.my.salesforce.com/a4r/e?//automationtesting2.my.salesforce.com/a4r/e=</logEntry>
                        <logEntry id="1656432615092" logLevel="Debug" messageType="General">Perform page load wait</logEntry>
                        <logEntry id="1656432615158" logLevel="Update" messageType="General">Successfully opened user home page</logEntry>
                        <logEntry id="1656432620169" messageType="General">Going to update browser window handles.</logEntry>
                        <logEntry id="1656432620169" logLevel="Debug" messageType="General">Update browser window handles.</logEntry>
                        <logEntry id="1656432620310" logLevel="Update" messageType="General">Successfully updated browser window handles.</logEntry>
                        <logEntry id="1656432620310" messageType="General">All Sub-Test Steps were successful.</logEntry>
                        <logEntry id="1656432620444" messageType="General">Switched focus to main window.  URL: https://automationtesting2--rstk.visualforce.com/apex/Rtrouthdr?save_new=1&amp;sfdc.override=1</logEntry>
                        <logEntry id="1656432620444" logLevel="Trace" messageType="General">Start of waitForPageToLoad. Timeout(ms): 90000</logEntry>
                        <logEntry id="1656432620467" logLevel="Trace" messageType="General">Re-attempting of waitForPageToLoad.  Timeout(ms): 90000</logEntry>
                        <logEntry id="1656432620499" logLevel="Trace" messageType="General">End of waitForPageToLoad.  Duration(ms): 63</logEntry>
                        <logEntry id="1656432620544" messageType="General">Fetching created Id from URL</logEntry>
                        <logEntry id="1656432622618" messageType="General">Reattempting for the createdId</logEntry>
                        <logEntry id="1656432622650" messageType="General">Reattempting for the createdId</logEntry>
                        <logEntry id="1656432622665" messageType="General">Reattempting for the createdId</logEntry>
                        <logEntry id="1656432622681" logLevel="Summary" messageType="General">Storing created Salesforce Object ID.  Result Name: a, created ID: &lt;a href='sf:object?object=rstk__rtrouthdr__c&amp;connection=QARSF_Admin'&gt;null&lt;/a&gt;, location: https://automationtesting2--rstk.visualforce.com/apex/Rtrouthdr?save_new=1&amp;sfdc.override=1</logEntry>
                        <logEntry id="1656432622681" messageType="General">Closing Page context.  Name: screen, data: null, frame: null</logEntry>
                        <logEntry id="1656432622681" messageType="General">Main window reselected.  Window: main</logEntry>
                        <logEntry id="1656432622749" messageType="General">Switched focus to main window.  URL: https://automationtesting2--rstk.visualforce.com/apex/Rtrouthdr?save_new=1&amp;sfdc.override=1</logEntry>
                        <logEntry id="1656432624763" messageType="General">Going to update browser window handles.</logEntry>
                        <logEntry id="1656432624763" logLevel="Debug" messageType="General">Update browser window handles.</logEntry>
                        <logEntry id="1656432624859" logLevel="Update" messageType="General">Successfully updated browser window handles.</logEntry>
                      </logEntries>
                    </executionItem>
                    <executionItem endedUtc="1656432647009" executionErrorCount="0" executionStatus="Executed" executionWarningCount="0" failureCount="0" id="root:plans:Shop_Floor:RSTK-9676-CRUD operation on Routing Master.testinstance:RSTK-9676-CRUD operation on Routing Master.testcase:49:50.0:923:Create Routing Master.testcase:16" iterationIndex="-1" skippedCount="0" startedUtc="1656432627725" successfulCount="1" testApiId="com.provar.plugins.forcedotcom.core.ui.UiWithScreen" testItemClass="IApiCall" title="Create Routing Master">
                      <childItems>
                        <executionItem endedUtc="1656432644749" executionErrorCount="0" executionStatus="Executed" executionWarningCount="0" failureCount="0" id="root:plans:Shop_Floor:RSTK-9676-CRUD operation on Routing Master.testinstance:RSTK-9676-CRUD operation on Routing Master.testcase:49:50.0:923:Create Routing Master.testcase:16:8" iterationIndex="-1" skippedCount="0" startedUtc="1656432630070" successfulCount="1" testClauseName="substeps" testItemClass="ITestClause" title="Sub Steps">
                          <childItems>
                            <executionItem endedUtc="1656432631864" executionErrorCount="0" executionStatus="Executed" executionWarningCount="0" failureCount="0" id="root:plans:Shop_Floor:RSTK-9676-CRUD operation on Routing Master.testinstance:RSTK-9676-CRUD operation on Routing Master.testcase:49:50.0:923:Create Routing Master.testcase:16:8:9" iterationIndex="-1" skippedCount="0" startedUtc="1656432630070" successfulCount="1" testApiId="com.provar.plugins.forcedotcom.core.ui.UiDoAction" testItemClass="IApiCall" title="Set the Site select to 10 (Denver)">
                              <childItems/>
                              <logEntries>
                                <logEntry id="1656432630070" messageType="General">Start of Interact.  Connection: SFConnection, Locator: ui:locator?name=site, before wait: default, after wait: ui:wait:pageload?timeout=60, auto retry: default</logEntry>
                                <logEntry id="1656432630148" messageType="General">Locator: ui:locator?name=site</logEntry>
                                <logEntry id="1656432630148" messageType="General">Interaction: ui:interaction?name=set</logEntry>
                                <logEntry id="1656432630211" messageType="General">Switched focus to main window.  URL: https://automationtesting2--rstk.visualforce.com/apex/Rtrouthdr?save_new=1&amp;sfdc.override=1</logEntry>
                                <logEntry id="1656432630996" messageType="General">Doing before wait.  waitUrl: default</logEntry>
                                <logEntry id="1656432631022" messageType="General">End of &amp;lt;default&amp;gt; wait.</logEntry>
                                <logEntry id="1656432631028" messageType="General">Doing after wait.  waitUrl: ui:wait:pageload?timeout=60</logEntry>
                                <logEntry id="1656432631169" messageType="General">Got webElement.  tagName: SELECT, id: null, type: null, selector: null</logEntry>
                                <logEntry id="1656432631721" messageType="General">Doing after wait.  waitUrl: ui:wait:pageload?timeout=60</logEntry>
                                <logEntry id="1656432631722" messageType="General">Waiting for page to load.  Page URL: null, Timeout(secs): 60</logEntry>
                                <logEntry id="1656432631722" logLevel="Trace" messageType="General">Start of waitForPageToLoad. Timeout(ms): 60000</logEntry>
                                <logEntry id="1656432631766" logLevel="Trace" messageType="General">Re-attempting of waitForPageToLoad.  Timeout(ms): 60000</logEntry>
                                <logEntry id="1656432631798" logLevel="Trace" messageType="General">End of waitForPageToLoad.  Duration(ms): 79</logEntry>
                                <logEntry id="1656432631798" messageType="General">End for wait for page to load.</logEntry>
                                <logEntry id="1656432631798" messageType="General">Going to update browser window handles.</logEntry>
                                <logEntry id="1656432631798" logLevel="Debug" messageType="General">Update browser window handles.</logEntry>
                                <logEntry id="1656432631864" logLevel="Update" messageType="General">Successfully updated browser window handles.</logEntry>
                              </logEntries>
                            </executionItem>
                            <executionItem endedUtc="1656432635841" executionErrorCount="0" executionStatus="Executed" executionWarningCount="0" failureCount="0" id="root:plans:Shop_Floor:RSTK-9676-CRUD operation on Routing Master.testinstance:RSTK-9676-CRUD operation on Routing Master.testcase:49:50.0:923:Create Routing Master.testcase:16:8:10" iterationIndex="-1" skippedCount="0" startedUtc="1656432631864" successfulCount="1" testApiId="com.provar.plugins.forcedotcom.core.ui.UiDoAction" testItemClass="IApiCall" title="Call the selectItemNumber method">
                              <childItems/>
                              <logEntries>
                                <logEntry id="1656432631864" messageType="General">Start of Interact.  Connection: SFConnection, Locator: ui:pageobject:method?operation=selectItemNumber&amp;pageId=pageobjects.rstk__Rtrouthdr, before wait: ui:wait:auraBusy?timeout=60, after wait: ui:wait:pageload?timeout=60, auto retry: default</logEntry>
                                <logEntry id="1656432631939" messageType="General">Locator: ui:pageobject:method?operation=selectItemNumber&amp;pageId=pageobjects.rstk__Rtrouthdr</logEntry>
                                <logEntry id="1656432631939" messageType="General">Interaction: ui:interaction?name=invoke</logEntry>
                                <logEntry id="1656432632002" messageType="General">Switched focus to main window.  URL: https://automationtesting2--rstk.visualforce.com/apex/Rtrouthdr?save_new=1&amp;sfdc.override=1</logEntry>
                                <logEntry id="1656432632018" messageType="General">Doing before wait.  waitUrl: ui:wait:auraBusy?timeout=60</logEntry>
                                <logEntry id="1656432632018" messageType="General">Waiting for page to load.  Timeout(secs): 60</logEntry>
                                <logEntry id="1656432632018" logLevel="Trace" messageType="General">Start of waitForPageToLoad. Timeout(ms): 90000</logEntry>
                                <logEntry id="1656432632049" logLevel="Trace" messageType="General">Re-attempting of waitForPageToLoad.  Timeout(ms): 90000</logEntry>
                                <logEntry id="1656432632081" logLevel="Trace" messageType="General">End of waitForPageToLoad.  Duration(ms): 63</logEntry>
                                <logEntry id="1656432632081" messageType="General">End for wait for page to load.</logEntry>
                                <logEntry id="1656432632081" messageType="General">Waiting for aura busy controls to disappear.  Timeout(secs): 60</logEntry>
                                <logEntry id="1656432633162" messageType="General">End for wait for aura busy controls to disappear.</logEntry>
                                <logEntry id="1656432633166" messageType="General">Doing after wait.  waitUrl: ui:wait:pageload?timeout=60</logEntry>
                                <logEntry id="1656432633166" messageType="General">Got Page Object.  Class: pageobjects.rstk__Rtrouthdr</logEntry>
                                <logEntry id="1656432633168" messageType="General">Extracted arg value.  Arg Name: param_ItemNumber, value: Pro-child1</logEntry>
                                <logEntry id="1656432635700" messageType="General">Doing after wait.  waitUrl: ui:wait:pageload?timeout=60</logEntry>
                                <logEntry id="1656432635700" messageType="General">Waiting for page to load.  Page URL: null, Timeout(secs): 60</logEntry>
                                <logEntry id="1656432635700" logLevel="Trace" messageType="General">Start of waitForPageToLoad. Timeout(ms): 60000</logEntry>
                                <logEntry id="1656432635747" logLevel="Trace" messageType="General">Re-attempting of waitForPageToLoad.  Timeout(ms): 60000</logEntry>
                                <logEntry id="1656432635779" logLevel="Trace" messageType="General">End of waitForPageToLoad.  Duration(ms): 79</logEntry>
                                <logEntry id="1656432635779" messageType="General">End for wait for page to load.</logEntry>
                                <logEntry id="1656432635779" messageType="General">Going to update browser window handles.</logEntry>
                                <logEntry id="1656432635779" logLevel="Debug" messageType="General">Update browser window handles.</logEntry>
                                <logEntry id="1656432635841" logLevel="Update" messageType="General">Successfully updated browser window handles.</logEntry>
                              </logEntries>
                            </executionItem>
                            <executionItem endedUtc="1656432641418" executionErrorCount="0" executionStatus="Executed" executionWarningCount="0" failureCount="0" id="root:plans:Shop_Floor:RSTK-9676-CRUD operation on Routing Master.testinstance:RSTK-9676-CRUD operation on Routing Master.testcase:49:50.0:923:Create Routing Master.testcase:16:8:11" iterationIndex="-1" skippedCount="0" startedUtc="1656432635841" successfulCount="1" testApiId="com.provar.plugins.forcedotcom.core.ui.UiDoAction" testItemClass="IApiCall" title="Click the Save button">
                              <childItems/>
                              <logEntries>
                                <logEntry id="1656432635841" messageType="General">Start of Interact.  Connection: SFConnection, Locator: ui:locator?name=save, before wait: default, after wait: default, auto retry: default</logEntry>
                                <logEntry id="1656432635920" messageType="General">Locator: ui:locator?name=save</logEntry>
                                <logEntry id="1656432635920" messageType="General">Interaction: ui:interaction?name=action</logEntry>
                                <logEntry id="1656432636003" messageType="General">Switched focus to main window.  URL: https://automationtesting2--rstk.visualforce.com/apex/Rtrouthdr?save_new=1&amp;sfdc.override=1</logEntry>
                                <logEntry id="1656432636072" messageType="General">Doing before wait.  waitUrl: default</logEntry>
                                <logEntry id="1656432636072" messageType="General">End of &amp;lt;default&amp;gt; wait.</logEntry>
                                <logEntry id="1656432636072" messageType="General">Doing after wait.  waitUrl: default</logEntry>
                                <logEntry id="1656432636441" messageType="General">Clicking WebElement.  WebElement [tag: input, text: Save]</logEntry>
                                <logEntry id="1656432636484" messageType="General">Doing after wait.  waitUrl: default</logEntry>
                                <logEntry id="1656432636485" messageType="General">waitAnno: @com.provar.core.testapi.annotations.PageObjectWait(implementation=class com.provar.core.testapi.BackgroundActivityWait)</logEntry>
                                <logEntry id="1656432636486" messageType="General">Doing background activity wait.  Timeout(seconds): 60, Interval(milliseconds): 500</logEntry>
                                <logEntry id="1656432641355" logLevel="Update" messageType="General">Background activity wait successful.  Actual duration(seconds): 4.871</logEntry>
                                <logEntry id="1656432641355" messageType="General">End of &amp;lt;default&amp;gt; wait.</logEntry>
                                <logEntry id="1656432641355" messageType="General">Going to update browser window handles.</logEntry>
                                <logEntry id="1656432641355" logLevel="Debug" messageType="General">Update browser window handles.</logEntry>
                                <logEntry id="1656432641418" logLevel="Update" messageType="General">Successfully updated browser window handles.</logEntry>
                              </logEntries>
                            </executionItem>
                            <executionItem endedUtc="1656432644749" executionErrorCount="0" executionStatus="Executed" executionWarningCount="0" failureCount="0" id="root:plans:Shop_Floor:RSTK-9676-CRUD operation on Routing Master.testinstance:RSTK-9676-CRUD operation on Routing Master.testcase:49:50.0:923:Create Routing Master.testcase:16:8:14" iterationIndex="-1" skippedCount="0" startedUtc="1656432641418" successfulCount="1" testApiId="com.provar.plugins.forcedotcom.core.ui.UiAssert" testItemClass="IApiCall" title="UI Assert: Name">
                              <childItems/>
                              <logEntries>
                                <logEntry id="1656432641434" messageType="General">Start of UiAssert.  Connection: SFConnection</logEntry>
                                <logEntry id="1656432641535" messageType="General">Resolving field name</logEntry>
                                <logEntry id="1656432641687" messageType="General">Switched focus to main window.  URL: https://automationtesting2--rstk.visualforce.com/apex/rtrouthdr?actionType=view&amp;id=a4r5f0000004iRp</logEntry>
                                <logEntry id="1656432642251" messageType="General">Doing before wait.  waitUrl: default</logEntry>
                                <logEntry id="1656432642251" messageType="General">End of &amp;lt;default&amp;gt; wait.</logEntry>
                                <logEntry id="1656432643611" messageType="General">Switched focus to main window.  URL: https://automationtesting2--rstk.visualforce.com/apex/rtrouthdr?actionType=view&amp;id=a4r5f0000004iRp</logEntry>
                                <logEntry id="1656432644676" messageType="General">Asserting field attributes: name</logEntry>
                                <logEntry id="1656432644676" messageType="General">Reading Attribute: value</logEntry>
                                <logEntry id="1656432644676" messageType="General">Object read successfully.  Result Name: op_rtrouthdrName</logEntry>
                                <logEntry id="1656432644676" messageType="General">Going to update browser window handles.</logEntry>
                                <logEntry id="1656432644676" logLevel="Debug" messageType="General">Update browser window handles.</logEntry>
                                <logEntry id="1656432644749" logLevel="Update" messageType="General">Successfully updated browser window handles.</logEntry>
                              </logEntries>
                            </executionItem>
                          </childItems>
                        </executionItem>
                      </childItems>
                      <logEntries>
                        <logEntry id="1656432627726" messageType="General">Start of With Screen.  Connection Name: SFConnection, target: sf:ui:target?page=rstk__Rtrouthdr&amp;pageObject=pageobjects.rstk__Rtrouthdr</logEntry>
                        <logEntry id="1656432627834" messageType="General">Opening Page context.  Name: screen, data: null, frame: null</logEntry>
                        <logEntry id="1656432630007" messageType="General">Going to update browser window handles.</logEntry>
                        <logEntry id="1656432630007" logLevel="Debug" messageType="General">Update browser window handles.</logEntry>
                        <logEntry id="1656432630070" logLevel="Update" messageType="General">Successfully updated browser window handles.</logEntry>
                        <logEntry id="1656432644781" messageType="General">All Sub-Test Steps were successful.</logEntry>
                        <logEntry id="1656432644859" messageType="General">Closing Page context.  Name: screen, data: null, frame: null</logEntry>
                        <logEntry id="1656432644859" messageType="General">Main window reselected.  Window: main</logEntry>
                        <logEntry id="1656432644926" messageType="General">Switched focus to main window.  URL: https://automationtesting2--rstk.visualforce.com/apex/rtrouthdr?actionType=view&amp;id=a4r5f0000004iRp</logEntry>
                        <logEntry id="1656432646931" messageType="General">Going to update browser window handles.</logEntry>
                        <logEntry id="1656432646931" logLevel="Debug" messageType="General">Update browser window handles.</logEntry>
                        <logEntry id="1656432647009" logLevel="Update" messageType="General">Successfully updated browser window handles.</logEntry>
                      </logEntries>
                    </executionItem>
                  </childItems>
                </executionItem>
              </childItems>
              <logEntries>
                <logEntry id="1656432647009" messageType="General">Handling managed resource.  Name: SFConnection</logEntry>
                <logEntry id="1656432647009" logLevel="Debug" messageType="General">Not closing Salesforce Connection because it is still being used.  Name: SFConnection</logEntry>
                <logEntry id="1656432647009" logLevel="Update" messageType="General">Salesforce Connection handled successfully.  Name: SFConnection</logEntry>
              </logEntries>
            </executionItem>
            <executionItem endedUtc="1656432647151" executionErrorCount="0" executionStatus="Executed" executionWarningCount="0" failureCount="0" id="root:plans:Shop_Floor:RSTK-9676-CRUD operation on Routing Master.testinstance:RSTK-9676-CRUD operation on Routing Master.testcase:49:50.0:59" iterationIndex="-1" skippedCount="0" startedUtc="1656432647009" successfulCount="1" testApiId="com.provar.plugins.bundled.apis.If" testItemClass="IApiCall" title="If: {GetSelectedEnvironment() = &quot;PDE5&quot;}">
              <childItems>
                <executionItem endedUtc="0" executionErrorCount="0" executionWarningCount="0" failureCount="0" id="root:plans:Shop_Floor:RSTK-9676-CRUD operation on Routing Master.testinstance:RSTK-9676-CRUD operation on Routing Master.testcase:49:50.0:59:60" iterationIndex="-1" skippedCount="0" startedUtc="0" successfulCount="0" testClauseName="then" testItemClass="ITestClause" title="Then">
                  <childItems>
                    <executionItem endedUtc="0" executionErrorCount="0" executionWarningCount="0" failureCount="0" id="root:plans:Shop_Floor:RSTK-9676-CRUD operation on Routing Master.testinstance:RSTK-9676-CRUD operation on Routing Master.testcase:49:50.0:59:60:70" iterationIndex="-1" skippedCount="0" startedUtc="0" successfulCount="0" testApiId="com.provar.plugins.bundled.apis.control.StepGroup" testItemClass="IApiCall" title="Read Excel Data">
                      <childItems>
                        <executionItem endedUtc="0" executionErrorCount="0" executionWarningCount="0" failureCount="0" id="root:plans:Shop_Floor:RSTK-9676-CRUD operation on Routing Master.testinstance:RSTK-9676-CRUD operation on Routing Master.testcase:49:50.0:59:60:70:66" iterationIndex="-1" skippedCount="0" startedUtc="0" successfulCount="0" testClauseName="hidden" testItemClass="ITestClause" title="Steps">
                          <childItems/>
                        </executionItem>
                      </childItems>
                    </executionItem>
                  </childItems>
                </executionItem>
                <executionItem endedUtc="1656432647151" executionErrorCount="0" executionStatus="Executed" executionWarningCount="0" failureCount="0" id="root:plans:Shop_Floor:RSTK-9676-CRUD operation on Routing Master.testinstance:RSTK-9676-CRUD operation on Routing Master.testcase:49:50.0:59:61" iterationIndex="-1" skippedCount="0" startedUtc="1656432647009" successfulCount="1" testClauseName="else" testItemClass="ITestClause" title="Else">
                  <childItems>
                    <executionItem endedUtc="1656432647151" executionErrorCount="0" executionStatus="Executed" executionWarningCount="0" failureCount="0" id="root:plans:Shop_Floor:RSTK-9676-CRUD operation on Routing Master.testinstance:RSTK-9676-CRUD operation on Routing Master.testcase:49:50.0:59:61:62" iterationIndex="-1" skippedCount="0" startedUtc="1656432647009" successfulCount="1" testApiId="com.provar.plugins.bundled.apis.If" testItemClass="IApiCall" title="If: {GetSelectedEnvironment() = &quot;AutomationOrg&quot;}">
                      <childItems>
                        <executionItem endedUtc="1656432647151" executionErrorCount="0" executionStatus="Executed" executionWarningCount="0" failureCount="0" id="root:plans:Shop_Floor:RSTK-9676-CRUD operation on Routing Master.testinstance:RSTK-9676-CRUD operation on Routing Master.testcase:49:50.0:59:61:62:63" iterationIndex="-1" skippedCount="0" startedUtc="1656432647009" successfulCount="1" testClauseName="then" testItemClass="ITestClause" title="Then">
                          <childItems>
                            <executionItem endedUtc="1656432647151" executionErrorCount="0" executionStatus="Executed" executionWarningCount="0" failureCount="0" id="root:plans:Shop_Floor:RSTK-9676-CRUD operation on Routing Master.testinstance:RSTK-9676-CRUD operation on Routing Master.testcase:49:50.0:59:61:62:63:68" iterationIndex="-1" skippedCount="0" startedUtc="1656432647009" successfulCount="1" testApiId="com.provar.plugins.bundled.apis.control.StepGroup" testItemClass="IApiCall" title="Read Excel Data">
                              <childItems>
                                <executionItem endedUtc="1656432647151" executionErrorCount="0" executionStatus="Executed" executionWarningCount="0" failureCount="0" id="root:plans:Shop_Floor:RSTK-9676-CRUD operation on Routing Master.testinstance:RSTK-9676-CRUD operation on Routing Master.testcase:49:50.0:59:61:62:63:68:71" iterationIndex="-1" skippedCount="0" startedUtc="1656432647151" successfulCount="1" testClauseName="hidden" testItemClass="ITestClause" title="Steps">
                                  <childItems/>
                                </executionItem>
                              </childItems>
                              <logEntries>
                                <logEntry id="1656432647009" messageType="ParameterValueSource">Loading data from Parameter Value Source ...</logEntry>
                                <logEntry id="1656432647151" logLevel="Update" messageType="General">Loaded 0 rows from Parameter Value Source.</logEntry>
                              </logEntries>
                            </executionItem>
                          </childItems>
                        </executionItem>
                        <executionItem endedUtc="0" executionErrorCount="0" executionWarningCount="0" failureCount="0" id="root:plans:Shop_Floor:RSTK-9676-CRUD operation on Routing Master.testinstance:RSTK-9676-CRUD operation on Routing Master.testcase:49:50.0:59:61:62:64" iterationIndex="-1" skippedCount="0" startedUtc="0" successfulCount="0" testClauseName="else" testItemClass="ITestClause" title="Else">
                          <childItems>
                            <executionItem endedUtc="0" executionErrorCount="0" executionWarningCount="0" failureCount="0" id="root:plans:Shop_Floor:RSTK-9676-CRUD operation on Routing Master.testinstance:RSTK-9676-CRUD operation on Routing Master.testcase:49:50.0:59:61:62:64:65" iterationIndex="-1" skippedCount="0" startedUtc="0" successfulCount="0" testApiId="com.provar.plugins.bundled.apis.control.StepGroup" testItemClass="IApiCall" title="Read Excel Data">
                              <childItems>
                                <executionItem endedUtc="0" executionErrorCount="0" executionWarningCount="0" failureCount="0" id="root:plans:Shop_Floor:RSTK-9676-CRUD operation on Routing Master.testinstance:RSTK-9676-CRUD operation on Routing Master.testcase:49:50.0:59:61:62:64:65:69" iterationIndex="-1" skippedCount="0" startedUtc="0" successfulCount="0" testClauseName="hidden" testItemClass="ITestClause" title="Steps">
                                  <childItems/>
                                </executionItem>
                              </childItems>
                            </executionItem>
                          </childItems>
                        </executionItem>
                      </childItems>
                    </executionItem>
                  </childItems>
                </executionItem>
              </childItems>
            </executionItem>
            <executionItem endedUtc="1656432647151" executionErrorCount="0" executionStatus="Executed" executionWarningCount="0" failureCount="0" id="root:plans:Shop_Floor:RSTK-9676-CRUD operation on Routing Master.testinstance:RSTK-9676-CRUD operation on Routing Master.testcase:49:50.0:51" iterationIndex="-1" skippedCount="0" startedUtc="1656432647151" successfulCount="1" testApiId="com.provar.plugins.bundled.apis.control.ForEach" testItemClass="IApiCall" title="For Each: {op_excelDataUpdate}=&gt;op_excelDataUpdateRow">
              <childItems/>
              <logEntries>
                <logEntry id="1656432647151" messageType="General">The list is empty.</logEntry>
              </logEntries>
            </executionItem>
            <executionItem endedUtc="1656432659912" executionErrorCount="0" executionStatus="Executed" executionWarningCount="0" failureCount="0" id="root:plans:Shop_Floor:RSTK-9676-CRUD operation on Routing Master.testinstance:RSTK-9676-CRUD operation on Routing Master.testcase:49:50.0:39" iterationIndex="-1" skippedCount="0" startedUtc="1656432647151" successfulCount="1" testApiId="com.provar.plugins.forcedotcom.core.ui.UiWithScreen" testItemClass="IApiCall" title="Delete Routing Master">
              <childItems>
                <executionItem endedUtc="1656432657683" executionErrorCount="0" executionStatus="Executed" executionWarningCount="0" failureCount="0" id="root:plans:Shop_Floor:RSTK-9676-CRUD operation on Routing Master.testinstance:RSTK-9676-CRUD operation on Routing Master.testcase:49:50.0:39:40" iterationIndex="-1" skippedCount="0" startedUtc="1656432647433" successfulCount="1" testClauseName="substeps" testItemClass="ITestClause" title="Sub Steps">
                  <childItems>
                    <executionItem endedUtc="1656432648908" executionErrorCount="0" executionStatus="Executed" executionWarningCount="0" failureCount="0" id="root:plans:Shop_Floor:RSTK-9676-CRUD operation on Routing Master.testinstance:RSTK-9676-CRUD operation on Routing Master.testcase:49:50.0:39:40:45" iterationIndex="-1" skippedCount="0" startedUtc="1656432647433" successfulCount="1" testApiId="com.provar.plugins.forcedotcom.core.ui.UiDoAction" testItemClass="IApiCall" title="Click the Delete button">
                      <childItems/>
                      <logEntries>
                        <logEntry id="1656432647449" messageType="General">Start of Interact.  Connection: SFConnection, Locator: ui:locator?name=delete, before wait: default, after wait: default, auto retry: default</logEntry>
                        <logEntry id="1656432647660" messageType="General">Locator: ui:locator?name=delete</logEntry>
                        <logEntry id="1656432647660" messageType="General">Interaction: ui:interaction?name=action</logEntry>
                        <logEntry id="1656432647790" messageType="General">Switched focus to main window.  URL: https://automationtesting2--rstk.visualforce.com/apex/rtrouthdr?actionType=view&amp;id=a4r5f0000004iRp</logEntry>
                        <logEntry id="1656432647835" messageType="General">Doing before wait.  waitUrl: default</logEntry>
                        <logEntry id="1656432647836" messageType="General">End of &amp;lt;default&amp;gt; wait.</logEntry>
                        <logEntry id="1656432647836" messageType="General">Doing after wait.  waitUrl: default</logEntry>
                        <logEntry id="1656432648287" messageType="General">Clicking WebElement.  WebElement [tag: input, text: Delete]</logEntry>
                        <logEntry id="1656432648322" messageType="General">Doing after wait.  waitUrl: default</logEntry>
                        <logEntry id="1656432648323" messageType="General">waitAnno: @com.provar.core.testapi.annotations.PageObjectWait(implementation=class com.provar.core.testapi.BackgroundActivityWait)</logEntry>
                        <logEntry id="1656432648323" messageType="General">Doing background activity wait.  Timeout(seconds): 60, Interval(milliseconds): 500</logEntry>
                        <logEntry id="1656432648684" logLevel="Warning" messageType="General">Background Activity wait ending due to browser alert pop-up.</logEntry>
                        <logEntry id="1656432648685" messageType="General">End of &amp;lt;default&amp;gt; wait.</logEntry>
                        <logEntry id="1656432648686" messageType="General">Going to update browser window handles.</logEntry>
                        <logEntry id="1656432648686" logLevel="Debug" messageType="General">Update browser window handles.</logEntry>
                        <logEntry id="1656432648907" logLevel="Update" messageType="General">Successfully updated browser window handles.</logEntry>
                      </logEntries>
                    </executionItem>
                    <executionItem endedUtc="1656432656601" executionErrorCount="0" executionStatus="Executed" executionWarningCount="0" failureCount="0" id="root:plans:Shop_Floor:RSTK-9676-CRUD operation on Routing Master.testinstance:RSTK-9676-CRUD operation on Routing Master.testcase:49:50.0:39:40:46" iterationIndex="-1" skippedCount="0" startedUtc="1656432648908" successfulCount="1" testApiId="com.provar.plugins.forcedotcom.core.ui.UiHandleAlert" testItemClass="IApiCall" title="Handle UI Alerts">
                      <childItems/>
                      <logEntries>
                        <logEntry id="1656432648984" messageType="General">Start of Handle Alert.  Connection: SFConnection</logEntry>
                        <logEntry id="1656432649524" messageType="General">Sending screenshot.  Data length: 33256</logEntry>
                        <logEntry id="1656432653593" messageType="General">Start of Alert Wait.  Timeout (seconds): 30</logEntry>
                        <logEntry id="1656432653615" messageType="General">Polling for Alert successful.  Attempt: 1</logEntry>
                        <logEntry id="1656432653615" messageType="General">End of Alert Wait.  Actual duration(seconds): 0.006</logEntry>
                        <logEntry id="1656432653617" messageType="General">Switching to alert.  ExpectedMessage: Delete this record?</logEntry>
                        <logEntry id="1656432653632" messageType="General">Got alert text: Delete this record?</logEntry>
                        <logEntry id="1656432653635" messageType="General">com.provar.core.model.base.java.ComparisonType$Options@50e245ec</logEntry>
                        <logEntry id="1656432653639" messageType="General">Asserting Alert Message, To: 'Delete this record?', Comparision Type: Equals</logEntry>
                        <logEntry id="1656432653639" messageType="AssertionSuccessful">Assertion successful. 'Delete this record?' Equals 'Delete this record?'</logEntry>
                        <logEntry id="1656432653647" messageType="General">Accepting alert.</logEntry>
                        <logEntry id="1656432653679" messageType="General">Switching back to current frame.</logEntry>
                        <logEntry id="1656432656550" messageType="General">Switched focus to main window.  URL: https://automationtesting2.my.salesforce.com/a4r</logEntry>
                        <logEntry id="1656432656552" messageType="General">Going to update browser window handles.</logEntry>
                        <logEntry id="1656432656552" logLevel="Debug" messageType="General">Update browser window handles.</logEntry>
                        <logEntry id="1656432656601" logLevel="Update" messageType="General">Successfully updated browser window handles.</logEntry>
                      </logEntries>
                      <testArtifacts>
                        <artifactFile artifactsRelativePath="ScreenShot1" createdTimestamp="1656432649530" mimeContentType="image/png" name="ScreenShot1" title="Before Screenshot : 2022/06/28 21:40:48"/>
                      </testArtifacts>
                    </executionItem>
                    <executionItem endedUtc="1656432657676" executionErrorCount="0" executionStatus="Executed" executionWarningCount="0" failureCount="0" id="root:plans:Shop_Floor:RSTK-9676-CRUD operation on Routing Master.testinstance:RSTK-9676-CRUD operation on Routing Master.testcase:49:50.0:39:40:47" iterationIndex="-1" skippedCount="0" startedUtc="1656432656602" successfulCount="1" testApiId="com.provar.plugins.forcedotcom.core.testapis.ApexSoqlQuery" testItemClass="IApiCall" title="Read Routing Master Qty">
                      <childItems/>
                      <logEntries>
                        <logEntry id="1656432656604" messageType="General">Reading a Salesforce object.  Connection Name: SFConnection, Query: select count() from rstk__rtrouthdr__c\twhere Name='Pro-child1 (10)'</logEntry>
                        <logEntry id="1656432657676" messageType="General">The count query returned 0.</logEntry>
                      </logEntries>
                    </executionItem>
                    <executionItem endedUtc="1656432657683" executionErrorCount="0" executionStatus="Executed" executionWarningCount="0" failureCount="0" id="root:plans:Shop_Floor:RSTK-9676-CRUD operation on Routing Master.testinstance:RSTK-9676-CRUD operation on Routing Master.testcase:49:50.0:39:40:48" iterationIndex="-1" skippedCount="0" startedUtc="1656432657676" successfulCount="1" testApiId="com.provar.plugins.bundled.apis.AssertValues" testItemClass="IApiCall" title="Assert: 0 EqualTo 0">
                      <childItems/>
                      <logEntries>
                        <logEntry id="1656432657683" messageType="AssertionSuccessful">Assertion successful. (result) 0 = 0 (target)</logEntry>
                      </logEntries>
                    </executionItem>
                  </childItems>
                </executionItem>
              </childItems>
              <logEntries>
                <logEntry id="1656432647166" messageType="General">Start of With Screen.  Connection Name: SFConnection, target: sf:ui:target?page=rstk__Rtrouthdr&amp;pageObject=pageobjects.rstk__Rtrouthdr</logEntry>
                <logEntry id="1656432647261" messageType="General">Opening Page context.  Name: screen, data: null, frame: null</logEntry>
                <logEntry id="1656432647280" messageType="General">Going to update browser window handles.</logEntry>
                <logEntry id="1656432647280" logLevel="Debug" messageType="General">Update browser window handles.</logEntry>
                <logEntry id="1656432647433" logLevel="Update" messageType="General">Successfully updated browser window handles.</logEntry>
                <logEntry id="1656432657683" messageType="General">All Sub-Test Steps were successful.</logEntry>
                <logEntry id="1656432657755" messageType="General">Closing Page context.  Name: screen, data: null, frame: null</logEntry>
                <logEntry id="1656432657755" messageType="General">Main window reselected.  Window: main</logEntry>
                <logEntry id="1656432657818" messageType="General">Switched focus to main window.  URL: https://automationtesting2.my.salesforce.com/a4r</logEntry>
                <logEntry id="1656432659858" messageType="General">Going to update browser window handles.</logEntry>
                <logEntry id="1656432659858" logLevel="Debug" messageType="General">Update browser window handles.</logEntry>
                <logEntry id="1656432659911" logLevel="Update" messageType="General">Successfully updated browser window handles.</logEntry>
              </logEntries>
            </executionItem>
          </childItems>
        </executionItem>
      </childItems>
      <logEntries>
        <logEntry id="1656432593968" messageType="General">Start of iteration 1 of 1.</logEntry>
        <logEntry id="1656432659915" messageType="General">Reached the end of the List.</logEntry>
      </logEntries>
    </executionItem>
  </childItems>
</executionItem>
