<?xml version="1.0" encoding="UTF-8" standalone="no"?>
<executionItem endedUtc="1656433673357" executionErrorCount="0" executionStatus="Executed" executionWarningCount="0" failureCount="0" id="root:plans:Shop_Floor:RSTK-9706-CRUD operation on Manufacturing Processes.testinstance:RSTK-9706-CRUD operation on Manufacturing Processes.testcase" iterationIndex="-1" skippedCount="0" startedUtc="1656433596916" successfulCount="1" testCasePath="D:\\provar\\EventDemo\\Parallel-Execution\\tests\\Shop Floor" testItemClass="ITestCase" title="RSTK-9706-CRUD operation on Manufacturing Processes.testcase">
  <testItemSummary/>
  <childItems>
    <executionItem endedUtc="1656433601664" executionErrorCount="0" executionStatus="Executed" executionWarningCount="0" failureCount="0" id="root:plans:Shop_Floor:RSTK-9706-CRUD operation on Manufacturing Processes.testinstance:RSTK-9706-CRUD operation on Manufacturing Processes.testcase:1" iterationIndex="-1" skippedCount="0" startedUtc="1656433596928" successfulCount="1" testApiId="com.provar.plugins.forcedotcom.core.testapis.ApexConnect" testItemClass="IApiCall" title="Salesforce Connect: SFConnection (Test)">
      <childItems/>
      <logEntries>
        <logEntry id="1656433596933" messageType="General">Connecting to Salesforce as QARSF_Admin</logEntry>
        <logEntry id="1656433596933" logLevel="Debug" messageType="General">Connection details. Connection name: QARSF_Admin, result name: SFConnection, result scope: Test, urlString: sf:environment=PRERELEASE;apiLoginUrl=https://automationtesting2.my.salesforce.com;identityServiceUrl=https://login.salesforce.com/id/00D5f000005vwGkEAI/0055f000008Hn0WAAS;clientId={clientId};clientSecret={clientSecret};authenticationType=OAUTH;callbackUrl={callbackUrl};accessToken={accessToken};refreshToken={refreshToken}, environment: AutomationOrg, clientId: [supplied], clientSecret: [supplied], callBackUrl: [supplied], accessToken: [supplied], refreshToken: [supplied]</logEntry>
        <logEntry id="1656433596933" logLevel="Debug" messageType="General">Create object id log file.</logEntry>
        <logEntry id="1656433596937" logLevel="Trace" messageType="General">Absolute path: D:\\provar\\EventDemo\\Parallel-Execution\\ANT\\..\\ANT\\Results(15)\\Artifacts\\QARSF_Admin-objectids.log</logEntry>
        <logEntry id="1656433597958" logLevel="Debug" messageType="General">Access Token refreshed successfully.</logEntry>
        <logEntry id="1656433600579" logLevel="Debug" messageType="General">Identity Service successful. ToolingEndpoint: https://automationtesting2.my.salesforce.com/services/Soap/T/53.0/00D5f000005vwGk, ToolingRestEndpoint: https://automationtesting2.my.salesforce.com/services/data/v53.0/tooling/, PartnerEndpoint: https://automationtesting2.my.salesforce.com/services/Soap/u/53.0/00D5f000005vwGk, MetadataEndpoint: https://automationtesting2.my.salesforce.com/services/Soap/m/53.0/00D5f000005vwGk, EnterpriseEndpoint: https://automationtesting2.my.salesforce.com/services/Soap/c/53.0/00D5f000005vwGk</logEntry>
        <logEntry id="1656433600579" logLevel="Debug" messageType="General">Opening Partner connection</logEntry>
        <logEntry id="1656433600579" logLevel="Trace" messageType="General">Connection configurations: userName: automation@rootstock.com,  password: [empty], securityToken: [empty], authEndpoint: https://automationtesting2.my.salesforce.com/services/Soap/u/53.0, serviceEndpoint: https://automationtesting2.my.salesforce.com/services/Soap/u/53.0/00D5f000005vwGk</logEntry>
        <logEntry id="1656433601656" logLevel="Debug" messageType="General">Opening SOAP connection</logEntry>
        <logEntry id="1656433601658" logLevel="Trace" messageType="General">Connection configurations: userName: automation@rootstock.com,  password: [empty], securityToken: [empty], authEndpoint: https://automationtesting2.my.salesforce.com/services/Soap/u/53.0, serviceEndpoint: https://automationtesting2.my.salesforce.com/services/Soap/u/53.0</logEntry>
        <logEntry id="1656433601658" logLevel="Debug" messageType="General">Opening Metadata connection</logEntry>
        <logEntry id="1656433601660" logLevel="Trace" messageType="General">Connection configurations: userName: null,  password: [empty], securityToken: [empty], authEndpoint: https://automationtesting2.my.salesforce.com/services/Soap/u/53.0, serviceEndpoint: https://automationtesting2.my.salesforce.com/services/Soap/m/53.0/00D5f000005vwGk</logEntry>
        <logEntry id="1656433601662" logLevel="Update" messageType="General">Successfully connected to Salesforce as QARSF_Admin</logEntry>
      </logEntries>
    </executionItem>
    <executionItem endedUtc="1656433601727" executionErrorCount="0" executionStatus="Executed" executionWarningCount="0" failureCount="0" id="root:plans:Shop_Floor:RSTK-9706-CRUD operation on Manufacturing Processes.testinstance:RSTK-9706-CRUD operation on Manufacturing Processes.testcase:948" iterationIndex="-1" skippedCount="0" startedUtc="1656433601664" successfulCount="1" testApiId="com.provar.plugins.bundled.apis.control.StepGroup" testItemClass="IApiCall" title="Read excel data for selected environment">
      <childItems>
        <executionItem endedUtc="1656433601725" executionErrorCount="0" executionStatus="Executed" executionWarningCount="0" failureCount="0" id="root:plans:Shop_Floor:RSTK-9706-CRUD operation on Manufacturing Processes.testinstance:RSTK-9706-CRUD operation on Manufacturing Processes.testcase:948:949" iterationIndex="-1" skippedCount="0" startedUtc="1656433601670" successfulCount="1" testClauseName="hidden" testItemClass="ITestClause" title="Steps">
          <childItems>
            <executionItem endedUtc="1656433601725" executionErrorCount="0" executionStatus="Executed" executionWarningCount="0" failureCount="0" id="root:plans:Shop_Floor:RSTK-9706-CRUD operation on Manufacturing Processes.testinstance:RSTK-9706-CRUD operation on Manufacturing Processes.testcase:948:949:64" iterationIndex="-1" skippedCount="0" startedUtc="1656433601670" successfulCount="1" testApiId="com.provar.plugins.bundled.apis.If" testItemClass="IApiCall" title="If: {GetSelectedEnvironment() = &quot;PDE5&quot;}">
              <childItems>
                <executionItem endedUtc="0" executionErrorCount="0" executionWarningCount="0" failureCount="0" id="root:plans:Shop_Floor:RSTK-9706-CRUD operation on Manufacturing Processes.testinstance:RSTK-9706-CRUD operation on Manufacturing Processes.testcase:948:949:64:905" iterationIndex="-1" skippedCount="0" startedUtc="0" successfulCount="0" testClauseName="then" testItemClass="ITestClause" title="Then">
                  <childItems>
                    <executionItem endedUtc="0" executionErrorCount="0" executionWarningCount="0" failureCount="0" id="root:plans:Shop_Floor:RSTK-9706-CRUD operation on Manufacturing Processes.testinstance:RSTK-9706-CRUD operation on Manufacturing Processes.testcase:948:949:64:905:966" iterationIndex="-1" skippedCount="0" startedUtc="0" successfulCount="0" testApiId="com.provar.plugins.bundled.apis.control.StepGroup" testItemClass="IApiCall" title="Read excel data for selected environment">
                      <childItems>
                        <executionItem endedUtc="0" executionErrorCount="0" executionWarningCount="0" failureCount="0" id="root:plans:Shop_Floor:RSTK-9706-CRUD operation on Manufacturing Processes.testinstance:RSTK-9706-CRUD operation on Manufacturing Processes.testcase:948:949:64:905:966:937" iterationIndex="-1" skippedCount="0" startedUtc="0" successfulCount="0" testClauseName="hidden" testItemClass="ITestClause" title="Steps">
                          <childItems/>
                        </executionItem>
                      </childItems>
                    </executionItem>
                  </childItems>
                </executionItem>
                <executionItem endedUtc="1656433601725" executionErrorCount="0" executionStatus="Executed" executionWarningCount="0" failureCount="0" id="root:plans:Shop_Floor:RSTK-9706-CRUD operation on Manufacturing Processes.testinstance:RSTK-9706-CRUD operation on Manufacturing Processes.testcase:948:949:64:906" iterationIndex="-1" skippedCount="0" startedUtc="1656433601680" successfulCount="1" testClauseName="else" testItemClass="ITestClause" title="Else">
                  <childItems>
                    <executionItem endedUtc="1656433601725" executionErrorCount="0" executionStatus="Executed" executionWarningCount="0" failureCount="0" id="root:plans:Shop_Floor:RSTK-9706-CRUD operation on Manufacturing Processes.testinstance:RSTK-9706-CRUD operation on Manufacturing Processes.testcase:948:949:64:906:918" iterationIndex="-1" skippedCount="0" startedUtc="1656433601680" successfulCount="1" testApiId="com.provar.plugins.bundled.apis.If" testItemClass="IApiCall" title="If: {GetSelectedEnvironment() = &quot;AutomationOrg&quot;}">
                      <childItems>
                        <executionItem endedUtc="1656433601725" executionErrorCount="0" executionStatus="Executed" executionWarningCount="0" failureCount="0" id="root:plans:Shop_Floor:RSTK-9706-CRUD operation on Manufacturing Processes.testinstance:RSTK-9706-CRUD operation on Manufacturing Processes.testcase:948:949:64:906:918:919" iterationIndex="-1" skippedCount="0" startedUtc="1656433601687" successfulCount="1" testClauseName="then" testItemClass="ITestClause" title="Then">
                          <childItems>
                            <executionItem endedUtc="1656433601725" executionErrorCount="0" executionStatus="Executed" executionWarningCount="0" failureCount="0" id="root:plans:Shop_Floor:RSTK-9706-CRUD operation on Manufacturing Processes.testinstance:RSTK-9706-CRUD operation on Manufacturing Processes.testcase:948:949:64:906:918:919:964" iterationIndex="-1" skippedCount="0" startedUtc="1656433601687" successfulCount="1" testApiId="com.provar.plugins.bundled.apis.control.StepGroup" testItemClass="IApiCall" title="Read excel data for selected environment">
                              <childItems>
                                <executionItem endedUtc="1656433601724" executionErrorCount="0" executionStatus="Executed" executionWarningCount="0" failureCount="0" id="root:plans:Shop_Floor:RSTK-9706-CRUD operation on Manufacturing Processes.testinstance:RSTK-9706-CRUD operation on Manufacturing Processes.testcase:948:949:64:906:918:919:964:967" iterationIndex="-1" skippedCount="0" startedUtc="1656433601724" successfulCount="1" testClauseName="hidden" testItemClass="ITestClause" title="Steps">
                                  <childItems/>
                                </executionItem>
                              </childItems>
                              <logEntries>
                                <logEntry id="1656433601688" messageType="ParameterValueSource">Loading data from Parameter Value Source ...</logEntry>
                                <logEntry id="1656433601712" messageType="General">Loading Parameter Value Source row 1:</logEntry>
                                <logEntry id="1656433601720" messageType="General">==Column=&gt; RowNumber = PrimitiveValueImpl [ value: 2, valueId=null, createdUpdateSeq=-1, updatedUpdateSeq=-1]</logEntry>
                                <logEntry id="1656433601721" messageType="General">==Column=&gt; ProcessNumber = PrimitiveValueImpl [ value: Pro-PN1, valueId=null, createdUpdateSeq=-1, updatedUpdateSeq=-1]</logEntry>
                                <logEntry id="1656433601722" messageType="General">==Column=&gt; Description = PrimitiveValueImpl [ value: Provar Test, valueId=null, createdUpdateSeq=-1, updatedUpdateSeq=-1]</logEntry>
                                <logEntry id="1656433601722" logLevel="Update" messageType="General">Loaded 1 rows from Parameter Value Source.</logEntry>
                              </logEntries>
                            </executionItem>
                          </childItems>
                        </executionItem>
                        <executionItem endedUtc="0" executionErrorCount="0" executionWarningCount="0" failureCount="0" id="root:plans:Shop_Floor:RSTK-9706-CRUD operation on Manufacturing Processes.testinstance:RSTK-9706-CRUD operation on Manufacturing Processes.testcase:948:949:64:906:918:922" iterationIndex="-1" skippedCount="0" startedUtc="0" successfulCount="0" testClauseName="else" testItemClass="ITestClause" title="Else">
                          <childItems>
                            <executionItem endedUtc="0" executionErrorCount="0" executionWarningCount="0" failureCount="0" id="root:plans:Shop_Floor:RSTK-9706-CRUD operation on Manufacturing Processes.testinstance:RSTK-9706-CRUD operation on Manufacturing Processes.testcase:948:949:64:906:918:922:936" iterationIndex="-1" skippedCount="0" startedUtc="0" successfulCount="0" testApiId="com.provar.plugins.bundled.apis.control.StepGroup" testItemClass="IApiCall" title="Read excel data for selected environment">
                              <childItems>
                                <executionItem endedUtc="0" executionErrorCount="0" executionWarningCount="0" failureCount="0" id="root:plans:Shop_Floor:RSTK-9706-CRUD operation on Manufacturing Processes.testinstance:RSTK-9706-CRUD operation on Manufacturing Processes.testcase:948:949:64:906:918:922:936:965" iterationIndex="-1" skippedCount="0" startedUtc="0" successfulCount="0" testClauseName="hidden" testItemClass="ITestClause" title="Steps">
                                  <childItems/>
                                </executionItem>
                              </childItems>
                            </executionItem>
                          </childItems>
                        </executionItem>
                      </childItems>
                    </executionItem>
                  </childItems>
                </executionItem>
              </childItems>
            </executionItem>
          </childItems>
        </executionItem>
      </childItems>
    </executionItem>
    <executionItem endedUtc="1656433673356" executionErrorCount="0" executionStatus="Executed" executionWarningCount="0" failureCount="0" id="root:plans:Shop_Floor:RSTK-9706-CRUD operation on Manufacturing Processes.testinstance:RSTK-9706-CRUD operation on Manufacturing Processes.testcase:34" iterationIndex="-1" skippedCount="0" startedUtc="1656433601727" successfulCount="1" testApiId="com.provar.plugins.bundled.apis.control.ForEach" testItemClass="IApiCall" title="Read Excel Data and process record">
      <childItems>
        <executionItem endedUtc="1656433673353" executionErrorCount="0" executionStatus="Executed" executionWarningCount="0" failureCount="0" id="root:plans:Shop_Floor:RSTK-9706-CRUD operation on Manufacturing Processes.testinstance:RSTK-9706-CRUD operation on Manufacturing Processes.testcase:34:35.0" iterationIndex="0" skippedCount="0" startedUtc="1656433601733" successfulCount="1" testClauseName="substeps" testItemClass="ITestClause" title="Iteration 1">
          <childItems>
            <executionItem endedUtc="1656433626549" executionErrorCount="0" executionStatus="Executed" executionWarningCount="0" failureCount="0" id="root:plans:Shop_Floor:RSTK-9706-CRUD operation on Manufacturing Processes.testinstance:RSTK-9706-CRUD operation on Manufacturing Processes.testcase:34:35.0:2" iterationIndex="-1" skippedCount="0" startedUtc="1656433601733" successfulCount="1" testApiId="com.provar.plugins.forcedotcom.core.ui.UiWithScreen" testItemClass="IApiCall" title="On SF Rootstock Site Map tab">
              <childItems>
                <executionItem endedUtc="1656433622677" executionErrorCount="0" executionStatus="Executed" executionWarningCount="0" failureCount="0" id="root:plans:Shop_Floor:RSTK-9706-CRUD operation on Manufacturing Processes.testinstance:RSTK-9706-CRUD operation on Manufacturing Processes.testcase:34:35.0:2:3" iterationIndex="-1" skippedCount="0" startedUtc="1656433621514" successfulCount="1" testClauseName="substeps" testItemClass="ITestClause" title="Sub Steps">
                  <childItems>
                    <executionItem endedUtc="1656433622677" executionErrorCount="0" executionStatus="Executed" executionWarningCount="0" failureCount="0" id="root:plans:Shop_Floor:RSTK-9706-CRUD operation on Manufacturing Processes.testinstance:RSTK-9706-CRUD operation on Manufacturing Processes.testcase:34:35.0:2:3:4" iterationIndex="-1" skippedCount="0" startedUtc="1656433621514" successfulCount="1" testApiId="com.provar.plugins.forcedotcom.core.ui.UiDoAction" testItemClass="IApiCall" title="Click the Manufacturing Processes button">
                      <childItems/>
                      <logEntries>
                        <logEntry id="1656433621518" messageType="General">Start of Interact.  Connection: SFConnection, Locator: ui:locator?name=manufacturingProcesses, before wait: default, after wait: default, auto retry: default</logEntry>
                        <logEntry id="1656433621590" messageType="General">Locator: ui:locator?name=manufacturingProcesses</logEntry>
                        <logEntry id="1656433621590" messageType="General">Interaction: ui:interaction?name=action</logEntry>
                        <logEntry id="1656433621644" messageType="General">Switched focus to main window.  URL: https://automationtesting2--rstk.visualforce.com/apex/Manufacturing?sfdc.tabName=01r5f000000Ptu4</logEntry>
                        <logEntry id="1656433621868" messageType="General">Doing before wait.  waitUrl: default</logEntry>
                        <logEntry id="1656433621868" messageType="General">End of &amp;lt;default&amp;gt; wait.</logEntry>
                        <logEntry id="1656433621872" messageType="General">Doing after wait.  waitUrl: default</logEntry>
                        <logEntry id="1656433622560" messageType="General">Clicking WebElement.  WebElement [tag: a, text: Manufacturing Processes, href: https://automationtesting2--rstk.visualforce.com/a4q?retURL=%2Fapex%2Frstk__Manufacturing%3Fsfdc.tabName%3D01r5f000000Ptu4]</logEntry>
                        <logEntry id="1656433622623" messageType="General">Doing after wait.  waitUrl: default</logEntry>
                        <logEntry id="1656433622624" messageType="General">End of &amp;lt;default&amp;gt; wait.</logEntry>
                        <logEntry id="1656433622624" messageType="General">Going to update browser window handles.</logEntry>
                        <logEntry id="1656433622624" logLevel="Debug" messageType="General">Update browser window handles.</logEntry>
                        <logEntry id="1656433622677" logLevel="Update" messageType="General">Successfully updated browser window handles.</logEntry>
                      </logEntries>
                    </executionItem>
                  </childItems>
                </executionItem>
              </childItems>
              <logEntries>
                <logEntry id="1656433601736" messageType="General">Start of With Screen.  Connection Name: SFConnection, target: sf:ui:target?tab=rstk__Rootstock_Site_Map&amp;application=rstk__Force_com&amp;pageObject=pageobjects.rstk__Manufacturing</logEntry>
                <logEntry id="1656433601737" messageType="General">Opening Chrome webdriver instance to https://automationtesting2.my.salesforce.com/secur/frontdoor.jsp</logEntry>
                <logEntry id="1656433601737" logLevel="Debug" messageType="General">Add Chrome browser specific capabilities</logEntry>
                <logEntry id="1656433601737" logLevel="Trace" messageType="General">Using executable from UserHome Provar.  executable: C:\\Users\\Mayur\\Provar\\.chromeDriver\\chromedriver.exe</logEntry>
                <logEntry id="1656433601741" logLevel="Trace" messageType="General">Added Chrome command line switch to bypass proxy for local addresses: --proxy-bypass-list=localhost,127.0.0.1,192.168.1.14</logEntry>
                <logEntry id="1656433601741" logLevel="Trace" messageType="General">Added desired capability for Chrome browser proxy Null</logEntry>
                <logEntry id="1656433601742" logLevel="Trace" messageType="General">Using executable from UserHome Provar.  executable: C:\\Users\\Mayur\\Provar\\.chromeDriver\\chromedriver.exe</logEntry>
                <logEntry id="1656433603343" logLevel="Update" messageType="General">Successfully opened Chrome webdriver to https://automationtesting2.my.salesforce.com/secur/frontdoor.jsp</logEntry>
                <logEntry id="1656433603889" messageType="General">Opening Page context.  Name: screen, data: null, frame: null</logEntry>
                <logEntry id="1656433604678" messageType="General">Opening Salesforce Tab.  Tab Name: rstk__Rootstock_Site_Map, Url: https://automationtesting2.my.salesforce.com/servlet/servlet.Integration?lid=01r5f000000Ptu4&amp;ic=1&amp;linkToken=VmpFPSxNakF5TWkwd05pMHlNRlF4T0Rvd05Eb3dNeTR4TVRCYSx5YmdBQWpLRG1oRkhJTVFxV0FTVXNpLFlXWmtNR0po</logEntry>
                <logEntry id="1656433604704" messageType="General">Opening Salesforce user home page</logEntry>
                <logEntry id="1656433605541" logLevel="Debug" messageType="General">Navigate to home page</logEntry>
                <logEntry id="1656433605563" logLevel="Trace" messageType="General">Opening page.  URL: https://automationtesting2.my.salesforce.com/secur/frontdoor.jsp?retURL=/home/home.jsp?tsid=02u5f000000R3zG&amp;sid={accessToken}</logEntry>
                <logEntry id="1656433610803" logLevel="Debug" messageType="General">Perform page load wait</logEntry>
                <logEntry id="1656433611804" logLevel="Trace" messageType="General">Start of waitForPageToLoad. Timeout(ms): 90000</logEntry>
                <logEntry id="1656433611841" logLevel="Trace" messageType="General">Re-attempting of waitForPageToLoad.  Timeout(ms): 90000</logEntry>
                <logEntry id="1656433611871" logLevel="Trace" messageType="General">End of waitForPageToLoad.  Duration(ms): 67</logEntry>
                <logEntry id="1656433611950" logLevel="Trace" messageType="General">Opening page.  URL: https://automationtesting2.my.salesforce.com/servlet/servlet.Integration?lid=01r5f000000Ptu4&amp;ic=1&amp;linkToken=VmpFPSxNakF5TWkwd05pMHlNRlF4T0Rvd05Eb3dNeTR4TVRCYSx5YmdBQWpLRG1oRkhJTVFxV0FTVXNpLFlXWmtNR0po</logEntry>
                <logEntry id="1656433616289" logLevel="Debug" messageType="General">Perform page load wait</logEntry>
                <logEntry id="1656433616351" logLevel="Update" messageType="General">Successfully opened user home page</logEntry>
                <logEntry id="1656433621394" messageType="General">Going to update browser window handles.</logEntry>
                <logEntry id="1656433621394" logLevel="Debug" messageType="General">Update browser window handles.</logEntry>
                <logEntry id="1656433621513" logLevel="Update" messageType="General">Successfully updated browser window handles.</logEntry>
                <logEntry id="1656433622679" messageType="General">All Sub-Test Steps were successful.</logEntry>
                <logEntry id="1656433622753" messageType="General">Closing Page context.  Name: screen, data: null, frame: null</logEntry>
                <logEntry id="1656433622754" messageType="General">Main window reselected.  Window: main</logEntry>
                <logEntry id="1656433624467" messageType="General">Switched focus to main window.  URL: https://automationtesting2.my.salesforce.com/a4q?retURL=%2Fapex%2Frstk__Manufacturing%3Fsfdc.tabName%3D01r5f000000Ptu4</logEntry>
                <logEntry id="1656433626471" messageType="General">Going to update browser window handles.</logEntry>
                <logEntry id="1656433626471" logLevel="Debug" messageType="General">Update browser window handles.</logEntry>
                <logEntry id="1656433626549" logLevel="Update" messageType="General">Successfully updated browser window handles.</logEntry>
              </logEntries>
            </executionItem>
            <executionItem endedUtc="0" executionErrorCount="0" executionWarningCount="0" failureCount="0" id="root:plans:Shop_Floor:RSTK-9706-CRUD operation on Manufacturing Processes.testinstance:RSTK-9706-CRUD operation on Manufacturing Processes.testcase:34:35.0:5" iterationIndex="-1" skippedCount="0" startedUtc="0" successfulCount="0" testApiId="com.provar.plugins.forcedotcom.core.ui.UiWithScreen" testItemClass="IApiCall" title="On SF Manufacturing Process New screen">
              <childItems>
                <executionItem endedUtc="0" executionErrorCount="0" executionWarningCount="0" failureCount="0" id="root:plans:Shop_Floor:RSTK-9706-CRUD operation on Manufacturing Processes.testinstance:RSTK-9706-CRUD operation on Manufacturing Processes.testcase:34:35.0:5:6" iterationIndex="-1" skippedCount="0" startedUtc="0" successfulCount="0" testClauseName="substeps" testItemClass="ITestClause" title="Sub Steps">
                  <childItems/>
                </executionItem>
              </childItems>
            </executionItem>
            <executionItem endedUtc="1656433644528" executionErrorCount="0" executionStatus="Executed" executionWarningCount="0" failureCount="0" id="root:plans:Shop_Floor:RSTK-9706-CRUD operation on Manufacturing Processes.testinstance:RSTK-9706-CRUD operation on Manufacturing Processes.testcase:34:35.0:8" iterationIndex="-1" skippedCount="0" startedUtc="1656433626549" successfulCount="1" testApiId="com.provar.plugins.forcedotcom.core.ui.UiWithScreen" testItemClass="IApiCall" title="On SF rstk__Rtproc page with pageobject Rstk__ Rtproc">
              <childItems>
                <executionItem endedUtc="1656433642271" executionErrorCount="0" executionStatus="Executed" executionWarningCount="0" failureCount="0" id="root:plans:Shop_Floor:RSTK-9706-CRUD operation on Manufacturing Processes.testinstance:RSTK-9706-CRUD operation on Manufacturing Processes.testcase:34:35.0:8:9" iterationIndex="-1" skippedCount="0" startedUtc="1656433630464" successfulCount="1" testClauseName="substeps" testItemClass="ITestClause" title="Sub Steps">
                  <childItems>
                    <executionItem endedUtc="1656433631474" executionErrorCount="0" executionStatus="Executed" executionWarningCount="0" failureCount="0" id="root:plans:Shop_Floor:RSTK-9706-CRUD operation on Manufacturing Processes.testinstance:RSTK-9706-CRUD operation on Manufacturing Processes.testcase:34:35.0:8:9:10" iterationIndex="-1" skippedCount="0" startedUtc="1656433630464" successfulCount="1" testApiId="com.provar.plugins.forcedotcom.core.ui.UiDoAction" testItemClass="IApiCall" title="Set the Process Number field to Pro-PN1">
                      <childItems/>
                      <logEntries>
                        <logEntry id="1656433630467" messageType="General">Start of Interact.  Connection: SFConnection, Locator: ui:locator?name=processNumber, before wait: default, after wait: default, auto retry: default</logEntry>
                        <logEntry id="1656433630542" messageType="General">Locator: ui:locator?name=processNumber</logEntry>
                        <logEntry id="1656433630543" messageType="General">Interaction: ui:interaction?name=set</logEntry>
                        <logEntry id="1656433630609" messageType="General">Switched focus to main window.  URL: https://automationtesting2--rstk.visualforce.com/apex/Rtproc</logEntry>
                        <logEntry id="1656433630736" messageType="General">Doing before wait.  waitUrl: default</logEntry>
                        <logEntry id="1656433630736" messageType="General">End of &amp;lt;default&amp;gt; wait.</logEntry>
                        <logEntry id="1656433630737" messageType="General">Doing after wait.  waitUrl: default</logEntry>
                        <logEntry id="1656433630796" messageType="General">Got webElement.  tagName: INPUT, id: null, type: text, selector: null</logEntry>
                        <logEntry id="1656433631091" messageType="General">Typing value.  tagName: INPUT, type: text, value: Pro-PN1, blur: false, selector: null</logEntry>
                        <logEntry id="1656433631415" messageType="General">Doing after wait.  waitUrl: default</logEntry>
                        <logEntry id="1656433631415" messageType="General">End of &amp;lt;default&amp;gt; wait.</logEntry>
                        <logEntry id="1656433631415" messageType="General">Going to update browser window handles.</logEntry>
                        <logEntry id="1656433631416" logLevel="Debug" messageType="General">Update browser window handles.</logEntry>
                        <logEntry id="1656433631474" logLevel="Update" messageType="General">Successfully updated browser window handles.</logEntry>
                      </logEntries>
                    </executionItem>
                    <executionItem endedUtc="1656433632530" executionErrorCount="0" executionStatus="Executed" executionWarningCount="0" failureCount="0" id="root:plans:Shop_Floor:RSTK-9706-CRUD operation on Manufacturing Processes.testinstance:RSTK-9706-CRUD operation on Manufacturing Processes.testcase:34:35.0:8:9:11" iterationIndex="-1" skippedCount="0" startedUtc="1656433631475" successfulCount="1" testApiId="com.provar.plugins.forcedotcom.core.ui.UiDoAction" testItemClass="IApiCall" title="Set the Description field to Provar Test">
                      <childItems/>
                      <logEntries>
                        <logEntry id="1656433631481" messageType="General">Start of Interact.  Connection: SFConnection, Locator: ui:locator?name=description, before wait: default, after wait: default, auto retry: default</logEntry>
                        <logEntry id="1656433631553" messageType="General">Locator: ui:locator?name=description</logEntry>
                        <logEntry id="1656433631553" messageType="General">Interaction: ui:interaction?name=set</logEntry>
                        <logEntry id="1656433631640" messageType="General">Switched focus to main window.  URL: https://automationtesting2--rstk.visualforce.com/apex/Rtproc</logEntry>
                        <logEntry id="1656433631777" messageType="General">Doing before wait.  waitUrl: default</logEntry>
                        <logEntry id="1656433631777" messageType="General">End of &amp;lt;default&amp;gt; wait.</logEntry>
                        <logEntry id="1656433631777" messageType="General">Doing after wait.  waitUrl: default</logEntry>
                        <logEntry id="1656433631838" messageType="General">Got webElement.  tagName: INPUT, id: null, type: text, selector: null</logEntry>
                        <logEntry id="1656433632111" messageType="General">Typing value.  tagName: INPUT, type: text, value: Provar Test, blur: false, selector: null</logEntry>
                        <logEntry id="1656433632477" messageType="General">Doing after wait.  waitUrl: default</logEntry>
                        <logEntry id="1656433632477" messageType="General">End of &amp;lt;default&amp;gt; wait.</logEntry>
                        <logEntry id="1656433632478" messageType="General">Going to update browser window handles.</logEntry>
                        <logEntry id="1656433632478" logLevel="Debug" messageType="General">Update browser window handles.</logEntry>
                        <logEntry id="1656433632530" logLevel="Update" messageType="General">Successfully updated browser window handles.</logEntry>
                      </logEntries>
                    </executionItem>
                    <executionItem endedUtc="1656433640046" executionErrorCount="0" executionStatus="Executed" executionWarningCount="0" failureCount="0" id="root:plans:Shop_Floor:RSTK-9706-CRUD operation on Manufacturing Processes.testinstance:RSTK-9706-CRUD operation on Manufacturing Processes.testcase:34:35.0:8:9:12" iterationIndex="-1" skippedCount="0" startedUtc="1656433632530" successfulCount="1" testApiId="com.provar.plugins.forcedotcom.core.ui.UiDoAction" testItemClass="IApiCall" title="Click the Save button">
                      <childItems/>
                      <logEntries>
                        <logEntry id="1656433632539" messageType="General">Start of Interact.  Connection: SFConnection, Locator: ui:locator?name=save, before wait: default, after wait: default, auto retry: default</logEntry>
                        <logEntry id="1656433632609" messageType="General">Locator: ui:locator?name=save</logEntry>
                        <logEntry id="1656433632609" messageType="General">Interaction: ui:interaction?name=action</logEntry>
                        <logEntry id="1656433632678" messageType="General">Switched focus to main window.  URL: https://automationtesting2--rstk.visualforce.com/apex/Rtproc</logEntry>
                        <logEntry id="1656433632709" messageType="General">Doing before wait.  waitUrl: default</logEntry>
                        <logEntry id="1656433632709" messageType="General">End of &amp;lt;default&amp;gt; wait.</logEntry>
                        <logEntry id="1656433632712" messageType="General">Doing after wait.  waitUrl: default</logEntry>
                        <logEntry id="1656433632988" messageType="General">Clicking WebElement.  WebElement [tag: input, text: Save]</logEntry>
                        <logEntry id="1656433633027" messageType="General">Doing after wait.  waitUrl: default</logEntry>
                        <logEntry id="1656433633029" messageType="General">waitAnno: @com.provar.core.testapi.annotations.PageObjectWait(implementation=class com.provar.core.testapi.BackgroundActivityWait)</logEntry>
                        <logEntry id="1656433633029" messageType="General">Doing background activity wait.  Timeout(seconds): 60, Interval(milliseconds): 500</logEntry>
                        <logEntry id="1656433639996" logLevel="Update" messageType="General">Background activity wait successful.  Actual duration(seconds): 6.968</logEntry>
                        <logEntry id="1656433639996" messageType="General">End of &amp;lt;default&amp;gt; wait.</logEntry>
                        <logEntry id="1656433639997" messageType="General">Going to update browser window handles.</logEntry>
                        <logEntry id="1656433639997" logLevel="Debug" messageType="General">Update browser window handles.</logEntry>
                        <logEntry id="1656433640046" logLevel="Update" messageType="General">Successfully updated browser window handles.</logEntry>
                      </logEntries>
                    </executionItem>
                    <executionItem endedUtc="1656433642271" executionErrorCount="0" executionStatus="Executed" executionWarningCount="0" failureCount="0" id="root:plans:Shop_Floor:RSTK-9706-CRUD operation on Manufacturing Processes.testinstance:RSTK-9706-CRUD operation on Manufacturing Processes.testcase:34:35.0:8:9:13" iterationIndex="-1" skippedCount="0" startedUtc="1656433640046" successfulCount="1" testApiId="com.provar.plugins.forcedotcom.core.ui.UiAssert" testItemClass="IApiCall" title="UI Assert:Name">
                      <childItems/>
                      <logEntries>
                        <logEntry id="1656433640046" messageType="General">Start of UiAssert.  Connection: SFConnection</logEntry>
                        <logEntry id="1656433640125" messageType="General">Resolving field name</logEntry>
                        <logEntry id="1656433640185" messageType="General">Switched focus to main window.  URL: https://automationtesting2--rstk.visualforce.com/apex/rtproc?actionType=view&amp;id=a4q5f000000hcls</logEntry>
                        <logEntry id="1656433640185" messageType="General">Doing before wait.  waitUrl: default</logEntry>
                        <logEntry id="1656433640188" messageType="General">End of &amp;lt;default&amp;gt; wait.</logEntry>
                        <logEntry id="1656433641377" messageType="General">Switched focus to main window.  URL: https://automationtesting2--rstk.visualforce.com/apex/rtproc?actionType=view&amp;id=a4q5f000000hcls</logEntry>
                        <logEntry id="1656433642205" messageType="General">Asserting field attributes: name</logEntry>
                        <logEntry id="1656433642205" messageType="General">Reading Attribute: value</logEntry>
                        <logEntry id="1656433642206" messageType="General">Object read successfully.  Result Name: op_mfgProcName</logEntry>
                        <logEntry id="1656433642206" messageType="General">Going to update browser window handles.</logEntry>
                        <logEntry id="1656433642206" logLevel="Debug" messageType="General">Update browser window handles.</logEntry>
                        <logEntry id="1656433642270" logLevel="Update" messageType="General">Successfully updated browser window handles.</logEntry>
                      </logEntries>
                    </executionItem>
                  </childItems>
                </executionItem>
              </childItems>
              <logEntries>
                <logEntry id="1656433626549" messageType="General">Start of With Screen.  Connection Name: SFConnection, target: sf:ui:target?pageObject=pageobjects.rstk__Rtproc&amp;page=rstk__Rtproc</logEntry>
                <logEntry id="1656433626643" messageType="General">Opening Page context.  Name: screen, data: null, frame: null</logEntry>
                <logEntry id="1656433626659" messageType="General">Opening Salesforce Page.  Page Name: rstk__Rtproc, Url: /apex/rstk__Rtproc</logEntry>
                <logEntry id="1656433626659" messageType="General">Opening Salesforce user home page</logEntry>
                <logEntry id="1656433627750" logLevel="Debug" messageType="General">Navigate to home page</logEntry>
                <logEntry id="1656433627766" logLevel="Trace" messageType="General">Qualified relative URL.  URL: https://automationtesting2.my.salesforce.com/apex/rstk__Rtproc</logEntry>
                <logEntry id="1656433627766" logLevel="Trace" messageType="General">Opening page.  Requested URL: /apex/rstk__Rtproc, Absolute URL: https://automationtesting2.my.salesforce.com/apex/rstk__Rtproc?//automationtesting2.my.salesforce.com/apex/rstk__Rtproc=</logEntry>
                <logEntry id="1656433630181" logLevel="Debug" messageType="General">Perform page load wait</logEntry>
                <logEntry id="1656433630251" logLevel="Update" messageType="General">Successfully opened user home page</logEntry>
                <logEntry id="1656433630377" messageType="General">Going to update browser window handles.</logEntry>
                <logEntry id="1656433630377" logLevel="Debug" messageType="General">Update browser window handles.</logEntry>
                <logEntry id="1656433630463" logLevel="Update" messageType="General">Successfully updated browser window handles.</logEntry>
                <logEntry id="1656433642278" messageType="General">All Sub-Test Steps were successful.</logEntry>
                <logEntry id="1656433642349" messageType="General">Closing Page context.  Name: screen, data: null, frame: null</logEntry>
                <logEntry id="1656433642350" messageType="General">Main window reselected.  Window: main</logEntry>
                <logEntry id="1656433642433" messageType="General">Switched focus to main window.  URL: https://automationtesting2--rstk.visualforce.com/apex/rtproc?actionType=view&amp;id=a4q5f000000hcls</logEntry>
                <logEntry id="1656433644447" messageType="General">Going to update browser window handles.</logEntry>
                <logEntry id="1656433644447" logLevel="Debug" messageType="General">Update browser window handles.</logEntry>
                <logEntry id="1656433644527" logLevel="Update" messageType="General">Successfully updated browser window handles.</logEntry>
              </logEntries>
            </executionItem>
            <executionItem endedUtc="1656433644587" executionErrorCount="0" executionStatus="Executed" executionWarningCount="0" failureCount="0" id="root:plans:Shop_Floor:RSTK-9706-CRUD operation on Manufacturing Processes.testinstance:RSTK-9706-CRUD operation on Manufacturing Processes.testcase:34:35.0:929" iterationIndex="-1" skippedCount="0" startedUtc="1656433644528" successfulCount="1" testApiId="com.provar.plugins.bundled.apis.If" testItemClass="IApiCall" title="If: {GetSelectedEnvironment() = &quot;PDE5&quot;}">
              <childItems>
                <executionItem endedUtc="0" executionErrorCount="0" executionWarningCount="0" failureCount="0" id="root:plans:Shop_Floor:RSTK-9706-CRUD operation on Manufacturing Processes.testinstance:RSTK-9706-CRUD operation on Manufacturing Processes.testcase:34:35.0:929:930" iterationIndex="-1" skippedCount="0" startedUtc="0" successfulCount="0" testClauseName="then" testItemClass="ITestClause" title="Then">
                  <childItems>
                    <executionItem endedUtc="0" executionErrorCount="0" executionWarningCount="0" failureCount="0" id="root:plans:Shop_Floor:RSTK-9706-CRUD operation on Manufacturing Processes.testinstance:RSTK-9706-CRUD operation on Manufacturing Processes.testcase:34:35.0:929:930:942" iterationIndex="-1" skippedCount="0" startedUtc="0" successfulCount="0" testApiId="com.provar.plugins.bundled.apis.control.StepGroup" testItemClass="IApiCall" title="Read excel data for selected environment">
                      <childItems>
                        <executionItem endedUtc="0" executionErrorCount="0" executionWarningCount="0" failureCount="0" id="root:plans:Shop_Floor:RSTK-9706-CRUD operation on Manufacturing Processes.testinstance:RSTK-9706-CRUD operation on Manufacturing Processes.testcase:34:35.0:929:930:942:945" iterationIndex="-1" skippedCount="0" startedUtc="0" successfulCount="0" testClauseName="hidden" testItemClass="ITestClause" title="Steps">
                          <childItems/>
                        </executionItem>
                      </childItems>
                    </executionItem>
                  </childItems>
                </executionItem>
                <executionItem endedUtc="1656433644587" executionErrorCount="0" executionStatus="Executed" executionWarningCount="0" failureCount="0" id="root:plans:Shop_Floor:RSTK-9706-CRUD operation on Manufacturing Processes.testinstance:RSTK-9706-CRUD operation on Manufacturing Processes.testcase:34:35.0:929:931" iterationIndex="-1" skippedCount="0" startedUtc="1656433644536" successfulCount="1" testClauseName="else" testItemClass="ITestClause" title="Else">
                  <childItems>
                    <executionItem endedUtc="1656433644587" executionErrorCount="0" executionStatus="Executed" executionWarningCount="0" failureCount="0" id="root:plans:Shop_Floor:RSTK-9706-CRUD operation on Manufacturing Processes.testinstance:RSTK-9706-CRUD operation on Manufacturing Processes.testcase:34:35.0:929:931:932" iterationIndex="-1" skippedCount="0" startedUtc="1656433644537" successfulCount="1" testApiId="com.provar.plugins.bundled.apis.If" testItemClass="IApiCall" title="If: {GetSelectedEnvironment() = &quot;AutomationOrg&quot;}">
                      <childItems>
                        <executionItem endedUtc="1656433644587" executionErrorCount="0" executionStatus="Executed" executionWarningCount="0" failureCount="0" id="root:plans:Shop_Floor:RSTK-9706-CRUD operation on Manufacturing Processes.testinstance:RSTK-9706-CRUD operation on Manufacturing Processes.testcase:34:35.0:929:931:932:933" iterationIndex="-1" skippedCount="0" startedUtc="1656433644543" successfulCount="1" testClauseName="then" testItemClass="ITestClause" title="Then">
                          <childItems>
                            <executionItem endedUtc="1656433644587" executionErrorCount="0" executionStatus="Executed" executionWarningCount="0" failureCount="0" id="root:plans:Shop_Floor:RSTK-9706-CRUD operation on Manufacturing Processes.testinstance:RSTK-9706-CRUD operation on Manufacturing Processes.testcase:34:35.0:929:931:932:933:940" iterationIndex="-1" skippedCount="0" startedUtc="1656433644543" successfulCount="1" testApiId="com.provar.plugins.bundled.apis.control.StepGroup" testItemClass="IApiCall" title="Read excel data for selected environment">
                              <childItems>
                                <executionItem endedUtc="1656433644585" executionErrorCount="0" executionStatus="Executed" executionWarningCount="0" failureCount="0" id="root:plans:Shop_Floor:RSTK-9706-CRUD operation on Manufacturing Processes.testinstance:RSTK-9706-CRUD operation on Manufacturing Processes.testcase:34:35.0:929:931:932:933:940:943" iterationIndex="-1" skippedCount="0" startedUtc="1656433644585" successfulCount="1" testClauseName="hidden" testItemClass="ITestClause" title="Steps">
                                  <childItems/>
                                </executionItem>
                              </childItems>
                              <logEntries>
                                <logEntry id="1656433644544" messageType="ParameterValueSource">Loading data from Parameter Value Source ...</logEntry>
                                <logEntry id="1656433644570" messageType="General">Loading Parameter Value Source row 1:</logEntry>
                                <logEntry id="1656433644574" messageType="General">==Column=&gt; RowNumber = PrimitiveValueImpl [ value: 2, valueId=null, createdUpdateSeq=-1, updatedUpdateSeq=-1]</logEntry>
                                <logEntry id="1656433644580" messageType="General">==Column=&gt; ProcessNumber = PrimitiveValueImpl [ value: Pro-PN1, valueId=null, createdUpdateSeq=-1, updatedUpdateSeq=-1]</logEntry>
                                <logEntry id="1656433644581" messageType="General">==Column=&gt; Description = PrimitiveValueImpl [ value: Provar Test Update, valueId=null, createdUpdateSeq=-1, updatedUpdateSeq=-1]</logEntry>
                                <logEntry id="1656433644582" logLevel="Update" messageType="General">Loaded 1 rows from Parameter Value Source.</logEntry>
                              </logEntries>
                            </executionItem>
                          </childItems>
                        </executionItem>
                        <executionItem endedUtc="0" executionErrorCount="0" executionWarningCount="0" failureCount="0" id="root:plans:Shop_Floor:RSTK-9706-CRUD operation on Manufacturing Processes.testinstance:RSTK-9706-CRUD operation on Manufacturing Processes.testcase:34:35.0:929:931:932:934" iterationIndex="-1" skippedCount="0" startedUtc="0" successfulCount="0" testClauseName="else" testItemClass="ITestClause" title="Else">
                          <childItems>
                            <executionItem endedUtc="0" executionErrorCount="0" executionWarningCount="0" failureCount="0" id="root:plans:Shop_Floor:RSTK-9706-CRUD operation on Manufacturing Processes.testinstance:RSTK-9706-CRUD operation on Manufacturing Processes.testcase:34:35.0:929:931:932:934:938" iterationIndex="-1" skippedCount="0" startedUtc="0" successfulCount="0" testApiId="com.provar.plugins.bundled.apis.control.StepGroup" testItemClass="IApiCall" title="Read excel data for selected environment">
                              <childItems>
                                <executionItem endedUtc="0" executionErrorCount="0" executionWarningCount="0" failureCount="0" id="root:plans:Shop_Floor:RSTK-9706-CRUD operation on Manufacturing Processes.testinstance:RSTK-9706-CRUD operation on Manufacturing Processes.testcase:34:35.0:929:931:932:934:938:941" iterationIndex="-1" skippedCount="0" startedUtc="0" successfulCount="0" testClauseName="hidden" testItemClass="ITestClause" title="Steps">
                                  <childItems/>
                                </executionItem>
                              </childItems>
                            </executionItem>
                          </childItems>
                        </executionItem>
                      </childItems>
                    </executionItem>
                  </childItems>
                </executionItem>
              </childItems>
            </executionItem>
            <executionItem endedUtc="1656433658300" executionErrorCount="0" executionStatus="Executed" executionWarningCount="0" failureCount="0" id="root:plans:Shop_Floor:RSTK-9706-CRUD operation on Manufacturing Processes.testinstance:RSTK-9706-CRUD operation on Manufacturing Processes.testcase:34:35.0:62" iterationIndex="-1" skippedCount="0" startedUtc="1656433644587" successfulCount="1" testApiId="com.provar.plugins.bundled.apis.control.ForEach" testItemClass="IApiCall" title="Update Record">
              <childItems>
                <executionItem endedUtc="1656433658294" executionErrorCount="0" executionStatus="Executed" executionWarningCount="0" failureCount="0" id="root:plans:Shop_Floor:RSTK-9706-CRUD operation on Manufacturing Processes.testinstance:RSTK-9706-CRUD operation on Manufacturing Processes.testcase:34:35.0:62:63.0" iterationIndex="0" skippedCount="0" startedUtc="1656433644590" successfulCount="1" testClauseName="substeps" testItemClass="ITestClause" title="Iteration 1">
                  <childItems>
                    <executionItem endedUtc="1656433658293" executionErrorCount="0" executionStatus="Executed" executionWarningCount="0" failureCount="0" id="root:plans:Shop_Floor:RSTK-9706-CRUD operation on Manufacturing Processes.testinstance:RSTK-9706-CRUD operation on Manufacturing Processes.testcase:34:35.0:62:63.0:16" iterationIndex="-1" skippedCount="0" startedUtc="1656433644590" successfulCount="1" testApiId="com.provar.plugins.forcedotcom.core.ui.UiWithScreen" testItemClass="IApiCall" title="On SF rstk__Rtproc page with pageobject Rstk__ Rtproc">
                      <childItems>
                        <executionItem endedUtc="1656433656051" executionErrorCount="0" executionStatus="Executed" executionWarningCount="0" failureCount="0" id="root:plans:Shop_Floor:RSTK-9706-CRUD operation on Manufacturing Processes.testinstance:RSTK-9706-CRUD operation on Manufacturing Processes.testcase:34:35.0:62:63.0:16:17" iterationIndex="-1" skippedCount="0" startedUtc="1656433646896" successfulCount="1" testClauseName="substeps" testItemClass="ITestClause" title="Sub Steps">
                          <childItems>
                            <executionItem endedUtc="1656433649921" executionErrorCount="0" executionStatus="Executed" executionWarningCount="0" failureCount="0" id="root:plans:Shop_Floor:RSTK-9706-CRUD operation on Manufacturing Processes.testinstance:RSTK-9706-CRUD operation on Manufacturing Processes.testcase:34:35.0:62:63.0:16:17:18" iterationIndex="-1" skippedCount="0" startedUtc="1656433646896" successfulCount="1" testApiId="com.provar.plugins.forcedotcom.core.ui.UiDoAction" testItemClass="IApiCall" title="Click the Edit button">
                              <childItems/>
                              <logEntries>
                                <logEntry id="1656433646900" messageType="General">Start of Interact.  Connection: SFConnection, Locator: ui:locator?name=edit, before wait: default, after wait: default, auto retry: default</logEntry>
                                <logEntry id="1656433646975" messageType="General">Locator: ui:locator?name=edit</logEntry>
                                <logEntry id="1656433646977" messageType="General">Interaction: ui:interaction?name=action</logEntry>
                                <logEntry id="1656433647042" messageType="General">Switched focus to main window.  URL: https://automationtesting2--rstk.visualforce.com/apex/rtproc?actionType=view&amp;id=a4q5f000000hcls</logEntry>
                                <logEntry id="1656433647076" messageType="General">Doing before wait.  waitUrl: default</logEntry>
                                <logEntry id="1656433647077" messageType="General">End of &amp;lt;default&amp;gt; wait.</logEntry>
                                <logEntry id="1656433647077" messageType="General">Doing after wait.  waitUrl: default</logEntry>
                                <logEntry id="1656433647359" messageType="General">Clicking WebElement.  WebElement [tag: input, text: Edit]</logEntry>
                                <logEntry id="1656433647392" messageType="General">Doing after wait.  waitUrl: default</logEntry>
                                <logEntry id="1656433647393" messageType="General">waitAnno: @com.provar.core.testapi.annotations.PageObjectWait(implementation=class com.provar.core.testapi.BackgroundActivityWait)</logEntry>
                                <logEntry id="1656433647393" messageType="General">Doing background activity wait.  Timeout(seconds): 60, Interval(milliseconds): 500</logEntry>
                                <logEntry id="1656433649858" logLevel="Update" messageType="General">Background activity wait successful.  Actual duration(seconds): 2.466</logEntry>
                                <logEntry id="1656433649858" messageType="General">End of &amp;lt;default&amp;gt; wait.</logEntry>
                                <logEntry id="1656433649864" messageType="General">Going to update browser window handles.</logEntry>
                                <logEntry id="1656433649864" logLevel="Debug" messageType="General">Update browser window handles.</logEntry>
                                <logEntry id="1656433649919" logLevel="Update" messageType="General">Successfully updated browser window handles.</logEntry>
                              </logEntries>
                            </executionItem>
                            <executionItem endedUtc="1656433651163" executionErrorCount="0" executionStatus="Executed" executionWarningCount="0" failureCount="0" id="root:plans:Shop_Floor:RSTK-9706-CRUD operation on Manufacturing Processes.testinstance:RSTK-9706-CRUD operation on Manufacturing Processes.testcase:34:35.0:62:63.0:16:17:22" iterationIndex="-1" skippedCount="0" startedUtc="1656433649921" successfulCount="1" testApiId="com.provar.plugins.forcedotcom.core.ui.UiDoAction" testItemClass="IApiCall" title="Set the Description field to Provar Test Update">
                              <childItems/>
                              <logEntries>
                                <logEntry id="1656433649924" messageType="General">Start of Interact.  Connection: SFConnection, Locator: ui:locator?name=description, before wait: default, after wait: default, auto retry: default</logEntry>
                                <logEntry id="1656433649998" messageType="General">Locator: ui:locator?name=description</logEntry>
                                <logEntry id="1656433649998" messageType="General">Interaction: ui:interaction?name=set</logEntry>
                                <logEntry id="1656433650069" messageType="General">Switched focus to main window.  URL: https://automationtesting2--rstk.visualforce.com/apex/Rtproc?id=a4q5f000000hcls&amp;sfdc.override=1</logEntry>
                                <logEntry id="1656433650232" messageType="General">Doing before wait.  waitUrl: default</logEntry>
                                <logEntry id="1656433650232" messageType="General">End of &amp;lt;default&amp;gt; wait.</logEntry>
                                <logEntry id="1656433650232" messageType="General">Doing after wait.  waitUrl: default</logEntry>
                                <logEntry id="1656433650294" messageType="General">Got webElement.  tagName: INPUT, id: null, type: text, selector: null</logEntry>
                                <logEntry id="1656433650641" messageType="General">Typing value.  tagName: INPUT, type: text, value: Provar Test Update, blur: false, selector: null</logEntry>
                                <logEntry id="1656433651102" messageType="General">Doing after wait.  waitUrl: default</logEntry>
                                <logEntry id="1656433651103" messageType="General">End of &amp;lt;default&amp;gt; wait.</logEntry>
                                <logEntry id="1656433651103" messageType="General">Going to update browser window handles.</logEntry>
                                <logEntry id="1656433651103" logLevel="Debug" messageType="General">Update browser window handles.</logEntry>
                                <logEntry id="1656433651163" logLevel="Update" messageType="General">Successfully updated browser window handles.</logEntry>
                              </logEntries>
                            </executionItem>
                            <executionItem endedUtc="1656433656051" executionErrorCount="0" executionStatus="Executed" executionWarningCount="0" failureCount="0" id="root:plans:Shop_Floor:RSTK-9706-CRUD operation on Manufacturing Processes.testinstance:RSTK-9706-CRUD operation on Manufacturing Processes.testcase:34:35.0:62:63.0:16:17:23" iterationIndex="-1" skippedCount="0" startedUtc="1656433651163" successfulCount="1" testApiId="com.provar.plugins.forcedotcom.core.ui.UiDoAction" testItemClass="IApiCall" title="Click the Save button">
                              <childItems/>
                              <logEntries>
                                <logEntry id="1656433651170" messageType="General">Start of Interact.  Connection: SFConnection, Locator: ui:locator?name=save, before wait: default, after wait: default, auto retry: default</logEntry>
                                <logEntry id="1656433651239" messageType="General">Locator: ui:locator?name=save</logEntry>
                                <logEntry id="1656433651240" messageType="General">Interaction: ui:interaction?name=action</logEntry>
                                <logEntry id="1656433651296" messageType="General">Switched focus to main window.  URL: https://automationtesting2--rstk.visualforce.com/apex/Rtproc?id=a4q5f000000hcls&amp;sfdc.override=1</logEntry>
                                <logEntry id="1656433651328" messageType="General">Doing before wait.  waitUrl: default</logEntry>
                                <logEntry id="1656433651328" messageType="General">End of &amp;lt;default&amp;gt; wait.</logEntry>
                                <logEntry id="1656433651328" messageType="General">Doing after wait.  waitUrl: default</logEntry>
                                <logEntry id="1656433651634" messageType="General">Clicking WebElement.  WebElement [tag: input, text: Save]</logEntry>
                                <logEntry id="1656433651674" messageType="General">Doing after wait.  waitUrl: default</logEntry>
                                <logEntry id="1656433651677" messageType="General">waitAnno: @com.provar.core.testapi.annotations.PageObjectWait(implementation=class com.provar.core.testapi.BackgroundActivityWait)</logEntry>
                                <logEntry id="1656433651684" messageType="General">Doing background activity wait.  Timeout(seconds): 60, Interval(milliseconds): 500</logEntry>
                                <logEntry id="1656433655990" logLevel="Update" messageType="General">Background activity wait successful.  Actual duration(seconds): 4.316</logEntry>
                                <logEntry id="1656433655991" messageType="General">End of &amp;lt;default&amp;gt; wait.</logEntry>
                                <logEntry id="1656433655992" messageType="General">Going to update browser window handles.</logEntry>
                                <logEntry id="1656433655992" logLevel="Debug" messageType="General">Update browser window handles.</logEntry>
                                <logEntry id="1656433656050" logLevel="Update" messageType="General">Successfully updated browser window handles.</logEntry>
                              </logEntries>
                            </executionItem>
                          </childItems>
                        </executionItem>
                      </childItems>
                      <logEntries>
                        <logEntry id="1656433644593" messageType="General">Start of With Screen.  Connection Name: SFConnection, target: sf:ui:target?pageObject=pageobjects.rstk__Rtproc&amp;page=rstk__Rtproc</logEntry>
                        <logEntry id="1656433644687" messageType="General">Opening Page context.  Name: screen, data: null, frame: null</logEntry>
                        <logEntry id="1656433646838" messageType="General">Going to update browser window handles.</logEntry>
                        <logEntry id="1656433646838" logLevel="Debug" messageType="General">Update browser window handles.</logEntry>
                        <logEntry id="1656433646895" logLevel="Update" messageType="General">Successfully updated browser window handles.</logEntry>
                        <logEntry id="1656433656054" messageType="General">All Sub-Test Steps were successful.</logEntry>
                        <logEntry id="1656433656127" messageType="General">Closing Page context.  Name: screen, data: null, frame: null</logEntry>
                        <logEntry id="1656433656127" messageType="General">Main window reselected.  Window: main</logEntry>
                        <logEntry id="1656433656196" messageType="General">Switched focus to main window.  URL: https://automationtesting2--rstk.visualforce.com/apex/rtproc?actionType=view&amp;id=a4q5f000000hcls</logEntry>
                        <logEntry id="1656433658204" messageType="General">Going to update browser window handles.</logEntry>
                        <logEntry id="1656433658205" logLevel="Debug" messageType="General">Update browser window handles.</logEntry>
                        <logEntry id="1656433658291" logLevel="Update" messageType="General">Successfully updated browser window handles.</logEntry>
                      </logEntries>
                    </executionItem>
                  </childItems>
                </executionItem>
              </childItems>
              <logEntries>
                <logEntry id="1656433644588" messageType="General">Start of iteration 1 of 1.</logEntry>
                <logEntry id="1656433658299" messageType="General">Reached the end of the List.</logEntry>
              </logEntries>
            </executionItem>
            <executionItem endedUtc="1656433673353" executionErrorCount="0" executionStatus="Executed" executionWarningCount="0" failureCount="0" id="root:plans:Shop_Floor:RSTK-9706-CRUD operation on Manufacturing Processes.testinstance:RSTK-9706-CRUD operation on Manufacturing Processes.testcase:34:35.0:24" iterationIndex="-1" skippedCount="0" startedUtc="1656433658300" successfulCount="1" testApiId="com.provar.plugins.bundled.apis.control.StepGroup" testItemClass="IApiCall" title="Delete Record">
              <childItems>
                <executionItem endedUtc="1656433673350" executionErrorCount="0" executionStatus="Executed" executionWarningCount="0" failureCount="0" id="root:plans:Shop_Floor:RSTK-9706-CRUD operation on Manufacturing Processes.testinstance:RSTK-9706-CRUD operation on Manufacturing Processes.testcase:34:35.0:24:25" iterationIndex="-1" skippedCount="0" startedUtc="1656433658306" successfulCount="1" testClauseName="hidden" testItemClass="ITestClause" title="Steps">
                  <childItems>
                    <executionItem endedUtc="1656433673350" executionErrorCount="0" executionStatus="Executed" executionWarningCount="0" failureCount="0" id="root:plans:Shop_Floor:RSTK-9706-CRUD operation on Manufacturing Processes.testinstance:RSTK-9706-CRUD operation on Manufacturing Processes.testcase:34:35.0:24:25:26" iterationIndex="-1" skippedCount="0" startedUtc="1656433658306" successfulCount="1" testApiId="com.provar.plugins.forcedotcom.core.ui.UiWithScreen" testItemClass="IApiCall" title="On SF rstk__Rtproc page with pageobject Rstk__ Rtproc">
                      <childItems>
                        <executionItem endedUtc="1656433671101" executionErrorCount="0" executionStatus="Executed" executionWarningCount="0" failureCount="0" id="root:plans:Shop_Floor:RSTK-9706-CRUD operation on Manufacturing Processes.testinstance:RSTK-9706-CRUD operation on Manufacturing Processes.testcase:34:35.0:24:25:26:27" iterationIndex="-1" skippedCount="0" startedUtc="1656433660631" successfulCount="1" testClauseName="substeps" testItemClass="ITestClause" title="Sub Steps">
                          <childItems>
                            <executionItem endedUtc="1656433661527" executionErrorCount="0" executionStatus="Executed" executionWarningCount="0" failureCount="0" id="root:plans:Shop_Floor:RSTK-9706-CRUD operation on Manufacturing Processes.testinstance:RSTK-9706-CRUD operation on Manufacturing Processes.testcase:34:35.0:24:25:26:27:28" iterationIndex="-1" skippedCount="0" startedUtc="1656433660631" successfulCount="1" testApiId="com.provar.plugins.forcedotcom.core.ui.UiDoAction" testItemClass="IApiCall" title="Click the Delete button">
                              <childItems/>
                              <logEntries>
                                <logEntry id="1656433660645" messageType="General">Start of Interact.  Connection: SFConnection, Locator: ui:locator?name=delete, before wait: default, after wait: default, auto retry: default</logEntry>
                                <logEntry id="1656433660722" messageType="General">Locator: ui:locator?name=delete</logEntry>
                                <logEntry id="1656433660724" messageType="General">Interaction: ui:interaction?name=action</logEntry>
                                <logEntry id="1656433660791" messageType="General">Switched focus to main window.  URL: https://automationtesting2--rstk.visualforce.com/apex/rtproc?actionType=view&amp;id=a4q5f000000hcls</logEntry>
                                <logEntry id="1656433660821" messageType="General">Doing before wait.  waitUrl: default</logEntry>
                                <logEntry id="1656433660822" messageType="General">End of &amp;lt;default&amp;gt; wait.</logEntry>
                                <logEntry id="1656433660822" messageType="General">Doing after wait.  waitUrl: default</logEntry>
                                <logEntry id="1656433661105" messageType="General">Clicking WebElement.  WebElement [tag: input, text: Delete]</logEntry>
                                <logEntry id="1656433661193" messageType="General">Doing after wait.  waitUrl: default</logEntry>
                                <logEntry id="1656433661195" messageType="General">waitAnno: @com.provar.core.testapi.annotations.PageObjectWait(implementation=class com.provar.core.testapi.BackgroundActivityWait)</logEntry>
                                <logEntry id="1656433661196" messageType="General">Doing background activity wait.  Timeout(seconds): 60, Interval(milliseconds): 500</logEntry>
                                <logEntry id="1656433661466" logLevel="Warning" messageType="General">Background Activity wait ending due to browser alert pop-up.</logEntry>
                                <logEntry id="1656433661467" messageType="General">End of &amp;lt;default&amp;gt; wait.</logEntry>
                                <logEntry id="1656433661467" messageType="General">Going to update browser window handles.</logEntry>
                                <logEntry id="1656433661467" logLevel="Debug" messageType="General">Update browser window handles.</logEntry>
                                <logEntry id="1656433661526" logLevel="Update" messageType="General">Successfully updated browser window handles.</logEntry>
                              </logEntries>
                            </executionItem>
                            <executionItem endedUtc="1656433668404" executionErrorCount="0" executionStatus="Executed" executionWarningCount="0" failureCount="0" id="root:plans:Shop_Floor:RSTK-9706-CRUD operation on Manufacturing Processes.testinstance:RSTK-9706-CRUD operation on Manufacturing Processes.testcase:34:35.0:24:25:26:27:31" iterationIndex="-1" skippedCount="0" startedUtc="1656433661527" successfulCount="1" testApiId="com.provar.plugins.forcedotcom.core.ui.UiHandleAlert" testItemClass="IApiCall" title="Handle UI Alerts">
                              <childItems/>
                              <logEntries>
                                <logEntry id="1656433661529" messageType="General">Start of Handle Alert.  Connection: SFConnection</logEntry>
                                <logEntry id="1656433661877" messageType="General">Sending screenshot.  Data length: 68267</logEntry>
                                <logEntry id="1656433665932" messageType="General">Start of Alert Wait.  Timeout (seconds): 30</logEntry>
                                <logEntry id="1656433665946" messageType="General">Polling for Alert successful.  Attempt: 1</logEntry>
                                <logEntry id="1656433665947" messageType="General">End of Alert Wait.  Actual duration(seconds): 0.014</logEntry>
                                <logEntry id="1656433665949" messageType="General">Switching to alert.  ExpectedMessage: Delete this record?</logEntry>
                                <logEntry id="1656433665978" messageType="General">Got alert text: Delete this record?</logEntry>
                                <logEntry id="1656433665979" messageType="General">com.provar.core.model.base.java.ComparisonType$Options@3071cb06</logEntry>
                                <logEntry id="1656433665980" messageType="General">Asserting Alert Message, To: 'Delete this record?', Comparision Type: Equals</logEntry>
                                <logEntry id="1656433665981" messageType="AssertionSuccessful">Assertion successful. 'Delete this record?' Equals 'Delete this record?'</logEntry>
                                <logEntry id="1656433665981" messageType="General">Accepting alert.</logEntry>
                                <logEntry id="1656433665995" messageType="General">Switching back to current frame.</logEntry>
                                <logEntry id="1656433668343" messageType="General">Switched focus to main window.  URL: https://automationtesting2.my.salesforce.com/a4q</logEntry>
                                <logEntry id="1656433668344" messageType="General">Going to update browser window handles.</logEntry>
                                <logEntry id="1656433668344" logLevel="Debug" messageType="General">Update browser window handles.</logEntry>
                                <logEntry id="1656433668404" logLevel="Update" messageType="General">Successfully updated browser window handles.</logEntry>
                              </logEntries>
                              <testArtifacts>
                                <artifactFile artifactsRelativePath="ScreenShot31" createdTimestamp="1656433661877" mimeContentType="image/png" name="ScreenShot31" title="Before Screenshot : 2022/06/28 21:57:41"/>
                              </testArtifacts>
                            </executionItem>
                            <executionItem endedUtc="1656433671101" executionErrorCount="0" executionStatus="Executed" executionWarningCount="0" failureCount="0" id="root:plans:Shop_Floor:RSTK-9706-CRUD operation on Manufacturing Processes.testinstance:RSTK-9706-CRUD operation on Manufacturing Processes.testcase:34:35.0:24:25:26:27:32" iterationIndex="-1" skippedCount="0" startedUtc="1656433668404" successfulCount="1" testApiId="com.provar.plugins.forcedotcom.core.testapis.ApexSoqlQuery" testItemClass="IApiCall" title="Read Manufacturing Process Record Count">
                              <childItems/>
                              <logEntries>
                                <logEntry id="1656433668404" messageType="General">Reading a Salesforce object.  Connection Name: SFConnection, Query: select count() from rstk__rtproc__c where Name='Pro-PN1 (Provar Test)'</logEntry>
                                <logEntry id="1656433671101" messageType="General">The count query returned 0.</logEntry>
                              </logEntries>
                            </executionItem>
                            <executionItem endedUtc="1656433671101" executionErrorCount="0" executionStatus="Executed" executionWarningCount="0" failureCount="0" id="root:plans:Shop_Floor:RSTK-9706-CRUD operation on Manufacturing Processes.testinstance:RSTK-9706-CRUD operation on Manufacturing Processes.testcase:34:35.0:24:25:26:27:33" iterationIndex="-1" skippedCount="0" startedUtc="1656433671101" successfulCount="1" testApiId="com.provar.plugins.bundled.apis.AssertValues" testItemClass="IApiCall" title="Assert: 0 EqualTo 0">
                              <childItems/>
                              <logEntries>
                                <logEntry id="1656433671101" messageType="AssertionSuccessful">Assertion successful. (result) 0 = 0 (target)</logEntry>
                              </logEntries>
                            </executionItem>
                          </childItems>
                        </executionItem>
                      </childItems>
                      <logEntries>
                        <logEntry id="1656433658308" messageType="General">Start of With Screen.  Connection Name: SFConnection, target: sf:ui:target?pageObject=pageobjects.rstk__Rtproc&amp;page=rstk__Rtproc</logEntry>
                        <logEntry id="1656433658404" messageType="General">Opening Page context.  Name: screen, data: null, frame: null</logEntry>
                        <logEntry id="1656433660575" messageType="General">Going to update browser window handles.</logEntry>
                        <logEntry id="1656433660575" logLevel="Debug" messageType="General">Update browser window handles.</logEntry>
                        <logEntry id="1656433660629" logLevel="Update" messageType="General">Successfully updated browser window handles.</logEntry>
                        <logEntry id="1656433671101" messageType="General">All Sub-Test Steps were successful.</logEntry>
                        <logEntry id="1656433671202" messageType="General">Closing Page context.  Name: screen, data: null, frame: null</logEntry>
                        <logEntry id="1656433671206" messageType="General">Main window reselected.  Window: main</logEntry>
                        <logEntry id="1656433671269" messageType="General">Switched focus to main window.  URL: https://automationtesting2.my.salesforce.com/a4q</logEntry>
                        <logEntry id="1656433673270" messageType="General">Going to update browser window handles.</logEntry>
                        <logEntry id="1656433673270" logLevel="Debug" messageType="General">Update browser window handles.</logEntry>
                        <logEntry id="1656433673349" logLevel="Update" messageType="General">Successfully updated browser window handles.</logEntry>
                      </logEntries>
                    </executionItem>
                  </childItems>
                </executionItem>
              </childItems>
            </executionItem>
          </childItems>
        </executionItem>
      </childItems>
      <logEntries>
        <logEntry id="1656433601729" messageType="General">Start of iteration 1 of 1.</logEntry>
        <logEntry id="1656433673355" messageType="General">Reached the end of the List.</logEntry>
      </logEntries>
    </executionItem>
  </childItems>
</executionItem>
