<?xml version="1.0" encoding="UTF-8" standalone="no"?>
<executionItem endedUtc="1658166259340" executionErrorCount="0" executionStatus="Executed" executionWarningCount="0" failureCount="1" id="root:plans:POLoader:RSTK-9088-POLOADER - SubmitToVendor.testinstance:RSTK-9088-POLOADER - SubmitToVendor.testcase" iterationIndex="-1" skippedCount="0" startedUtc="1658166252632" successfulCount="0" testCasePath="D:\\provar\\Chandra Demo\\Parallel-Execution\\tests\\POLOADER" testItemClass="ITestCase" title="RSTK-9088-POLOADER - SubmitToVendor.testcase">
  <testItemSummary/>
  <childItems>
    <executionItem endedUtc="1658166258161" executionErrorCount="0" executionStatus="Executed" executionWarningCount="0" failureCount="0" id="root:plans:POLoader:RSTK-9088-POLOADER - SubmitToVendor.testinstance:RSTK-9088-POLOADER - SubmitToVendor.testcase:1" iterationIndex="-1" skippedCount="0" startedUtc="1658166252632" successfulCount="1" testApiId="com.provar.plugins.forcedotcom.core.testapis.ApexConnect" testItemClass="IApiCall" title="Salesforce Connect: SFConnection (Test)">
      <childItems/>
      <logEntries>
        <logEntry id="1658166252632" messageType="General">Connecting to Salesforce as QARSF_Admin</logEntry>
        <logEntry id="1658166252632" logLevel="Debug" messageType="General">Connection details. Connection name: QARSF_Admin, result name: SFConnection, result scope: Test, urlString: sf:environment=PRERELEASE;apiLoginUrl=https://automationtesting2.my.salesforce.com;identityServiceUrl=https://login.salesforce.com/id/00D5f000005vwGkEAI/0055f000008Hn0WAAS;clientId={clientId};clientSecret={clientSecret};authenticationType=OAUTH;callbackUrl={callbackUrl};accessToken={accessToken};refreshToken={refreshToken}, environment: AutomationOrg, clientId: [supplied], clientSecret: [supplied], callBackUrl: [supplied], accessToken: [supplied], refreshToken: [supplied]</logEntry>
        <logEntry id="1658166252632" logLevel="Debug" messageType="General">Create object id log file.</logEntry>
        <logEntry id="1658166252648" logLevel="Trace" messageType="General">Absolute path: D:\\provar\\Chandra Demo\\Parallel-Execution\\ANT\\..\\ANT\\Results(13)\\Artifacts\\QARSF_Admin-objectids.log</logEntry>
        <logEntry id="1658166254014" logLevel="Debug" messageType="General">Access Token refreshed successfully.</logEntry>
        <logEntry id="1658166257093" logLevel="Debug" messageType="General">Identity Service successful. ToolingEndpoint: https://automationtesting2.my.salesforce.com/services/Soap/T/53.0/00D5f000005vwGk, ToolingRestEndpoint: https://automationtesting2.my.salesforce.com/services/data/v53.0/tooling/, PartnerEndpoint: https://automationtesting2.my.salesforce.com/services/Soap/u/53.0/00D5f000005vwGk, MetadataEndpoint: https://automationtesting2.my.salesforce.com/services/Soap/m/53.0/00D5f000005vwGk, EnterpriseEndpoint: https://automationtesting2.my.salesforce.com/services/Soap/c/53.0/00D5f000005vwGk</logEntry>
        <logEntry id="1658166257093" logLevel="Debug" messageType="General">Opening Partner connection</logEntry>
        <logEntry id="1658166257093" logLevel="Trace" messageType="General">Connection configurations: userName: automation@rootstock.com,  password: [empty], securityToken: [empty], authEndpoint: https://automationtesting2.my.salesforce.com/services/Soap/u/53.0, serviceEndpoint: https://automationtesting2.my.salesforce.com/services/Soap/u/53.0/00D5f000005vwGk</logEntry>
        <logEntry id="1658166258161" logLevel="Debug" messageType="General">Opening SOAP connection</logEntry>
        <logEntry id="1658166258161" logLevel="Trace" messageType="General">Connection configurations: userName: automation@rootstock.com,  password: [empty], securityToken: [empty], authEndpoint: https://automationtesting2.my.salesforce.com/services/Soap/u/53.0, serviceEndpoint: https://automationtesting2.my.salesforce.com/services/Soap/u/53.0</logEntry>
        <logEntry id="1658166258161" logLevel="Debug" messageType="General">Opening Metadata connection</logEntry>
        <logEntry id="1658166258161" logLevel="Trace" messageType="General">Connection configurations: userName: null,  password: [empty], securityToken: [empty], authEndpoint: https://automationtesting2.my.salesforce.com/services/Soap/u/53.0, serviceEndpoint: https://automationtesting2.my.salesforce.com/services/Soap/m/53.0/00D5f000005vwGk</logEntry>
        <logEntry id="1658166258161" logLevel="Update" messageType="General">Successfully connected to Salesforce as QARSF_Admin</logEntry>
      </logEntries>
    </executionItem>
    <executionItem endedUtc="1658166258365" executionErrorCount="0" executionStatus="Executed" executionWarningCount="0" failureCount="0" id="root:plans:POLoader:RSTK-9088-POLOADER - SubmitToVendor.testinstance:RSTK-9088-POLOADER - SubmitToVendor.testcase:9" iterationIndex="-1" skippedCount="0" startedUtc="1658166258161" successfulCount="1" testApiId="com.provar.plugins.bundled.apis.control.StepGroup" testItemClass="IApiCall" title="Reading Excel Data">
      <childItems>
        <executionItem endedUtc="1658166258365" executionErrorCount="0" executionStatus="Executed" executionWarningCount="0" failureCount="0" id="root:plans:POLoader:RSTK-9088-POLOADER - SubmitToVendor.testinstance:RSTK-9088-POLOADER - SubmitToVendor.testcase:9:242" iterationIndex="-1" skippedCount="0" startedUtc="1658166258182" successfulCount="1" testClauseName="hidden" testItemClass="ITestClause" title="Steps">
          <childItems>
            <executionItem endedUtc="1658166258287" executionErrorCount="0" executionStatus="Executed" executionWarningCount="0" failureCount="0" id="root:plans:POLoader:RSTK-9088-POLOADER - SubmitToVendor.testinstance:RSTK-9088-POLOADER - SubmitToVendor.testcase:9:242:244" iterationIndex="-1" skippedCount="0" startedUtc="1658166258182" successfulCount="1" testItemClass="ITestCaseCall" title="Call ReadExcelPath">
              <childItems>
                <executionItem endedUtc="1658166258287" executionErrorCount="0" executionStatus="Executed" executionWarningCount="0" failureCount="0" id="root:plans:POLoader:RSTK-9088-POLOADER - SubmitToVendor.testinstance:RSTK-9088-POLOADER - SubmitToVendor.testcase:9:242:244:ReadExcelPath.testcase" iterationIndex="-1" skippedCount="0" startedUtc="1658166258182" successfulCount="1" testCasePath="D:\\provar\\Chandra Demo\\Parallel-Execution\\tests\\Purchase Order\\Callable" testItemClass="ITestCase" title="ReadExcelPath">
                  <testItemSummary/>
                  <childItems>
                    <executionItem endedUtc="1658166258182" executionErrorCount="0" executionStatus="Executed" executionWarningCount="0" failureCount="0" id="root:plans:POLoader:RSTK-9088-POLOADER - SubmitToVendor.testinstance:RSTK-9088-POLOADER - SubmitToVendor.testcase:9:242:244:ReadExcelPath.testcase:1" iterationIndex="-1" skippedCount="0" startedUtc="1658166258182" successfulCount="1" testApiId="com.provar.plugins.forcedotcom.core.testapis.ApexConnect" testItemClass="IApiCall" title="Salesforce Connect: SFConnection (Test)">
                      <childItems/>
                      <logEntries>
                        <logEntry id="1658166258182" messageType="General">Connecting to Salesforce as QARSF_Admin</logEntry>
                        <logEntry id="1658166258182" logLevel="Update" messageType="General">Re-using existing connection. Connection: QARSF_Admin, Result Name: SFConnection</logEntry>
                      </logEntries>
                    </executionItem>
                    <executionItem endedUtc="1658166258239" executionErrorCount="0" executionStatus="Executed" executionWarningCount="0" failureCount="0" id="root:plans:POLoader:RSTK-9088-POLOADER - SubmitToVendor.testinstance:RSTK-9088-POLOADER - SubmitToVendor.testcase:9:242:244:ReadExcelPath.testcase:118" iterationIndex="-1" skippedCount="0" startedUtc="1658166258182" successfulCount="1" testApiId="com.provar.plugins.bundled.apis.If" testItemClass="IApiCall" title="If: {GetSelectedEnvironment() = &quot;QARSF&quot;}">
                      <childItems>
                        <executionItem endedUtc="0" executionErrorCount="0" executionWarningCount="0" failureCount="0" id="root:plans:POLoader:RSTK-9088-POLOADER - SubmitToVendor.testinstance:RSTK-9088-POLOADER - SubmitToVendor.testcase:9:242:244:ReadExcelPath.testcase:118:119" iterationIndex="-1" skippedCount="0" startedUtc="0" successfulCount="0" testClauseName="then" testItemClass="ITestClause" title="Then">
                          <childItems>
                            <executionItem endedUtc="0" executionErrorCount="0" executionWarningCount="0" failureCount="0" id="root:plans:POLoader:RSTK-9088-POLOADER - SubmitToVendor.testinstance:RSTK-9088-POLOADER - SubmitToVendor.testcase:9:242:244:ReadExcelPath.testcase:118:119:139" iterationIndex="-1" skippedCount="0" startedUtc="0" successfulCount="0" testApiId="com.provar.plugins.bundled.apis.control.SetValues" testItemClass="IApiCall" title="Set Values: poui">
                              <childItems/>
                            </executionItem>
                            <executionItem endedUtc="0" executionErrorCount="0" executionWarningCount="0" failureCount="0" id="root:plans:POLoader:RSTK-9088-POLOADER - SubmitToVendor.testinstance:RSTK-9088-POLOADER - SubmitToVendor.testcase:9:242:244:ReadExcelPath.testcase:118:119:120" iterationIndex="-1" skippedCount="0" startedUtc="0" successfulCount="0" testApiId="com.provar.plugins.bundled.apis.control.SetValues" testItemClass="IApiCall" title="Set Values: financial">
                              <childItems/>
                            </executionItem>
                            <executionItem endedUtc="0" executionErrorCount="0" executionWarningCount="0" failureCount="0" id="root:plans:POLoader:RSTK-9088-POLOADER - SubmitToVendor.testinstance:RSTK-9088-POLOADER - SubmitToVendor.testcase:9:242:244:ReadExcelPath.testcase:118:119:138" iterationIndex="-1" skippedCount="0" startedUtc="0" successfulCount="0" testApiId="com.provar.plugins.bundled.apis.control.SetValues" testItemClass="IApiCall" title="Set Values: posydata1">
                              <childItems/>
                            </executionItem>
                            <executionItem endedUtc="0" executionErrorCount="0" executionWarningCount="0" failureCount="0" id="root:plans:POLoader:RSTK-9088-POLOADER - SubmitToVendor.testinstance:RSTK-9088-POLOADER - SubmitToVendor.testcase:9:242:244:ReadExcelPath.testcase:118:119:134" iterationIndex="-1" skippedCount="0" startedUtc="0" successfulCount="0" testApiId="com.provar.plugins.bundled.apis.control.SetValues" testItemClass="IApiCall" title="Set Values: posydata">
                              <childItems/>
                            </executionItem>
                            <executionItem endedUtc="0" executionErrorCount="0" executionWarningCount="0" failureCount="0" id="root:plans:POLoader:RSTK-9088-POLOADER - SubmitToVendor.testinstance:RSTK-9088-POLOADER - SubmitToVendor.testcase:9:242:244:ReadExcelPath.testcase:118:119:125" iterationIndex="-1" skippedCount="0" startedUtc="0" successfulCount="0" testApiId="com.provar.plugins.bundled.apis.control.SetValues" testItemClass="IApiCall" title="Set Values: poloader">
                              <childItems/>
                            </executionItem>
                          </childItems>
                        </executionItem>
                        <executionItem endedUtc="1658166258239" executionErrorCount="0" executionStatus="Executed" executionWarningCount="0" failureCount="0" id="root:plans:POLoader:RSTK-9088-POLOADER - SubmitToVendor.testinstance:RSTK-9088-POLOADER - SubmitToVendor.testcase:9:242:244:ReadExcelPath.testcase:118:129" iterationIndex="-1" skippedCount="0" startedUtc="1658166258193" successfulCount="1" testClauseName="else" testItemClass="ITestClause" title="Else">
                          <childItems>
                            <executionItem endedUtc="1658166258239" executionErrorCount="0" executionStatus="Executed" executionWarningCount="0" failureCount="0" id="root:plans:POLoader:RSTK-9088-POLOADER - SubmitToVendor.testinstance:RSTK-9088-POLOADER - SubmitToVendor.testcase:9:242:244:ReadExcelPath.testcase:118:129:116" iterationIndex="-1" skippedCount="0" startedUtc="1658166258193" successfulCount="1" testApiId="com.provar.plugins.bundled.apis.If" testItemClass="IApiCall" title="If: {GetSelectedEnvironment() = &quot;AutomationOrg&quot;}">
                              <childItems>
                                <executionItem endedUtc="1658166258239" executionErrorCount="0" executionStatus="Executed" executionWarningCount="0" failureCount="0" id="root:plans:POLoader:RSTK-9088-POLOADER - SubmitToVendor.testinstance:RSTK-9088-POLOADER - SubmitToVendor.testcase:9:242:244:ReadExcelPath.testcase:118:129:116:115" iterationIndex="-1" skippedCount="0" startedUtc="1658166258208" successfulCount="1" testClauseName="then" testItemClass="ITestClause" title="Then">
                                  <childItems>
                                    <executionItem endedUtc="1658166258208" executionErrorCount="0" executionStatus="Executed" executionWarningCount="0" failureCount="0" id="root:plans:POLoader:RSTK-9088-POLOADER - SubmitToVendor.testinstance:RSTK-9088-POLOADER - SubmitToVendor.testcase:9:242:244:ReadExcelPath.testcase:118:129:116:115:140" iterationIndex="-1" skippedCount="0" startedUtc="1658166258208" successfulCount="1" testApiId="com.provar.plugins.bundled.apis.control.SetValues" testItemClass="IApiCall" title="Set Values: financial">
                                      <childItems/>
                                      <logEntries>
                                        <logEntry id="1658166258208" messageType="General">Setting value financial to templates/AutomationOrg/FinancialData_AutomationOrg.xlsx</logEntry>
                                        <logEntry id="1658166258208" logLevel="Debug" messageType="General">Configuration: ValueScope:Test</logEntry>
                                        <logEntry id="1658166258208" logLevel="Update" messageType="General">Successfully set financial to templates/AutomationOrg/FinancialData_AutomationOrg.xlsx</logEntry>
                                      </logEntries>
                                    </executionItem>
                                    <executionItem endedUtc="1658166258224" executionErrorCount="0" executionStatus="Executed" executionWarningCount="0" failureCount="0" id="root:plans:POLoader:RSTK-9088-POLOADER - SubmitToVendor.testinstance:RSTK-9088-POLOADER - SubmitToVendor.testcase:9:242:244:ReadExcelPath.testcase:118:129:116:115:137" iterationIndex="-1" skippedCount="0" startedUtc="1658166258208" successfulCount="1" testApiId="com.provar.plugins.bundled.apis.control.SetValues" testItemClass="IApiCall" title="Set Values: posydata1">
                                      <childItems/>
                                      <logEntries>
                                        <logEntry id="1658166258208" messageType="General">Setting value posydata1 to templates/AutomationOrg/POSYDATA-AutomationOrg.xlsx</logEntry>
                                        <logEntry id="1658166258208" logLevel="Debug" messageType="General">Configuration: ValueScope:Test</logEntry>
                                        <logEntry id="1658166258208" logLevel="Update" messageType="General">Successfully set posydata1 to templates/AutomationOrg/POSYDATA-AutomationOrg.xlsx</logEntry>
                                      </logEntries>
                                    </executionItem>
                                    <executionItem endedUtc="1658166258224" executionErrorCount="0" executionStatus="Executed" executionWarningCount="0" failureCount="0" id="root:plans:POLoader:RSTK-9088-POLOADER - SubmitToVendor.testinstance:RSTK-9088-POLOADER - SubmitToVendor.testcase:9:242:244:ReadExcelPath.testcase:118:129:116:115:133" iterationIndex="-1" skippedCount="0" startedUtc="1658166258224" successfulCount="1" testApiId="com.provar.plugins.bundled.apis.control.SetValues" testItemClass="IApiCall" title="Set Values: posydata">
                                      <childItems/>
                                      <logEntries>
                                        <logEntry id="1658166258224" messageType="General">Setting value posydata to templates/AutomationOrg/SYDATA-POtoPOAP Match_AutomationOrg.xlsx</logEntry>
                                        <logEntry id="1658166258224" logLevel="Debug" messageType="General">Configuration: ValueScope:Test</logEntry>
                                        <logEntry id="1658166258224" logLevel="Update" messageType="General">Successfully set posydata to templates/AutomationOrg/SYDATA-POtoPOAP Match_AutomationOrg.xlsx</logEntry>
                                      </logEntries>
                                    </executionItem>
                                    <executionItem endedUtc="1658166258239" executionErrorCount="0" executionStatus="Executed" executionWarningCount="0" failureCount="0" id="root:plans:POLoader:RSTK-9088-POLOADER - SubmitToVendor.testinstance:RSTK-9088-POLOADER - SubmitToVendor.testcase:9:242:244:ReadExcelPath.testcase:118:129:116:115:135" iterationIndex="-1" skippedCount="0" startedUtc="1658166258224" successfulCount="1" testApiId="com.provar.plugins.bundled.apis.control.SetValues" testItemClass="IApiCall" title="Set Values: poloader">
                                      <childItems/>
                                      <logEntries>
                                        <logEntry id="1658166258224" messageType="General">Setting value poloader to templates/AutomationOrg/POLoader_AutomationOrg.xlsx</logEntry>
                                        <logEntry id="1658166258224" logLevel="Debug" messageType="General">Configuration: ValueScope:Test</logEntry>
                                        <logEntry id="1658166258224" logLevel="Update" messageType="General">Successfully set poloader to templates/AutomationOrg/POLoader_AutomationOrg.xlsx</logEntry>
                                      </logEntries>
                                    </executionItem>
                                    <executionItem endedUtc="1658166258239" executionErrorCount="0" executionStatus="Executed" executionWarningCount="0" failureCount="0" id="root:plans:POLoader:RSTK-9088-POLOADER - SubmitToVendor.testinstance:RSTK-9088-POLOADER - SubmitToVendor.testcase:9:242:244:ReadExcelPath.testcase:118:129:116:115:143" iterationIndex="-1" skippedCount="0" startedUtc="1658166258239" successfulCount="1" testApiId="com.provar.plugins.bundled.apis.control.SetValues" testItemClass="IApiCall" title="Set Values: reqpay">
                                      <childItems/>
                                      <logEntries>
                                        <logEntry id="1658166258239" messageType="General">Setting value reqpay to templates/AutomationOrg/ReqtoPayment.xlsx</logEntry>
                                        <logEntry id="1658166258239" logLevel="Debug" messageType="General">Configuration: ValueScope:Test</logEntry>
                                        <logEntry id="1658166258239" logLevel="Update" messageType="General">Successfully set reqpay to templates/AutomationOrg/ReqtoPayment.xlsx</logEntry>
                                      </logEntries>
                                    </executionItem>
                                    <executionItem endedUtc="1658166258239" executionErrorCount="0" executionStatus="Executed" executionWarningCount="0" failureCount="0" id="root:plans:POLoader:RSTK-9088-POLOADER - SubmitToVendor.testinstance:RSTK-9088-POLOADER - SubmitToVendor.testcase:9:242:244:ReadExcelPath.testcase:118:129:116:115:96" iterationIndex="-1" skippedCount="0" startedUtc="1658166258239" successfulCount="1" testApiId="com.provar.plugins.bundled.apis.control.SetValues" testItemClass="IApiCall" title="Set Values: poui">
                                      <childItems/>
                                      <logEntries>
                                        <logEntry id="1658166258239" messageType="General">Setting value poui to templates/AutomationOrg/POData_AutomationOrg.xlsx</logEntry>
                                        <logEntry id="1658166258239" logLevel="Debug" messageType="General">Configuration: ValueScope:Test</logEntry>
                                        <logEntry id="1658166258239" logLevel="Update" messageType="General">Successfully set poui to templates/AutomationOrg/POData_AutomationOrg.xlsx</logEntry>
                                      </logEntries>
                                    </executionItem>
                                  </childItems>
                                </executionItem>
                              </childItems>
                            </executionItem>
                          </childItems>
                        </executionItem>
                      </childItems>
                    </executionItem>
                    <executionItem endedUtc="1658166258255" executionErrorCount="0" executionStatus="Executed" executionWarningCount="0" failureCount="0" id="root:plans:POLoader:RSTK-9088-POLOADER - SubmitToVendor.testinstance:RSTK-9088-POLOADER - SubmitToVendor.testcase:9:242:244:ReadExcelPath.testcase:142" iterationIndex="-1" skippedCount="0" startedUtc="1658166258239" successfulCount="1" testApiId="com.provar.plugins.bundled.apis.control.SetValues" testItemClass="IApiCall" title="Set Values: pouipath">
                      <childItems/>
                      <logEntries>
                        <logEntry id="1658166258255" messageType="General">Setting value pouipath to templates/AutomationOrg/POData_AutomationOrg.xlsx</logEntry>
                        <logEntry id="1658166258255" logLevel="Debug" messageType="General">Configuration: ValueScope:Test</logEntry>
                        <logEntry id="1658166258255" logLevel="Update" messageType="General">Successfully set pouipath to templates/AutomationOrg/POData_AutomationOrg.xlsx</logEntry>
                      </logEntries>
                    </executionItem>
                    <executionItem endedUtc="1658166258255" executionErrorCount="0" executionStatus="Executed" executionWarningCount="0" failureCount="0" id="root:plans:POLoader:RSTK-9088-POLOADER - SubmitToVendor.testinstance:RSTK-9088-POLOADER - SubmitToVendor.testcase:9:242:244:ReadExcelPath.testcase:141" iterationIndex="-1" skippedCount="0" startedUtc="1658166258255" successfulCount="1" testApiId="com.provar.plugins.bundled.apis.control.SetValues" testItemClass="IApiCall" title="Set Values: posydatapath1">
                      <childItems/>
                      <logEntries>
                        <logEntry id="1658166258255" messageType="General">Setting value posydatapath1 to templates/AutomationOrg/POSYDATA-AutomationOrg.xlsx</logEntry>
                        <logEntry id="1658166258255" logLevel="Debug" messageType="General">Configuration: ValueScope:Test</logEntry>
                        <logEntry id="1658166258255" logLevel="Update" messageType="General">Successfully set posydatapath1 to templates/AutomationOrg/POSYDATA-AutomationOrg.xlsx</logEntry>
                      </logEntries>
                    </executionItem>
                    <executionItem endedUtc="1658166258271" executionErrorCount="0" executionStatus="Executed" executionWarningCount="0" failureCount="0" id="root:plans:POLoader:RSTK-9088-POLOADER - SubmitToVendor.testinstance:RSTK-9088-POLOADER - SubmitToVendor.testcase:9:242:244:ReadExcelPath.testcase:127" iterationIndex="-1" skippedCount="0" startedUtc="1658166258255" successfulCount="1" testApiId="com.provar.plugins.bundled.apis.control.SetValues" testItemClass="IApiCall" title="Set Values: finpath">
                      <childItems/>
                      <logEntries>
                        <logEntry id="1658166258271" messageType="General">Setting value finpath to templates/AutomationOrg/FinancialData_AutomationOrg.xlsx</logEntry>
                        <logEntry id="1658166258271" logLevel="Debug" messageType="General">Configuration: ValueScope:Test</logEntry>
                        <logEntry id="1658166258271" logLevel="Update" messageType="General">Successfully set finpath to templates/AutomationOrg/FinancialData_AutomationOrg.xlsx</logEntry>
                      </logEntries>
                    </executionItem>
                    <executionItem endedUtc="1658166258282" executionErrorCount="0" executionStatus="Executed" executionWarningCount="0" failureCount="0" id="root:plans:POLoader:RSTK-9088-POLOADER - SubmitToVendor.testinstance:RSTK-9088-POLOADER - SubmitToVendor.testcase:9:242:244:ReadExcelPath.testcase:136" iterationIndex="-1" skippedCount="0" startedUtc="1658166258271" successfulCount="1" testApiId="com.provar.plugins.bundled.apis.control.SetValues" testItemClass="IApiCall" title="Set Values: poloaderpath">
                      <childItems/>
                      <logEntries>
                        <logEntry id="1658166258271" messageType="General">Setting value poloaderpath to templates/AutomationOrg/POLoader_AutomationOrg.xlsx</logEntry>
                        <logEntry id="1658166258271" logLevel="Debug" messageType="General">Configuration: ValueScope:Test</logEntry>
                        <logEntry id="1658166258271" logLevel="Update" messageType="General">Successfully set poloaderpath to templates/AutomationOrg/POLoader_AutomationOrg.xlsx</logEntry>
                      </logEntries>
                    </executionItem>
                    <executionItem endedUtc="1658166258287" executionErrorCount="0" executionStatus="Executed" executionWarningCount="0" failureCount="0" id="root:plans:POLoader:RSTK-9088-POLOADER - SubmitToVendor.testinstance:RSTK-9088-POLOADER - SubmitToVendor.testcase:9:242:244:ReadExcelPath.testcase:144" iterationIndex="-1" skippedCount="0" startedUtc="1658166258282" successfulCount="1" testApiId="com.provar.plugins.bundled.apis.control.SetValues" testItemClass="IApiCall" title="Set Values: posydatapath">
                      <childItems/>
                      <logEntries>
                        <logEntry id="1658166258287" messageType="General">Setting value posydatapath to templates/AutomationOrg/SYDATA-POtoPOAP Match_AutomationOrg.xlsx</logEntry>
                        <logEntry id="1658166258287" logLevel="Debug" messageType="General">Configuration: ValueScope:Test</logEntry>
                        <logEntry id="1658166258287" logLevel="Update" messageType="General">Successfully set posydatapath to templates/AutomationOrg/SYDATA-POtoPOAP Match_AutomationOrg.xlsx</logEntry>
                      </logEntries>
                    </executionItem>
                    <executionItem endedUtc="1658166258287" executionErrorCount="0" executionStatus="Executed" executionWarningCount="0" failureCount="0" id="root:plans:POLoader:RSTK-9088-POLOADER - SubmitToVendor.testinstance:RSTK-9088-POLOADER - SubmitToVendor.testcase:9:242:244:ReadExcelPath.testcase:124" iterationIndex="-1" skippedCount="0" startedUtc="1658166258287" successfulCount="1" testApiId="com.provar.plugins.bundled.apis.control.SetValues" testItemClass="IApiCall" title="Set Values: reqpaypath">
                      <childItems/>
                      <logEntries>
                        <logEntry id="1658166258287" messageType="General">Setting value reqpaypath to templates/AutomationOrg/ReqtoPayment.xlsx</logEntry>
                        <logEntry id="1658166258287" logLevel="Debug" messageType="General">Configuration: ValueScope:Test</logEntry>
                        <logEntry id="1658166258287" logLevel="Update" messageType="General">Successfully set reqpaypath to templates/AutomationOrg/ReqtoPayment.xlsx</logEntry>
                      </logEntries>
                    </executionItem>
                  </childItems>
                </executionItem>
              </childItems>
              <logEntries>
                <logEntry id="1658166258287" messageType="General">Handling managed resource.  Name: SFConnection</logEntry>
                <logEntry id="1658166258287" logLevel="Debug" messageType="General">Not closing Salesforce Connection because it is still being used.  Name: SFConnection</logEntry>
                <logEntry id="1658166258287" logLevel="Update" messageType="General">Salesforce Connection handled successfully.  Name: SFConnection</logEntry>
              </logEntries>
            </executionItem>
            <executionItem endedUtc="1658166258365" executionErrorCount="0" executionStatus="Executed" executionWarningCount="0" failureCount="0" id="root:plans:POLoader:RSTK-9088-POLOADER - SubmitToVendor.testinstance:RSTK-9088-POLOADER - SubmitToVendor.testcase:9:242:4" iterationIndex="-1" skippedCount="0" startedUtc="1658166258287" successfulCount="1" testApiId="com.provar.plugins.bundled.apis.control.StepGroup" testItemClass="IApiCall" title="Read Data for PO">
              <childItems>
                <executionItem endedUtc="1658166258349" executionErrorCount="0" executionStatus="Executed" executionWarningCount="0" failureCount="0" id="root:plans:POLoader:RSTK-9088-POLOADER - SubmitToVendor.testinstance:RSTK-9088-POLOADER - SubmitToVendor.testcase:9:242:4:5" iterationIndex="-1" skippedCount="0" startedUtc="1658166258349" successfulCount="1" testClauseName="hidden" testItemClass="ITestClause" title="Steps">
                  <childItems/>
                </executionItem>
              </childItems>
              <logEntries>
                <logEntry id="1658166258287" messageType="ParameterValueSource">Loading data from Parameter Value Source ...</logEntry>
                <logEntry id="1658166258318" messageType="General">Loading Parameter Value Source row 1:</logEntry>
                <logEntry id="1658166258318" messageType="General">==Column=&gt; Process = PrimitiveValueImpl [ value: Ready, valueId=null, createdUpdateSeq=-1, updatedUpdateSeq=-1]</logEntry>
                <logEntry id="1658166258318" messageType="General">==Column=&gt; Name = PrimitiveValueImpl [ value: NPAutomation_Testing, valueId=null, createdUpdateSeq=-1, updatedUpdateSeq=-1]</logEntry>
                <logEntry id="1658166258318" messageType="General">==Column=&gt; Division = PrimitiveValueImpl [ value: a8d5f0000004JbG, valueId=null, createdUpdateSeq=-1, updatedUpdateSeq=-1]</logEntry>
                <logEntry id="1658166258318" messageType="General">==Column=&gt; Vendor = PrimitiveValueImpl [ value: a4X5f000000tkbm, valueId=null, createdUpdateSeq=-1, updatedUpdateSeq=-1]</logEntry>
                <logEntry id="1658166258318" messageType="General">Loading Parameter Value Source row 2:</logEntry>
                <logEntry id="1658166258318" messageType="General">==Column=&gt; Process = PrimitiveValueImpl [ value: Ready, valueId=null, createdUpdateSeq=-1, updatedUpdateSeq=-1]</logEntry>
                <logEntry id="1658166258318" messageType="General">==Column=&gt; Name = PrimitiveValueImpl [ value: NPAutomation_Testing, valueId=null, createdUpdateSeq=-1, updatedUpdateSeq=-1]</logEntry>
                <logEntry id="1658166258318" messageType="General">==Column=&gt; Division = PrimitiveValueImpl [ value: a8d5f0000004JbG, valueId=null, createdUpdateSeq=-1, updatedUpdateSeq=-1]</logEntry>
                <logEntry id="1658166258318" messageType="General">==Column=&gt; Vendor = PrimitiveValueImpl [ value: a4X5f000000tkbw, valueId=null, createdUpdateSeq=-1, updatedUpdateSeq=-1]</logEntry>
                <logEntry id="1658166258318" logLevel="Update" messageType="General">Loaded 2 rows from Parameter Value Source.</logEntry>
                <logEntry id="1658166258318" messageType="ParameterValueSource">Loading data from Parameter Value Source ...</logEntry>
                <logEntry id="1658166258334" messageType="General">Loading Parameter Value Source row 1:</logEntry>
                <logEntry id="1658166258334" messageType="General">==Column=&gt; Name = PrimitiveValueImpl [ value: NP_Automation, valueId=null, createdUpdateSeq=-1, updatedUpdateSeq=-1]</logEntry>
                <logEntry id="1658166258334" messageType="General">==Column=&gt; APIMode = PrimitiveValueImpl [ value: Add Line, valueId=null, createdUpdateSeq=-1, updatedUpdateSeq=-1]</logEntry>
                <logEntry id="1658166258334" messageType="General">==Column=&gt; Process = PrimitiveValueImpl [ value: Ready, valueId=null, createdUpdateSeq=-1, updatedUpdateSeq=-1]</logEntry>
                <logEntry id="1658166258334" messageType="General">==Column=&gt; Item = PrimitiveValueImpl [ value: a415f000000lOC4, valueId=null, createdUpdateSeq=-1, updatedUpdateSeq=-1]</logEntry>
                <logEntry id="1658166258349" messageType="General">==Column=&gt; Quantity = PrimitiveValueImpl [ value: 10, valueId=null, createdUpdateSeq=-1, updatedUpdateSeq=-1]</logEntry>
                <logEntry id="1658166258349" messageType="General">==Column=&gt; UnitPrice = PrimitiveValueImpl [ value: 10, valueId=null, createdUpdateSeq=-1, updatedUpdateSeq=-1]</logEntry>
                <logEntry id="1658166258349" messageType="General">==Column=&gt; Project = PrimitiveValueImpl [ value: a3A5f000000xGXA, valueId=null, createdUpdateSeq=-1, updatedUpdateSeq=-1]</logEntry>
                <logEntry id="1658166258349" messageType="General">==Column=&gt; Icitem = PrimitiveValueImpl [ value: a1E1K000008NTam, valueId=null, createdUpdateSeq=-1, updatedUpdateSeq=-1]</logEntry>
                <logEntry id="1658166258349" logLevel="Update" messageType="General">Loaded 1 rows from Parameter Value Source.</logEntry>
              </logEntries>
            </executionItem>
          </childItems>
        </executionItem>
      </childItems>
    </executionItem>
    <executionItem endedUtc="1658166259340" executionErrorCount="0" executionStatus="Executed" executionWarningCount="0" failureCount="1" id="root:plans:POLoader:RSTK-9088-POLOADER - SubmitToVendor.testinstance:RSTK-9088-POLOADER - SubmitToVendor.testcase:17" iterationIndex="-1" skippedCount="0" startedUtc="1658166258365" successfulCount="0" testApiId="com.provar.plugins.bundled.apis.control.ForEach" testItemClass="IApiCall" title="For Each: {AddHeaderData}=&gt;podata">
      <childItems>
        <executionItem endedUtc="1658166259340" executionErrorCount="0" executionStatus="Executed" executionWarningCount="0" failureCount="1" id="root:plans:POLoader:RSTK-9088-POLOADER - SubmitToVendor.testinstance:RSTK-9088-POLOADER - SubmitToVendor.testcase:17:18.0" iterationIndex="0" skippedCount="0" startedUtc="1658166258382" successfulCount="0" testClauseName="substeps" testItemClass="ITestClause" title="Iteration 1">
          <childItems>
            <executionItem endedUtc="1658166259340" executionErrorCount="0" executionStatus="Executed" executionWarningCount="0" failureCount="1" id="root:plans:POLoader:RSTK-9088-POLOADER - SubmitToVendor.testinstance:RSTK-9088-POLOADER - SubmitToVendor.testcase:17:18.0:3" iterationIndex="-1" skippedCount="0" startedUtc="1658166258382" successfulCount="0" testItemClass="ITestCaseCall" title="Call POLoader_POCreation">
              <childItems>
                <executionItem endedUtc="1658166259261" executionErrorCount="0" executionStatus="Executed" executionWarningCount="0" failureCount="1" id="root:plans:POLoader:RSTK-9088-POLOADER - SubmitToVendor.testinstance:RSTK-9088-POLOADER - SubmitToVendor.testcase:17:18.0:3:POLoader_POCreation.testcase" iterationIndex="-1" skippedCount="0" startedUtc="1658166258382" successfulCount="0" testCasePath="D:\\provar\\Chandra Demo\\Parallel-Execution\\tests\\POLOADER\\Callable" testItemClass="ITestCase" title="POLoader_POCreation">
                  <testItemSummary/>
                  <childItems>
                    <executionItem endedUtc="1658166258382" executionErrorCount="0" executionStatus="Executed" executionWarningCount="0" failureCount="0" id="root:plans:POLoader:RSTK-9088-POLOADER - SubmitToVendor.testinstance:RSTK-9088-POLOADER - SubmitToVendor.testcase:17:18.0:3:POLoader_POCreation.testcase:1" iterationIndex="-1" skippedCount="0" startedUtc="1658166258382" successfulCount="1" testApiId="com.provar.plugins.forcedotcom.core.testapis.ApexConnect" testItemClass="IApiCall" title="Salesforce Connect: SFConnection (Test)">
                      <childItems/>
                      <logEntries>
                        <logEntry id="1658166258382" messageType="General">Connecting to Salesforce as QARSF_Admin</logEntry>
                        <logEntry id="1658166258382" logLevel="Update" messageType="General">Re-using existing connection. Connection: QARSF_Admin, Result Name: SFConnection</logEntry>
                      </logEntries>
                    </executionItem>
                    <executionItem endedUtc="0" executionErrorCount="0" executionStatus="Executed" executionWarningCount="0" failureCount="0" id="root:plans:POLoader:RSTK-9088-POLOADER - SubmitToVendor.testinstance:RSTK-9088-POLOADER - SubmitToVendor.testcase:17:18.0:3:POLoader_POCreation.testcase:3" iterationIndex="-1" skippedCount="1" startedUtc="1658166258382" successfulCount="0" testApiId="com.provar.plugins.bundled.apis.control.StepGroup" testItemClass="IApiCall" title="Read Add Both Data">
                      <childItems>
                        <executionItem endedUtc="0" executionErrorCount="0" executionWarningCount="0" failureCount="0" id="root:plans:POLoader:RSTK-9088-POLOADER - SubmitToVendor.testinstance:RSTK-9088-POLOADER - SubmitToVendor.testcase:17:18.0:3:POLoader_POCreation.testcase:3:53" iterationIndex="-1" skippedCount="0" startedUtc="0" successfulCount="0" testClauseName="hidden" testItemClass="ITestClause" title="Steps">
                          <childItems/>
                        </executionItem>
                      </childItems>
                    </executionItem>
                    <executionItem endedUtc="1658166259261" executionErrorCount="0" executionStatus="Executed" executionWarningCount="0" failureCount="1" id="root:plans:POLoader:RSTK-9088-POLOADER - SubmitToVendor.testinstance:RSTK-9088-POLOADER - SubmitToVendor.testcase:17:18.0:3:POLoader_POCreation.testcase:94" iterationIndex="-1" skippedCount="0" startedUtc="1658166258382" successfulCount="0" testApiId="com.provar.plugins.bundled.apis.control.StepGroup" testItemClass="IApiCall" title="Addition of PO and PO Line">
                      <childItems>
                        <executionItem endedUtc="1658166259261" executionErrorCount="0" executionStatus="Executed" executionWarningCount="0" failureCount="1" id="root:plans:POLoader:RSTK-9088-POLOADER - SubmitToVendor.testinstance:RSTK-9088-POLOADER - SubmitToVendor.testcase:17:18.0:3:POLoader_POCreation.testcase:94:95" iterationIndex="-1" skippedCount="0" startedUtc="1658166258397" successfulCount="0" testClauseName="hidden" testItemClass="ITestClause" title="Steps">
                          <childItems>
                            <executionItem endedUtc="1658166259261" executionErrorCount="0" executionStatus="Executed" executionWarningCount="0" failureCount="1" id="root:plans:POLoader:RSTK-9088-POLOADER - SubmitToVendor.testinstance:RSTK-9088-POLOADER - SubmitToVendor.testcase:17:18.0:3:POLoader_POCreation.testcase:94:95:107" iterationIndex="-1" skippedCount="0" startedUtc="1658166258397" successfulCount="0" testApiId="com.provar.plugins.bundled.apis.control.StepGroup" testItemClass="IApiCall" title="Add PO Header">
                              <childItems>
                                <executionItem endedUtc="1658166259246" executionErrorCount="0" executionStatus="Executed" executionWarningCount="0" failureCount="1" id="root:plans:POLoader:RSTK-9088-POLOADER - SubmitToVendor.testinstance:RSTK-9088-POLOADER - SubmitToVendor.testcase:17:18.0:3:POLoader_POCreation.testcase:94:95:107:132" iterationIndex="-1" skippedCount="0" startedUtc="1658166258397" successfulCount="0" testClauseName="hidden" testItemClass="ITestClause" title="Steps">
                                  <childItems>
                                    <executionItem endedUtc="1658166259246" executionErrorCount="0" executionStatus="Executed" executionWarningCount="0" failureCount="1" id="root:plans:POLoader:RSTK-9088-POLOADER - SubmitToVendor.testinstance:RSTK-9088-POLOADER - SubmitToVendor.testcase:17:18.0:3:POLoader_POCreation.testcase:94:95:107:132:111" iterationIndex="-1" skippedCount="0" startedUtc="1658166258397" successfulCount="0" testApiId="com.provar.plugins.bundled.apis.control.ForEach" testItemClass="IApiCall" title="For Each: {List}=&gt;addheader">
                                      <childItems>
                                        <executionItem endedUtc="1658166259246" executionErrorCount="0" executionStatus="Executed" executionWarningCount="0" failureCount="1" id="root:plans:POLoader:RSTK-9088-POLOADER - SubmitToVendor.testinstance:RSTK-9088-POLOADER - SubmitToVendor.testcase:17:18.0:3:POLoader_POCreation.testcase:94:95:107:132:111:112.0" iterationIndex="0" skippedCount="0" startedUtc="1658166258412" successfulCount="0" testClauseName="substeps" testItemClass="ITestClause" title="Iteration 1">
                                          <childItems>
                                            <executionItem endedUtc="1658166259230" executionErrorCount="0" executionStatus="Executed" executionWarningCount="0" failureCount="0" id="root:plans:POLoader:RSTK-9088-POLOADER - SubmitToVendor.testinstance:RSTK-9088-POLOADER - SubmitToVendor.testcase:17:18.0:3:POLoader_POCreation.testcase:94:95:107:132:111:112.0:248" iterationIndex="-1" skippedCount="0" startedUtc="1658166258412" successfulCount="1" testApiId="com.provar.plugins.forcedotcom.core.testapis.ApexSoqlQuery" testItemClass="IApiCall" title="SOQL Query: SELECT Id,Name FROM rstk__povend__c where Name =  '{addheader.Vendor}'=&gt;povend">
                                              <childItems/>
                                              <logEntries>
                                                <logEntry id="1658166258412" messageType="General">Reading a Salesforce object.  Connection Name: SFConnection, Query: SELECT Id,Name FROM rstk__povend__c where Name =  'a4X5f000000tkbm'</logEntry>
                                                <logEntry id="1658166259230" messageType="General">The query returned no records.</logEntry>
                                              </logEntries>
                                            </executionItem>
                                            <executionItem endedUtc="1658166259230" executionErrorCount="0" executionStatus="Executed" executionWarningCount="0" failureCount="0" id="root:plans:POLoader:RSTK-9088-POLOADER - SubmitToVendor.testinstance:RSTK-9088-POLOADER - SubmitToVendor.testcase:17:18.0:3:POLoader_POCreation.testcase:94:95:107:132:111:112.0:249" iterationIndex="-1" skippedCount="0" startedUtc="1658166259230" successfulCount="1" testApiId="com.provar.plugins.bundled.apis.control.SetValues" testItemClass="IApiCall" title="Set Values: VendorID">
                                              <childItems/>
                                              <logEntries>
                                                <logEntry id="1658166259230" messageType="General">Setting value VendorID to &lt;null&gt;</logEntry>
                                                <logEntry id="1658166259230" logLevel="Debug" messageType="General">Configuration: ValueScope:Test</logEntry>
                                                <logEntry id="1658166259230" logLevel="Update" messageType="General">Successfully set VendorID to &lt;null&gt;</logEntry>
                                              </logEntries>
                                            </executionItem>
                                            <executionItem endedUtc="1658166259246" executionErrorCount="0" executionStatus="Executed" executionWarningCount="0" failureCount="1" id="root:plans:POLoader:RSTK-9088-POLOADER - SubmitToVendor.testinstance:RSTK-9088-POLOADER - SubmitToVendor.testcase:17:18.0:3:POLoader_POCreation.testcase:94:95:107:132:111:112.0:233" iterationIndex="-1" skippedCount="0" startedUtc="1658166259230" successfulCount="0" testApiId="com.provar.plugins.forcedotcom.core.testapis.ApexCreateObject" testItemClass="IApiCall" title="Create Object: rstk__poloader__c=&gt;addheaderId">
                                              <childItems/>
                                              <logEntries>
                                                <logEntry id="1658166259246" messageType="General">Creating a new Salesforce object.  Connection Name: SFConnection, Name: rstk__poloader__c, field count: 6</logEntry>
                                                <logEntry id="1658166259246" logLevel="Error" messageType="General">Error sending lock request to master lock manager.  Cause: Error sending message.  Messages: [null]</logEntry>
                                                <logEntry id="1658166259246" logLevel="Error" messageType="General">Error loading object definition.  Object name: rstk__poloader__c, Cause: [NullPointerException\nStack Trace:\njava.lang.NullPointerException\r\n\tat com.provar.plugins.forcedotcom.core.connection.SfConnectionHandler.performInsert(SfConnectionHandler.java:1460)\r\n\tat com.provar.plugins.forcedotcom.core.connection.SfConnectionHandler.perform(SfConnectionHandler.java:298)\r\n\tat com.provar.core.testexecution.common.java.TestExecutionContextImpl.doConnectionOperation(TestExecutionContextImpl.java:857)\r\n\tat com.provar.plugins.forcedotcom.core.testapis.ApexCreateObject.execute(ApexCreateObject.java:92)\r\n\tat sun.reflect.GeneratedMethodAccessor27.invoke(Unknown Source)\r\n\tat sun.reflect.DelegatingMethodAccessorImpl.invoke(DelegatingMethodAccessorImpl.java:43)\r\n\tat java.lang.reflect.Method.invoke(Method.java:498)\r\n\tat com.provar.core.testexecution.container.java.TestExecutionContainerImpl.invokeTestApi(TestExecutionContainerImpl.java:754)\r\n\tat com.provar.core.testexecution.container.java.LocalTestExecutionContainerRunner.doInvokeTestApi(LocalTestExecutionContainerRunner.java:744)\r\n\tat com.provar.core.testexecution.container.java.LocalTestExecutionContainerRunner.access$11(LocalTestExecutionContainerRunner.java:676)\r\n\tat com.provar.core.testexecution.container.java.LocalTestExecutionContainerRunner$MessageProcessor.run(LocalTestExecutionContainerRunner.java:1400)\r\n]</logEntry>
                                              </logEntries>
                                            </executionItem>
                                            <executionItem endedUtc="0" executionErrorCount="0" executionWarningCount="0" failureCount="0" id="root:plans:POLoader:RSTK-9088-POLOADER - SubmitToVendor.testinstance:RSTK-9088-POLOADER - SubmitToVendor.testcase:17:18.0:3:POLoader_POCreation.testcase:94:95:107:132:111:112.0:240" iterationIndex="-1" skippedCount="0" startedUtc="0" successfulCount="0" testApiId="com.provar.plugins.forcedotcom.core.testapis.ApexSoqlQuery" testItemClass="IApiCall" title="SOQL Query: select Id,Name,rstk__poloader_pohdr__c,rstk__poloader_process__c from rstk__poloader__c where id = '{addheaderId}'=&gt;poloaderhdrapi">
                                              <childItems/>
                                            </executionItem>
                                            <executionItem endedUtc="0" executionErrorCount="0" executionWarningCount="0" failureCount="0" id="root:plans:POLoader:RSTK-9088-POLOADER - SubmitToVendor.testinstance:RSTK-9088-POLOADER - SubmitToVendor.testcase:17:18.0:3:POLoader_POCreation.testcase:94:95:107:132:111:112.0:239" iterationIndex="-1" skippedCount="0" startedUtc="0" successfulCount="0" testApiId="com.provar.plugins.bundled.apis.control.SetValues" testItemClass="IApiCall" title="Set Values: POHDRID">
                                              <childItems/>
                                            </executionItem>
                                          </childItems>
                                        </executionItem>
                                      </childItems>
                                      <logEntries>
                                        <logEntry id="1658166258397" messageType="General">Start of iteration 1 of 1.</logEntry>
                                        <logEntry id="1658166259246" logLevel="Error" messageType="General">Sub-Test Steps failed for iteration 1</logEntry>
                                      </logEntries>
                                    </executionItem>
                                  </childItems>
                                </executionItem>
                              </childItems>
                            </executionItem>
                            <executionItem endedUtc="0" executionErrorCount="0" executionStatus="Executed" executionWarningCount="0" failureCount="0" id="root:plans:POLoader:RSTK-9088-POLOADER - SubmitToVendor.testinstance:RSTK-9088-POLOADER - SubmitToVendor.testcase:17:18.0:3:POLoader_POCreation.testcase:94:95:109" iterationIndex="-1" skippedCount="1" startedUtc="1658166259261" successfulCount="0" testApiId="com.provar.plugins.bundled.apis.control.StepGroup" testItemClass="IApiCall" title="Add PO Line">
                              <childItems>
                                <executionItem endedUtc="0" executionErrorCount="0" executionWarningCount="0" failureCount="0" id="root:plans:POLoader:RSTK-9088-POLOADER - SubmitToVendor.testinstance:RSTK-9088-POLOADER - SubmitToVendor.testcase:17:18.0:3:POLoader_POCreation.testcase:94:95:109:138" iterationIndex="-1" skippedCount="0" startedUtc="0" successfulCount="0" testClauseName="hidden" testItemClass="ITestClause" title="Steps">
                                  <childItems>
                                    <executionItem endedUtc="0" executionErrorCount="0" executionWarningCount="0" failureCount="0" id="root:plans:POLoader:RSTK-9088-POLOADER - SubmitToVendor.testinstance:RSTK-9088-POLOADER - SubmitToVendor.testcase:17:18.0:3:POLoader_POCreation.testcase:94:95:109:138:104" iterationIndex="-1" skippedCount="0" startedUtc="0" successfulCount="0" testApiId="com.provar.plugins.bundled.apis.control.ForEach" testItemClass="IApiCall" title="For Each: {AddLineData}=&gt;poloaderaddline">
                                      <childItems/>
                                    </executionItem>
                                  </childItems>
                                </executionItem>
                              </childItems>
                            </executionItem>
                            <executionItem endedUtc="0" executionErrorCount="0" executionStatus="Executed" executionWarningCount="0" failureCount="0" id="root:plans:POLoader:RSTK-9088-POLOADER - SubmitToVendor.testinstance:RSTK-9088-POLOADER - SubmitToVendor.testcase:17:18.0:3:POLoader_POCreation.testcase:94:95:244" iterationIndex="-1" skippedCount="1" startedUtc="1658166259261" successfulCount="0" testApiId="com.provar.plugins.forcedotcom.core.testapis.ApexSoqlQuery" testItemClass="IApiCall" title="SOQL Query: select Id,rstk__pohdr_ordsts__c,rstk__pohdr_totamt__c,rstk__pohdr_ordno__c,CreatedDate from rstk__pohdr__c where Id ='{POHDRID}'=&gt;pohdr">
                              <childItems/>
                            </executionItem>
                            <executionItem endedUtc="0" executionErrorCount="0" executionStatus="Executed" executionWarningCount="0" failureCount="0" id="root:plans:POLoader:RSTK-9088-POLOADER - SubmitToVendor.testinstance:RSTK-9088-POLOADER - SubmitToVendor.testcase:17:18.0:3:POLoader_POCreation.testcase:94:95:247" iterationIndex="-1" skippedCount="1" startedUtc="1658166259261" successfulCount="0" testApiId="com.provar.plugins.bundled.apis.control.SetValues" testItemClass="IApiCall" title="Set Values: POTotal">
                              <childItems/>
                            </executionItem>
                            <executionItem endedUtc="0" executionErrorCount="0" executionStatus="Executed" executionWarningCount="0" failureCount="0" id="root:plans:POLoader:RSTK-9088-POLOADER - SubmitToVendor.testinstance:RSTK-9088-POLOADER - SubmitToVendor.testcase:17:18.0:3:POLoader_POCreation.testcase:94:95:246" iterationIndex="-1" skippedCount="1" startedUtc="1658166259261" successfulCount="0" testApiId="com.provar.plugins.bundled.apis.control.SetValues" testItemClass="IApiCall" title="Set Values: POOrderNum">
                              <childItems/>
                            </executionItem>
                          </childItems>
                        </executionItem>
                      </childItems>
                    </executionItem>
                  </childItems>
                </executionItem>
              </childItems>
              <logEntries>
                <logEntry id="1658166259340" messageType="General">Handling managed resource.  Name: SFConnection</logEntry>
                <logEntry id="1658166259340" logLevel="Debug" messageType="General">Not closing Salesforce Connection because it is still being used.  Name: SFConnection</logEntry>
                <logEntry id="1658166259340" logLevel="Update" messageType="General">Salesforce Connection handled successfully.  Name: SFConnection</logEntry>
              </logEntries>
            </executionItem>
            <executionItem endedUtc="0" executionErrorCount="0" executionWarningCount="0" failureCount="0" id="root:plans:POLoader:RSTK-9088-POLOADER - SubmitToVendor.testinstance:RSTK-9088-POLOADER - SubmitToVendor.testcase:17:18.0:2" iterationIndex="-1" skippedCount="0" startedUtc="0" successfulCount="0" testItemClass="ITestCaseCall" title="Call SubmittoVendor">
              <childItems/>
            </executionItem>
            <executionItem endedUtc="0" executionErrorCount="0" executionWarningCount="0" failureCount="0" id="root:plans:POLoader:RSTK-9088-POLOADER - SubmitToVendor.testinstance:RSTK-9088-POLOADER - SubmitToVendor.testcase:17:18.0:6" iterationIndex="-1" skippedCount="0" startedUtc="0" successfulCount="0" testApiId="com.provar.plugins.forcedotcom.core.testapis.ApexSoqlQuery" testItemClass="IApiCall" title="SOQL Query: select Id,rstk__pohdr_ordsts__c from rstk__pohdr__c where Id ='{POHDRID}'=&gt;pohdr">
              <childItems/>
            </executionItem>
            <executionItem endedUtc="0" executionErrorCount="0" executionWarningCount="0" failureCount="0" id="root:plans:POLoader:RSTK-9088-POLOADER - SubmitToVendor.testinstance:RSTK-9088-POLOADER - SubmitToVendor.testcase:17:18.0:7" iterationIndex="-1" skippedCount="0" startedUtc="0" successfulCount="0" testApiId="com.provar.plugins.forcedotcom.core.testapis.ApexSoqlQuery" testItemClass="IApiCall" title="SOQL Query: select Id,rstk__poline_ordno__c,rstk__formula_qtyrcvd__c, rstk__poline_ordsts__c,rstk__poline_qtyacc__c from rstk__poline__c where rstk__poline_ordno__c ='{POHDRID}'=&gt;poline">
              <childItems/>
            </executionItem>
            <executionItem endedUtc="0" executionErrorCount="0" executionWarningCount="0" failureCount="0" id="root:plans:POLoader:RSTK-9088-POLOADER - SubmitToVendor.testinstance:RSTK-9088-POLOADER - SubmitToVendor.testcase:17:18.0:8" iterationIndex="-1" skippedCount="0" startedUtc="0" successfulCount="0" testApiId="com.provar.plugins.bundled.apis.AssertValues" testItemClass="IApiCall" title="Assert: 5-Vendor Notified EqualTo {pohdr.rstk__pohdr_ordsts__c}">
              <childItems/>
            </executionItem>
          </childItems>
        </executionItem>
      </childItems>
      <logEntries>
        <logEntry id="1658166258365" messageType="General">Start of iteration 1 of 2.</logEntry>
        <logEntry id="1658166259340" logLevel="Error" messageType="General">Sub-Test Steps failed for iteration 1</logEntry>
      </logEntries>
    </executionItem>
  </childItems>
</executionItem>
