<?xml version="1.0" encoding="UTF-8" standalone="no"?>
<executionItem endedUtc="1658166347647" executionErrorCount="0" executionStatus="Executed" executionWarningCount="0" failureCount="1" id="root:plans:SYDATA-Sales Order:WIP - Sales Order Payment Authorization Cancelled.testinstance:WIP - Sales Order Payment Authorization Cancelled.testcase" iterationIndex="-1" skippedCount="0" startedUtc="1658166338377" successfulCount="0" testCasePath="D:\\provar\\Chandra Demo\\Parallel-Execution\\tests\\SYDATA - Sales Orders" testItemClass="ITestCase" title="WIP - Sales Order Payment Authorization Cancelled.testcase">
  <testItemSummary/>
  <childItems>
    <executionItem endedUtc="1658166343374" executionErrorCount="0" executionStatus="Executed" executionWarningCount="0" failureCount="0" id="root:plans:SYDATA-Sales Order:WIP - Sales Order Payment Authorization Cancelled.testinstance:WIP - Sales Order Payment Authorization Cancelled.testcase:1" iterationIndex="-1" skippedCount="0" startedUtc="1658166338377" successfulCount="1" testApiId="com.provar.plugins.forcedotcom.core.testapis.ApexConnect" testItemClass="IApiCall" title="Salesforce Connect: SFConnection (Test)">
      <childItems/>
      <logEntries>
        <logEntry id="1658166338377" messageType="General">Connecting to Salesforce as QARSF_Admin</logEntry>
        <logEntry id="1658166338377" logLevel="Debug" messageType="General">Connection details. Connection name: QARSF_Admin, result name: SFConnection, result scope: Test, urlString: sf:environment=PRERELEASE;apiLoginUrl=https://automationtesting2.my.salesforce.com;identityServiceUrl=https://login.salesforce.com/id/00D5f000005vwGkEAI/0055f000008Hn0WAAS;clientId={clientId};clientSecret={clientSecret};authenticationType=OAUTH;callbackUrl={callbackUrl};accessToken={accessToken};refreshToken={refreshToken}, environment: AutomationOrg, clientId: [supplied], clientSecret: [supplied], callBackUrl: [supplied], accessToken: [supplied], refreshToken: [supplied]</logEntry>
        <logEntry id="1658166338377" logLevel="Debug" messageType="General">Create object id log file.</logEntry>
        <logEntry id="1658166338393" logLevel="Trace" messageType="General">Absolute path: D:\\provar\\Chandra Demo\\Parallel-Execution\\ANT\\..\\ANT\\Results(15)\\Artifacts\\QARSF_Admin-objectids.log</logEntry>
        <logEntry id="1658166339399" logLevel="Debug" messageType="General">Access Token refreshed successfully.</logEntry>
        <logEntry id="1658166342101" logLevel="Debug" messageType="General">Identity Service successful. ToolingEndpoint: https://automationtesting2.my.salesforce.com/services/Soap/T/53.0/00D5f000005vwGk, ToolingRestEndpoint: https://automationtesting2.my.salesforce.com/services/data/v53.0/tooling/, PartnerEndpoint: https://automationtesting2.my.salesforce.com/services/Soap/u/53.0/00D5f000005vwGk, MetadataEndpoint: https://automationtesting2.my.salesforce.com/services/Soap/m/53.0/00D5f000005vwGk, EnterpriseEndpoint: https://automationtesting2.my.salesforce.com/services/Soap/c/53.0/00D5f000005vwGk</logEntry>
        <logEntry id="1658166342101" logLevel="Debug" messageType="General">Opening Partner connection</logEntry>
        <logEntry id="1658166342101" logLevel="Trace" messageType="General">Connection configurations: userName: automation@rootstock.com,  password: [empty], securityToken: [empty], authEndpoint: https://automationtesting2.my.salesforce.com/services/Soap/u/53.0, serviceEndpoint: https://automationtesting2.my.salesforce.com/services/Soap/u/53.0/00D5f000005vwGk</logEntry>
        <logEntry id="1658166343374" logLevel="Debug" messageType="General">Opening SOAP connection</logEntry>
        <logEntry id="1658166343374" logLevel="Trace" messageType="General">Connection configurations: userName: automation@rootstock.com,  password: [empty], securityToken: [empty], authEndpoint: https://automationtesting2.my.salesforce.com/services/Soap/u/53.0, serviceEndpoint: https://automationtesting2.my.salesforce.com/services/Soap/u/53.0</logEntry>
        <logEntry id="1658166343374" logLevel="Debug" messageType="General">Opening Metadata connection</logEntry>
        <logEntry id="1658166343374" logLevel="Trace" messageType="General">Connection configurations: userName: null,  password: [empty], securityToken: [empty], authEndpoint: https://automationtesting2.my.salesforce.com/services/Soap/u/53.0, serviceEndpoint: https://automationtesting2.my.salesforce.com/services/Soap/m/53.0/00D5f000005vwGk</logEntry>
        <logEntry id="1658166343374" logLevel="Update" messageType="General">Successfully connected to Salesforce as QARSF_Admin</logEntry>
      </logEntries>
    </executionItem>
    <executionItem endedUtc="1658166343690" executionErrorCount="0" executionStatus="Executed" executionWarningCount="0" failureCount="0" id="root:plans:SYDATA-Sales Order:WIP - Sales Order Payment Authorization Cancelled.testinstance:WIP - Sales Order Payment Authorization Cancelled.testcase:34" iterationIndex="-1" skippedCount="0" startedUtc="1658166343374" successfulCount="1" testApiId="com.provar.plugins.bundled.apis.control.StepGroup" testItemClass="IApiCall" title="Read Excel Path">
      <childItems>
        <executionItem endedUtc="1658166343674" executionErrorCount="0" executionStatus="Executed" executionWarningCount="0" failureCount="0" id="root:plans:SYDATA-Sales Order:WIP - Sales Order Payment Authorization Cancelled.testinstance:WIP - Sales Order Payment Authorization Cancelled.testcase:34:48" iterationIndex="-1" skippedCount="0" startedUtc="1658166343390" successfulCount="1" testClauseName="hidden" testItemClass="ITestClause" title="Steps">
          <childItems>
            <executionItem endedUtc="1658166343674" executionErrorCount="0" executionStatus="Executed" executionWarningCount="0" failureCount="0" id="root:plans:SYDATA-Sales Order:WIP - Sales Order Payment Authorization Cancelled.testinstance:WIP - Sales Order Payment Authorization Cancelled.testcase:34:48:60" iterationIndex="-1" skippedCount="0" startedUtc="1658166343390" successfulCount="1" testItemClass="ITestCaseCall" title="Call Read Excel Data">
              <childItems>
                <executionItem endedUtc="1658166343674" executionErrorCount="0" executionStatus="Executed" executionWarningCount="0" failureCount="0" id="root:plans:SYDATA-Sales Order:WIP - Sales Order Payment Authorization Cancelled.testinstance:WIP - Sales Order Payment Authorization Cancelled.testcase:34:48:60:Read Excel Data.testcase" iterationIndex="-1" skippedCount="0" startedUtc="1658166343390" successfulCount="1" testCasePath="D:\\provar\\Chandra Demo\\Parallel-Execution\\tests\\Sales Order\\Sales Order - CallableTesting" testItemClass="ITestCase" title="Read Excel Data">
                  <testItemSummary/>
                  <childItems>
                    <executionItem endedUtc="1658166343390" executionErrorCount="0" executionStatus="Executed" executionWarningCount="0" failureCount="0" id="root:plans:SYDATA-Sales Order:WIP - Sales Order Payment Authorization Cancelled.testinstance:WIP - Sales Order Payment Authorization Cancelled.testcase:34:48:60:Read Excel Data.testcase:1" iterationIndex="-1" skippedCount="0" startedUtc="1658166343390" successfulCount="1" testApiId="com.provar.plugins.forcedotcom.core.testapis.ApexConnect" testItemClass="IApiCall" title="Salesforce Connect: SFConnection (Test)">
                      <childItems/>
                      <logEntries>
                        <logEntry id="1658166343390" messageType="General">Connecting to Salesforce as QARSF_Admin</logEntry>
                        <logEntry id="1658166343390" logLevel="Update" messageType="General">Re-using existing connection. Connection: QARSF_Admin, Result Name: SFConnection</logEntry>
                      </logEntries>
                    </executionItem>
                    <executionItem endedUtc="1658166343668" executionErrorCount="0" executionStatus="Executed" executionWarningCount="0" failureCount="0" id="root:plans:SYDATA-Sales Order:WIP - Sales Order Payment Authorization Cancelled.testinstance:WIP - Sales Order Payment Authorization Cancelled.testcase:34:48:60:Read Excel Data.testcase:2" iterationIndex="-1" skippedCount="0" startedUtc="1658166343390" successfulCount="1" testApiId="com.provar.plugins.bundled.apis.control.StepGroup" testItemClass="IApiCall" title="Select Execution Environment">
                      <childItems>
                        <executionItem endedUtc="1658166343658" executionErrorCount="0" executionStatus="Executed" executionWarningCount="0" failureCount="0" id="root:plans:SYDATA-Sales Order:WIP - Sales Order Payment Authorization Cancelled.testinstance:WIP - Sales Order Payment Authorization Cancelled.testcase:34:48:60:Read Excel Data.testcase:2:3" iterationIndex="-1" skippedCount="0" startedUtc="1658166343405" successfulCount="1" testClauseName="hidden" testItemClass="ITestClause" title="Steps">
                          <childItems>
                            <executionItem endedUtc="1658166343531" executionErrorCount="0" executionStatus="Executed" executionWarningCount="0" failureCount="0" id="root:plans:SYDATA-Sales Order:WIP - Sales Order Payment Authorization Cancelled.testinstance:WIP - Sales Order Payment Authorization Cancelled.testcase:34:48:60:Read Excel Data.testcase:2:3:4" iterationIndex="-1" skippedCount="0" startedUtc="1658166343405" successfulCount="1" testApiId="com.provar.plugins.bundled.apis.If" testItemClass="IApiCall" title="If: {GetSelectedEnvironment() = &quot;AutomationOrg&quot;}">
                              <childItems>
                                <executionItem endedUtc="1658166343531" executionErrorCount="0" executionStatus="Executed" executionWarningCount="0" failureCount="0" id="root:plans:SYDATA-Sales Order:WIP - Sales Order Payment Authorization Cancelled.testinstance:WIP - Sales Order Payment Authorization Cancelled.testcase:34:48:60:Read Excel Data.testcase:2:3:4:5" iterationIndex="-1" skippedCount="0" startedUtc="1658166343421" successfulCount="1" testClauseName="then" testItemClass="ITestClause" title="Then">
                                  <childItems>
                                    <executionItem endedUtc="1658166343421" executionErrorCount="0" executionStatus="Executed" executionWarningCount="0" failureCount="0" id="root:plans:SYDATA-Sales Order:WIP - Sales Order Payment Authorization Cancelled.testinstance:WIP - Sales Order Payment Authorization Cancelled.testcase:34:48:60:Read Excel Data.testcase:2:3:4:5:20" iterationIndex="-1" skippedCount="0" startedUtc="1658166343421" successfulCount="1" testApiId="com.provar.plugins.bundled.apis.control.SetValues" testItemClass="IApiCall" title="Set Values: wb_ExcelPath_SOAPI">
                                      <childItems/>
                                      <logEntries>
                                        <logEntry id="1658166343421" messageType="General">Setting value wb_ExcelPath_SOAPI to templates/AutomationOrg/SOAPI.xlsx</logEntry>
                                        <logEntry id="1658166343421" logLevel="Debug" messageType="General">Configuration: ValueScope:Test</logEntry>
                                        <logEntry id="1658166343421" logLevel="Update" messageType="General">Successfully set wb_ExcelPath_SOAPI to templates/AutomationOrg/SOAPI.xlsx</logEntry>
                                      </logEntries>
                                    </executionItem>
                                    <executionItem endedUtc="1658166343437" executionErrorCount="0" executionStatus="Executed" executionWarningCount="0" failureCount="0" id="root:plans:SYDATA-Sales Order:WIP - Sales Order Payment Authorization Cancelled.testinstance:WIP - Sales Order Payment Authorization Cancelled.testcase:34:48:60:Read Excel Data.testcase:2:3:4:5:17" iterationIndex="-1" skippedCount="0" startedUtc="1658166343421" successfulCount="1" testApiId="com.provar.plugins.bundled.apis.control.SetValues" testItemClass="IApiCall" title="Set Values: wb_ExcelPath_SYDATA">
                                      <childItems/>
                                      <logEntries>
                                        <logEntry id="1658166343437" messageType="General">Setting value wb_ExcelPath_SYDATA to templates/AutomationOrg/SYDATA.xlsx</logEntry>
                                        <logEntry id="1658166343437" logLevel="Debug" messageType="General">Configuration: ValueScope:Test</logEntry>
                                        <logEntry id="1658166343437" logLevel="Update" messageType="General">Successfully set wb_ExcelPath_SYDATA to templates/AutomationOrg/SYDATA.xlsx</logEntry>
                                      </logEntries>
                                    </executionItem>
                                    <executionItem endedUtc="1658166343467" executionErrorCount="0" executionStatus="Executed" executionWarningCount="0" failureCount="0" id="root:plans:SYDATA-Sales Order:WIP - Sales Order Payment Authorization Cancelled.testinstance:WIP - Sales Order Payment Authorization Cancelled.testcase:34:48:60:Read Excel Data.testcase:2:3:4:5:14" iterationIndex="-1" skippedCount="0" startedUtc="1658166343437" successfulCount="1" testApiId="com.provar.plugins.bundled.apis.control.SetValues" testItemClass="IApiCall" title="Set Values: wb_ExcelPath_CustomerMaster">
                                      <childItems/>
                                      <logEntries>
                                        <logEntry id="1658166343452" messageType="General">Setting value wb_ExcelPath_CustomerMaster to templates/AutomationOrg/CustomerMaster.xlsx</logEntry>
                                        <logEntry id="1658166343452" logLevel="Debug" messageType="General">Configuration: ValueScope:Test</logEntry>
                                        <logEntry id="1658166343452" logLevel="Update" messageType="General">Successfully set wb_ExcelPath_CustomerMaster to templates/AutomationOrg/CustomerMaster.xlsx</logEntry>
                                      </logEntries>
                                    </executionItem>
                                    <executionItem endedUtc="1658166343468" executionErrorCount="0" executionStatus="Executed" executionWarningCount="0" failureCount="0" id="root:plans:SYDATA-Sales Order:WIP - Sales Order Payment Authorization Cancelled.testinstance:WIP - Sales Order Payment Authorization Cancelled.testcase:34:48:60:Read Excel Data.testcase:2:3:4:5:39" iterationIndex="-1" skippedCount="0" startedUtc="1658166343467" successfulCount="1" testApiId="com.provar.plugins.bundled.apis.control.SetValues" testItemClass="IApiCall" title="Set Values: wb_ExcelPath_SalesOrder_BaseData_SOAPI">
                                      <childItems/>
                                      <logEntries>
                                        <logEntry id="1658166343468" messageType="General">Setting value wb_ExcelPath_SalesOrder_BaseData_SOAPI to templates/AutomationOrg/SalesOrder_BaseData_SOAPI.xlsx</logEntry>
                                        <logEntry id="1658166343468" logLevel="Debug" messageType="General">Configuration: ValueScope:Test</logEntry>
                                        <logEntry id="1658166343468" logLevel="Update" messageType="General">Successfully set wb_ExcelPath_SalesOrder_BaseData_SOAPI to templates/AutomationOrg/SalesOrder_BaseData_SOAPI.xlsx</logEntry>
                                      </logEntries>
                                    </executionItem>
                                    <executionItem endedUtc="1658166343484" executionErrorCount="0" executionStatus="Executed" executionWarningCount="0" failureCount="0" id="root:plans:SYDATA-Sales Order:WIP - Sales Order Payment Authorization Cancelled.testinstance:WIP - Sales Order Payment Authorization Cancelled.testcase:34:48:60:Read Excel Data.testcase:2:3:4:5:6" iterationIndex="-1" skippedCount="0" startedUtc="1658166343468" successfulCount="1" testApiId="com.provar.plugins.bundled.apis.control.SetValues" testItemClass="IApiCall" title="Set Values: wb_ExcelPath_SalesOrder_BaseData_SingleLine">
                                      <childItems/>
                                      <logEntries>
                                        <logEntry id="1658166343468" messageType="General">Setting value wb_ExcelPath_SalesOrder_BaseData_SingleLine to templates/AutomationOrg/SalesOrder_BaseData_SingleLine.xlsx</logEntry>
                                        <logEntry id="1658166343468" logLevel="Debug" messageType="General">Configuration: ValueScope:Test</logEntry>
                                        <logEntry id="1658166343468" logLevel="Update" messageType="General">Successfully set wb_ExcelPath_SalesOrder_BaseData_SingleLine to templates/AutomationOrg/SalesOrder_BaseData_SingleLine.xlsx</logEntry>
                                      </logEntries>
                                    </executionItem>
                                    <executionItem endedUtc="1658166343484" executionErrorCount="0" executionStatus="Executed" executionWarningCount="0" failureCount="0" id="root:plans:SYDATA-Sales Order:WIP - Sales Order Payment Authorization Cancelled.testinstance:WIP - Sales Order Payment Authorization Cancelled.testcase:34:48:60:Read Excel Data.testcase:2:3:4:5:26" iterationIndex="-1" skippedCount="0" startedUtc="1658166343484" successfulCount="1" testApiId="com.provar.plugins.bundled.apis.control.SetValues" testItemClass="IApiCall" title="Set Values: wb_ExcelPath_AR">
                                      <childItems/>
                                      <logEntries>
                                        <logEntry id="1658166343484" messageType="General">Setting value wb_ExcelPath_AR to templates/AutomationOrg/AR.xlsx</logEntry>
                                        <logEntry id="1658166343484" logLevel="Debug" messageType="General">Configuration: ValueScope:Test</logEntry>
                                        <logEntry id="1658166343484" logLevel="Update" messageType="General">Successfully set wb_ExcelPath_AR to templates/AutomationOrg/AR.xlsx</logEntry>
                                      </logEntries>
                                    </executionItem>
                                    <executionItem endedUtc="1658166343500" executionErrorCount="0" executionStatus="Executed" executionWarningCount="0" failureCount="0" id="root:plans:SYDATA-Sales Order:WIP - Sales Order Payment Authorization Cancelled.testinstance:WIP - Sales Order Payment Authorization Cancelled.testcase:34:48:60:Read Excel Data.testcase:2:3:4:5:29" iterationIndex="-1" skippedCount="0" startedUtc="1658166343484" successfulCount="1" testApiId="com.provar.plugins.bundled.apis.control.SetValues" testItemClass="IApiCall" title="Set Values: wb_ExcelPath_MRP">
                                      <childItems/>
                                      <logEntries>
                                        <logEntry id="1658166343500" messageType="General">Setting value wb_ExcelPath_MRP to templates/AutomationOrg/MRP.xlsx</logEntry>
                                        <logEntry id="1658166343500" logLevel="Debug" messageType="General">Configuration: ValueScope:Test</logEntry>
                                        <logEntry id="1658166343500" logLevel="Update" messageType="General">Successfully set wb_ExcelPath_MRP to templates/AutomationOrg/MRP.xlsx</logEntry>
                                      </logEntries>
                                    </executionItem>
                                    <executionItem endedUtc="1658166343515" executionErrorCount="0" executionStatus="Executed" executionWarningCount="0" failureCount="0" id="root:plans:SYDATA-Sales Order:WIP - Sales Order Payment Authorization Cancelled.testinstance:WIP - Sales Order Payment Authorization Cancelled.testcase:34:48:60:Read Excel Data.testcase:2:3:4:5:35" iterationIndex="-1" skippedCount="0" startedUtc="1658166343500" successfulCount="1" testApiId="com.provar.plugins.bundled.apis.control.SetValues" testItemClass="IApiCall" title="Set Values: wb_ExcelPath_FSL">
                                      <childItems/>
                                      <logEntries>
                                        <logEntry id="1658166343500" messageType="General">Setting value wb_ExcelPath_FSL to templates/AutomationOrg/FSL.xlsx</logEntry>
                                        <logEntry id="1658166343500" logLevel="Debug" messageType="General">Configuration: ValueScope:Test</logEntry>
                                        <logEntry id="1658166343500" logLevel="Update" messageType="General">Successfully set wb_ExcelPath_FSL to templates/AutomationOrg/FSL.xlsx</logEntry>
                                      </logEntries>
                                    </executionItem>
                                    <executionItem endedUtc="1658166343531" executionErrorCount="0" executionStatus="Executed" executionWarningCount="0" failureCount="0" id="root:plans:SYDATA-Sales Order:WIP - Sales Order Payment Authorization Cancelled.testinstance:WIP - Sales Order Payment Authorization Cancelled.testcase:34:48:60:Read Excel Data.testcase:2:3:4:5:23" iterationIndex="-1" skippedCount="0" startedUtc="1658166343515" successfulCount="1" testApiId="com.provar.plugins.bundled.apis.control.SetValues" testItemClass="IApiCall" title="Set Values: wb_ExcelPath_SOSetup">
                                      <childItems/>
                                      <logEntries>
                                        <logEntry id="1658166343531" messageType="General">Setting value wb_ExcelPath_SOSetup to templates/AutomationOrg/SOSetup.xlsx</logEntry>
                                        <logEntry id="1658166343531" logLevel="Debug" messageType="General">Configuration: ValueScope:Test</logEntry>
                                        <logEntry id="1658166343531" logLevel="Update" messageType="General">Successfully set wb_ExcelPath_SOSetup to templates/AutomationOrg/SOSetup.xlsx</logEntry>
                                      </logEntries>
                                    </executionItem>
                                  </childItems>
                                </executionItem>
                              </childItems>
                            </executionItem>
                            <executionItem endedUtc="1658166343546" executionErrorCount="0" executionStatus="Executed" executionWarningCount="0" failureCount="0" id="root:plans:SYDATA-Sales Order:WIP - Sales Order Payment Authorization Cancelled.testinstance:WIP - Sales Order Payment Authorization Cancelled.testcase:34:48:60:Read Excel Data.testcase:2:3:8" iterationIndex="-1" skippedCount="0" startedUtc="1658166343531" successfulCount="1" testApiId="com.provar.plugins.bundled.apis.If" testItemClass="IApiCall" title="If: {GetSelectedEnvironment() = &quot;QARSF&quot;}">
                              <childItems>
                                <executionItem endedUtc="0" executionErrorCount="0" executionWarningCount="0" failureCount="0" id="root:plans:SYDATA-Sales Order:WIP - Sales Order Payment Authorization Cancelled.testinstance:WIP - Sales Order Payment Authorization Cancelled.testcase:34:48:60:Read Excel Data.testcase:2:3:8:9" iterationIndex="-1" skippedCount="0" startedUtc="0" successfulCount="0" testClauseName="then" testItemClass="ITestClause" title="Then">
                                  <childItems>
                                    <executionItem endedUtc="0" executionErrorCount="0" executionWarningCount="0" failureCount="0" id="root:plans:SYDATA-Sales Order:WIP - Sales Order Payment Authorization Cancelled.testinstance:WIP - Sales Order Payment Authorization Cancelled.testcase:34:48:60:Read Excel Data.testcase:2:3:8:9:18" iterationIndex="-1" skippedCount="0" startedUtc="0" successfulCount="0" testApiId="com.provar.plugins.bundled.apis.control.SetValues" testItemClass="IApiCall" title="Set Values: wb_ExcelPath_CustomerMaster">
                                      <childItems/>
                                    </executionItem>
                                    <executionItem endedUtc="0" executionErrorCount="0" executionWarningCount="0" failureCount="0" id="root:plans:SYDATA-Sales Order:WIP - Sales Order Payment Authorization Cancelled.testinstance:WIP - Sales Order Payment Authorization Cancelled.testcase:34:48:60:Read Excel Data.testcase:2:3:8:9:16" iterationIndex="-1" skippedCount="0" startedUtc="0" successfulCount="0" testApiId="com.provar.plugins.bundled.apis.control.SetValues" testItemClass="IApiCall" title="Set Values: wb_ExcelPath_SOAPI">
                                      <childItems/>
                                    </executionItem>
                                    <executionItem endedUtc="0" executionErrorCount="0" executionWarningCount="0" failureCount="0" id="root:plans:SYDATA-Sales Order:WIP - Sales Order Payment Authorization Cancelled.testinstance:WIP - Sales Order Payment Authorization Cancelled.testcase:34:48:60:Read Excel Data.testcase:2:3:8:9:41" iterationIndex="-1" skippedCount="0" startedUtc="0" successfulCount="0" testApiId="com.provar.plugins.bundled.apis.control.SetValues" testItemClass="IApiCall" title="Set Values: wb_ExcelPath_SalesOrder_BaseData_SingleLine">
                                      <childItems/>
                                    </executionItem>
                                    <executionItem endedUtc="0" executionErrorCount="0" executionWarningCount="0" failureCount="0" id="root:plans:SYDATA-Sales Order:WIP - Sales Order Payment Authorization Cancelled.testinstance:WIP - Sales Order Payment Authorization Cancelled.testcase:34:48:60:Read Excel Data.testcase:2:3:8:9:10" iterationIndex="-1" skippedCount="0" startedUtc="0" successfulCount="0" testApiId="com.provar.plugins.bundled.apis.control.SetValues" testItemClass="IApiCall" title="Set Values: wb_ExcelPath_SalesOrder_BaseData_SOAPI">
                                      <childItems/>
                                    </executionItem>
                                    <executionItem endedUtc="0" executionErrorCount="0" executionWarningCount="0" failureCount="0" id="root:plans:SYDATA-Sales Order:WIP - Sales Order Payment Authorization Cancelled.testinstance:WIP - Sales Order Payment Authorization Cancelled.testcase:34:48:60:Read Excel Data.testcase:2:3:8:9:21" iterationIndex="-1" skippedCount="0" startedUtc="0" successfulCount="0" testApiId="com.provar.plugins.bundled.apis.control.SetValues" testItemClass="IApiCall" title="Set Values: wb_ExcelPath_SYDATA">
                                      <childItems/>
                                    </executionItem>
                                    <executionItem endedUtc="0" executionErrorCount="0" executionWarningCount="0" failureCount="0" id="root:plans:SYDATA-Sales Order:WIP - Sales Order Payment Authorization Cancelled.testinstance:WIP - Sales Order Payment Authorization Cancelled.testcase:34:48:60:Read Excel Data.testcase:2:3:8:9:24" iterationIndex="-1" skippedCount="0" startedUtc="0" successfulCount="0" testApiId="com.provar.plugins.bundled.apis.control.SetValues" testItemClass="IApiCall" title="Set Values: wb_ExcelPath_AR">
                                      <childItems/>
                                    </executionItem>
                                    <executionItem endedUtc="0" executionErrorCount="0" executionWarningCount="0" failureCount="0" id="root:plans:SYDATA-Sales Order:WIP - Sales Order Payment Authorization Cancelled.testinstance:WIP - Sales Order Payment Authorization Cancelled.testcase:34:48:60:Read Excel Data.testcase:2:3:8:9:30" iterationIndex="-1" skippedCount="0" startedUtc="0" successfulCount="0" testApiId="com.provar.plugins.bundled.apis.control.SetValues" testItemClass="IApiCall" title="Set Values: wb_ExcelPath_MRP">
                                      <childItems/>
                                    </executionItem>
                                    <executionItem endedUtc="0" executionErrorCount="0" executionWarningCount="0" failureCount="0" id="root:plans:SYDATA-Sales Order:WIP - Sales Order Payment Authorization Cancelled.testinstance:WIP - Sales Order Payment Authorization Cancelled.testcase:34:48:60:Read Excel Data.testcase:2:3:8:9:36" iterationIndex="-1" skippedCount="0" startedUtc="0" successfulCount="0" testApiId="com.provar.plugins.bundled.apis.control.SetValues" testItemClass="IApiCall" title="Set Values: wb_ExcelPath_SOSetup">
                                      <childItems/>
                                    </executionItem>
                                    <executionItem endedUtc="0" executionErrorCount="0" executionWarningCount="0" failureCount="0" id="root:plans:SYDATA-Sales Order:WIP - Sales Order Payment Authorization Cancelled.testinstance:WIP - Sales Order Payment Authorization Cancelled.testcase:34:48:60:Read Excel Data.testcase:2:3:8:9:27" iterationIndex="-1" skippedCount="0" startedUtc="0" successfulCount="0" testApiId="com.provar.plugins.bundled.apis.control.SetValues" testItemClass="IApiCall" title="Set Values: wb_ExcelPath_FSL">
                                      <childItems/>
                                    </executionItem>
                                  </childItems>
                                </executionItem>
                              </childItems>
                            </executionItem>
                            <executionItem endedUtc="1658166343568" executionErrorCount="0" executionStatus="Executed" executionWarningCount="0" failureCount="0" id="root:plans:SYDATA-Sales Order:WIP - Sales Order Payment Authorization Cancelled.testinstance:WIP - Sales Order Payment Authorization Cancelled.testcase:34:48:60:Read Excel Data.testcase:2:3:32" iterationIndex="-1" skippedCount="0" startedUtc="1658166343546" successfulCount="1" testApiId="com.provar.plugins.bundled.apis.If" testItemClass="IApiCall" title="If: {GetSelectedEnvironment() = &quot;DEVQAFF&quot;}">
                              <childItems>
                                <executionItem endedUtc="0" executionErrorCount="0" executionWarningCount="0" failureCount="0" id="root:plans:SYDATA-Sales Order:WIP - Sales Order Payment Authorization Cancelled.testinstance:WIP - Sales Order Payment Authorization Cancelled.testcase:34:48:60:Read Excel Data.testcase:2:3:32:33" iterationIndex="-1" skippedCount="0" startedUtc="0" successfulCount="0" testClauseName="then" testItemClass="ITestClause" title="Then">
                                  <childItems>
                                    <executionItem endedUtc="0" executionErrorCount="0" executionWarningCount="0" failureCount="0" id="root:plans:SYDATA-Sales Order:WIP - Sales Order Payment Authorization Cancelled.testinstance:WIP - Sales Order Payment Authorization Cancelled.testcase:34:48:60:Read Excel Data.testcase:2:3:32:33:34" iterationIndex="-1" skippedCount="0" startedUtc="0" successfulCount="0" testApiId="com.provar.plugins.bundled.apis.control.SetValues" testItemClass="IApiCall" title="Set Values: wb_ExcelPath_FSL">
                                      <childItems/>
                                    </executionItem>
                                  </childItems>
                                </executionItem>
                              </childItems>
                            </executionItem>
                            <executionItem endedUtc="1658166343578" executionErrorCount="0" executionStatus="Executed" executionWarningCount="0" failureCount="0" id="root:plans:SYDATA-Sales Order:WIP - Sales Order Payment Authorization Cancelled.testinstance:WIP - Sales Order Payment Authorization Cancelled.testcase:34:48:60:Read Excel Data.testcase:2:3:42" iterationIndex="-1" skippedCount="0" startedUtc="1658166343568" successfulCount="1" testApiId="com.provar.plugins.bundled.apis.If" testItemClass="IApiCall" title="If: {GetSelectedEnvironment() = &quot;DEVQAFF_LUI&quot;}">
                              <childItems>
                                <executionItem endedUtc="0" executionErrorCount="0" executionWarningCount="0" failureCount="0" id="root:plans:SYDATA-Sales Order:WIP - Sales Order Payment Authorization Cancelled.testinstance:WIP - Sales Order Payment Authorization Cancelled.testcase:34:48:60:Read Excel Data.testcase:2:3:42:43" iterationIndex="-1" skippedCount="0" startedUtc="0" successfulCount="0" testClauseName="then" testItemClass="ITestClause" title="Then">
                                  <childItems>
                                    <executionItem endedUtc="0" executionErrorCount="0" executionWarningCount="0" failureCount="0" id="root:plans:SYDATA-Sales Order:WIP - Sales Order Payment Authorization Cancelled.testinstance:WIP - Sales Order Payment Authorization Cancelled.testcase:34:48:60:Read Excel Data.testcase:2:3:42:43:47" iterationIndex="-1" skippedCount="0" startedUtc="0" successfulCount="0" testApiId="com.provar.plugins.bundled.apis.control.SetValues" testItemClass="IApiCall" title="Set Values: wb_ExcelPath_SalesOrder_BaseData_SOAPI">
                                      <childItems/>
                                    </executionItem>
                                  </childItems>
                                </executionItem>
                              </childItems>
                            </executionItem>
                            <executionItem endedUtc="1658166343578" executionErrorCount="0" executionStatus="Executed" executionWarningCount="0" failureCount="0" id="root:plans:SYDATA-Sales Order:WIP - Sales Order Payment Authorization Cancelled.testinstance:WIP - Sales Order Payment Authorization Cancelled.testcase:34:48:60:Read Excel Data.testcase:2:3:22" iterationIndex="-1" skippedCount="0" startedUtc="1658166343578" successfulCount="1" testApiId="com.provar.plugins.bundled.apis.control.SetValues" testItemClass="IApiCall" title="Set Values: ExcelPath_SYDATA">
                              <childItems/>
                              <logEntries>
                                <logEntry id="1658166343578" messageType="General">Setting value ExcelPath_SYDATA to templates/AutomationOrg/SYDATA.xlsx</logEntry>
                                <logEntry id="1658166343578" logLevel="Debug" messageType="General">Configuration: ValueScope:Test</logEntry>
                                <logEntry id="1658166343578" logLevel="Update" messageType="General">Successfully set ExcelPath_SYDATA to templates/AutomationOrg/SYDATA.xlsx</logEntry>
                              </logEntries>
                            </executionItem>
                            <executionItem endedUtc="1658166343595" executionErrorCount="0" executionStatus="Executed" executionWarningCount="0" failureCount="0" id="root:plans:SYDATA-Sales Order:WIP - Sales Order Payment Authorization Cancelled.testinstance:WIP - Sales Order Payment Authorization Cancelled.testcase:34:48:60:Read Excel Data.testcase:2:3:25" iterationIndex="-1" skippedCount="0" startedUtc="1658166343578" successfulCount="1" testApiId="com.provar.plugins.bundled.apis.control.SetValues" testItemClass="IApiCall" title="Set Values: ExcelPath_SOAPI">
                              <childItems/>
                              <logEntries>
                                <logEntry id="1658166343594" messageType="General">Setting value ExcelPath_SOAPI to templates/AutomationOrg/SOAPI.xlsx</logEntry>
                                <logEntry id="1658166343594" logLevel="Debug" messageType="General">Configuration: ValueScope:Test</logEntry>
                                <logEntry id="1658166343594" logLevel="Update" messageType="General">Successfully set ExcelPath_SOAPI to templates/AutomationOrg/SOAPI.xlsx</logEntry>
                              </logEntries>
                            </executionItem>
                            <executionItem endedUtc="1658166343595" executionErrorCount="0" executionStatus="Executed" executionWarningCount="0" failureCount="0" id="root:plans:SYDATA-Sales Order:WIP - Sales Order Payment Authorization Cancelled.testinstance:WIP - Sales Order Payment Authorization Cancelled.testcase:34:48:60:Read Excel Data.testcase:2:3:28" iterationIndex="-1" skippedCount="0" startedUtc="1658166343595" successfulCount="1" testApiId="com.provar.plugins.bundled.apis.control.SetValues" testItemClass="IApiCall" title="Set Values: ExcelPath_AR">
                              <childItems/>
                              <logEntries>
                                <logEntry id="1658166343595" messageType="General">Setting value ExcelPath_AR to templates/AutomationOrg/AR.xlsx</logEntry>
                                <logEntry id="1658166343595" logLevel="Debug" messageType="General">Configuration: ValueScope:Test</logEntry>
                                <logEntry id="1658166343595" logLevel="Update" messageType="General">Successfully set ExcelPath_AR to templates/AutomationOrg/AR.xlsx</logEntry>
                              </logEntries>
                            </executionItem>
                            <executionItem endedUtc="1658166343611" executionErrorCount="0" executionStatus="Executed" executionWarningCount="0" failureCount="0" id="root:plans:SYDATA-Sales Order:WIP - Sales Order Payment Authorization Cancelled.testinstance:WIP - Sales Order Payment Authorization Cancelled.testcase:34:48:60:Read Excel Data.testcase:2:3:31" iterationIndex="-1" skippedCount="0" startedUtc="1658166343595" successfulCount="1" testApiId="com.provar.plugins.bundled.apis.control.SetValues" testItemClass="IApiCall" title="Set Values: ExcelPath_MRP">
                              <childItems/>
                              <logEntries>
                                <logEntry id="1658166343611" messageType="General">Setting value ExcelPath_MRP to templates/AutomationOrg/MRP.xlsx</logEntry>
                                <logEntry id="1658166343611" logLevel="Debug" messageType="General">Configuration: ValueScope:Test</logEntry>
                                <logEntry id="1658166343611" logLevel="Update" messageType="General">Successfully set ExcelPath_MRP to templates/AutomationOrg/MRP.xlsx</logEntry>
                              </logEntries>
                            </executionItem>
                            <executionItem endedUtc="1658166343611" executionErrorCount="0" executionStatus="Executed" executionWarningCount="0" failureCount="0" id="root:plans:SYDATA-Sales Order:WIP - Sales Order Payment Authorization Cancelled.testinstance:WIP - Sales Order Payment Authorization Cancelled.testcase:34:48:60:Read Excel Data.testcase:2:3:38" iterationIndex="-1" skippedCount="0" startedUtc="1658166343611" successfulCount="1" testApiId="com.provar.plugins.bundled.apis.control.SetValues" testItemClass="IApiCall" title="Set Values: ExcelPath_FSL">
                              <childItems/>
                              <logEntries>
                                <logEntry id="1658166343611" messageType="General">Setting value ExcelPath_FSL to templates/AutomationOrg/FSL.xlsx</logEntry>
                                <logEntry id="1658166343611" logLevel="Debug" messageType="General">Configuration: ValueScope:Test</logEntry>
                                <logEntry id="1658166343611" logLevel="Update" messageType="General">Successfully set ExcelPath_FSL to templates/AutomationOrg/FSL.xlsx</logEntry>
                              </logEntries>
                            </executionItem>
                            <executionItem endedUtc="1658166343628" executionErrorCount="0" executionStatus="Executed" executionWarningCount="0" failureCount="0" id="root:plans:SYDATA-Sales Order:WIP - Sales Order Payment Authorization Cancelled.testinstance:WIP - Sales Order Payment Authorization Cancelled.testcase:34:48:60:Read Excel Data.testcase:2:3:19" iterationIndex="-1" skippedCount="0" startedUtc="1658166343611" successfulCount="1" testApiId="com.provar.plugins.bundled.apis.control.SetValues" testItemClass="IApiCall" title="Set Values: ExcelPath_SOSetup">
                              <childItems/>
                              <logEntries>
                                <logEntry id="1658166343628" messageType="General">Setting value ExcelPath_SOSetup to templates/AutomationOrg/SOSetup.xlsx</logEntry>
                                <logEntry id="1658166343628" logLevel="Debug" messageType="General">Configuration: ValueScope:Test</logEntry>
                                <logEntry id="1658166343628" logLevel="Update" messageType="General">Successfully set ExcelPath_SOSetup to templates/AutomationOrg/SOSetup.xlsx</logEntry>
                              </logEntries>
                            </executionItem>
                            <executionItem endedUtc="1658166343628" executionErrorCount="0" executionStatus="Executed" executionWarningCount="0" failureCount="0" id="root:plans:SYDATA-Sales Order:WIP - Sales Order Payment Authorization Cancelled.testinstance:WIP - Sales Order Payment Authorization Cancelled.testcase:34:48:60:Read Excel Data.testcase:2:3:11" iterationIndex="-1" skippedCount="0" startedUtc="1658166343628" successfulCount="1" testApiId="com.provar.plugins.bundled.apis.control.SetValues" testItemClass="IApiCall" title="Set Values: ExcelPath_CustomerMaster">
                              <childItems/>
                              <logEntries>
                                <logEntry id="1658166343628" messageType="General">Setting value ExcelPath_CustomerMaster to templates/AutomationOrg/CustomerMaster.xlsx</logEntry>
                                <logEntry id="1658166343628" logLevel="Debug" messageType="General">Configuration: ValueScope:Test</logEntry>
                                <logEntry id="1658166343628" logLevel="Update" messageType="General">Successfully set ExcelPath_CustomerMaster to templates/AutomationOrg/CustomerMaster.xlsx</logEntry>
                              </logEntries>
                            </executionItem>
                            <executionItem endedUtc="1658166343642" executionErrorCount="0" executionStatus="Executed" executionWarningCount="0" failureCount="0" id="root:plans:SYDATA-Sales Order:WIP - Sales Order Payment Authorization Cancelled.testinstance:WIP - Sales Order Payment Authorization Cancelled.testcase:34:48:60:Read Excel Data.testcase:2:3:40" iterationIndex="-1" skippedCount="0" startedUtc="1658166343628" successfulCount="1" testApiId="com.provar.plugins.bundled.apis.control.SetValues" testItemClass="IApiCall" title="Set Values: ExcelPath_SalesOrder_BaseData_SingleLine">
                              <childItems/>
                              <logEntries>
                                <logEntry id="1658166343642" messageType="General">Setting value ExcelPath_SalesOrder_BaseData_SingleLine to templates/AutomationOrg/SalesOrder_BaseData_SingleLine.xlsx</logEntry>
                                <logEntry id="1658166343642" logLevel="Debug" messageType="General">Configuration: ValueScope:Test</logEntry>
                                <logEntry id="1658166343642" logLevel="Update" messageType="General">Successfully set ExcelPath_SalesOrder_BaseData_SingleLine to templates/AutomationOrg/SalesOrder_BaseData_SingleLine.xlsx</logEntry>
                              </logEntries>
                            </executionItem>
                            <executionItem endedUtc="1658166343658" executionErrorCount="0" executionStatus="Executed" executionWarningCount="0" failureCount="0" id="root:plans:SYDATA-Sales Order:WIP - Sales Order Payment Authorization Cancelled.testinstance:WIP - Sales Order Payment Authorization Cancelled.testcase:34:48:60:Read Excel Data.testcase:2:3:15" iterationIndex="-1" skippedCount="0" startedUtc="1658166343642" successfulCount="1" testApiId="com.provar.plugins.bundled.apis.control.SetValues" testItemClass="IApiCall" title="Set Values: ExcelPath_SalesOrder_BaseData_SOAPI">
                              <childItems/>
                              <logEntries>
                                <logEntry id="1658166343642" messageType="General">Setting value ExcelPath_SalesOrder_BaseData_SOAPI to templates/AutomationOrg/SalesOrder_BaseData_SOAPI.xlsx</logEntry>
                                <logEntry id="1658166343642" logLevel="Debug" messageType="General">Configuration: ValueScope:Test</logEntry>
                                <logEntry id="1658166343642" logLevel="Update" messageType="General">Successfully set ExcelPath_SalesOrder_BaseData_SOAPI to templates/AutomationOrg/SalesOrder_BaseData_SOAPI.xlsx</logEntry>
                              </logEntries>
                            </executionItem>
                          </childItems>
                        </executionItem>
                      </childItems>
                    </executionItem>
                    <executionItem endedUtc="1658166343674" executionErrorCount="0" executionStatus="Executed" executionWarningCount="0" failureCount="0" id="root:plans:SYDATA-Sales Order:WIP - Sales Order Payment Authorization Cancelled.testinstance:WIP - Sales Order Payment Authorization Cancelled.testcase:34:48:60:Read Excel Data.testcase:12" iterationIndex="-1" skippedCount="0" startedUtc="1658166343668" successfulCount="1" testApiId="com.provar.plugins.bundled.apis.control.StepGroup" testItemClass="IApiCall" title="End">
                      <childItems>
                        <executionItem endedUtc="1658166343674" executionErrorCount="0" executionStatus="Executed" executionWarningCount="0" failureCount="0" id="root:plans:SYDATA-Sales Order:WIP - Sales Order Payment Authorization Cancelled.testinstance:WIP - Sales Order Payment Authorization Cancelled.testcase:34:48:60:Read Excel Data.testcase:12:13" iterationIndex="-1" skippedCount="0" startedUtc="1658166343674" successfulCount="1" testClauseName="hidden" testItemClass="ITestClause" title="Steps">
                          <childItems/>
                        </executionItem>
                      </childItems>
                    </executionItem>
                  </childItems>
                </executionItem>
              </childItems>
              <logEntries>
                <logEntry id="1658166343674" messageType="General">Handling managed resource.  Name: SFConnection</logEntry>
                <logEntry id="1658166343674" logLevel="Debug" messageType="General">Not closing Salesforce Connection because it is still being used.  Name: SFConnection</logEntry>
                <logEntry id="1658166343674" logLevel="Update" messageType="General">Salesforce Connection handled successfully.  Name: SFConnection</logEntry>
              </logEntries>
            </executionItem>
          </childItems>
        </executionItem>
      </childItems>
    </executionItem>
    <executionItem endedUtc="1658166343768" executionErrorCount="0" executionStatus="Executed" executionWarningCount="0" failureCount="0" id="root:plans:SYDATA-Sales Order:WIP - Sales Order Payment Authorization Cancelled.testinstance:WIP - Sales Order Payment Authorization Cancelled.testcase:35" iterationIndex="-1" skippedCount="0" startedUtc="1658166343690" successfulCount="1" testApiId="com.provar.plugins.bundled.apis.control.StepGroup" testItemClass="IApiCall" title="Read Data">
      <childItems>
        <executionItem endedUtc="1658166343752" executionErrorCount="0" executionStatus="Executed" executionWarningCount="0" failureCount="0" id="root:plans:SYDATA-Sales Order:WIP - Sales Order Payment Authorization Cancelled.testinstance:WIP - Sales Order Payment Authorization Cancelled.testcase:35:59" iterationIndex="-1" skippedCount="0" startedUtc="1658166343752" successfulCount="1" testClauseName="hidden" testItemClass="ITestClause" title="Steps">
          <childItems/>
        </executionItem>
      </childItems>
      <logEntries>
        <logEntry id="1658166343690" messageType="ParameterValueSource">Loading data from Parameter Value Source ...</logEntry>
        <logEntry id="1658166343690" messageType="General">Loading Parameter Value Source row 1:</logEntry>
        <logEntry id="1658166343690" messageType="General">==Column=&gt; APIMode = PrimitiveValueImpl [ value: Add Header, valueId=null, createdUpdateSeq=-1, updatedUpdateSeq=-1]</logEntry>
        <logEntry id="1658166343705" messageType="General">==Column=&gt; AsynchronousProcessing = PrimitiveValueImpl [ value: false, valueId=null, createdUpdateSeq=-1, updatedUpdateSeq=-1]</logEntry>
        <logEntry id="1658166343705" messageType="General">==Column=&gt; InventoryDivision = PrimitiveValueImpl [ value: a8d5f0000004JbG, valueId=null, createdUpdateSeq=-1, updatedUpdateSeq=-1]</logEntry>
        <logEntry id="1658166343705" messageType="General">==Column=&gt; SalesDivision = PrimitiveValueImpl [ value: a8d5f0000004JbG, valueId=null, createdUpdateSeq=-1, updatedUpdateSeq=-1]</logEntry>
        <logEntry id="1658166343705" messageType="General">==Column=&gt; Customer = PrimitiveValueImpl [ value: a6B5f000000PqAT, valueId=null, createdUpdateSeq=-1, updatedUpdateSeq=-1]</logEntry>
        <logEntry id="1658166343705" messageType="General">==Column=&gt; ManufacturingUser = PrimitiveValueImpl [ value: a9L5f000000seuO, valueId=null, createdUpdateSeq=-1, updatedUpdateSeq=-1]</logEntry>
        <logEntry id="1658166343705" messageType="General">==Column=&gt; RecordProcessed = PrimitiveValueImpl [ value: true, valueId=null, createdUpdateSeq=-1, updatedUpdateSeq=-1]</logEntry>
        <logEntry id="1658166343705" logLevel="Update" messageType="General">Loaded 1 rows from Parameter Value Source.</logEntry>
        <logEntry id="1658166343705" messageType="ParameterValueSource">Loading data from Parameter Value Source ...</logEntry>
        <logEntry id="1658166343705" messageType="General">Loading Parameter Value Source row 1:</logEntry>
        <logEntry id="1658166343705" messageType="General">==Column=&gt; APIMode = PrimitiveValueImpl [ value: Add Line, valueId=null, createdUpdateSeq=-1, updatedUpdateSeq=-1]</logEntry>
        <logEntry id="1658166343705" messageType="General">==Column=&gt; AsynchronousProcessing = PrimitiveValueImpl [ value: false, valueId=null, createdUpdateSeq=-1, updatedUpdateSeq=-1]</logEntry>
        <logEntry id="1658166343705" messageType="General">==Column=&gt; InventoryDivision = PrimitiveValueImpl [ value: a8d5f0000004JbG, valueId=null, createdUpdateSeq=-1, updatedUpdateSeq=-1]</logEntry>
        <logEntry id="1658166343705" messageType="General">==Column=&gt; SalesDivision = PrimitiveValueImpl [ value: a8d5f0000004JbG, valueId=null, createdUpdateSeq=-1, updatedUpdateSeq=-1]</logEntry>
        <logEntry id="1658166343705" messageType="General">==Column=&gt; Customer = PrimitiveValueImpl [ value: a6B5f000000PqAT, valueId=null, createdUpdateSeq=-1, updatedUpdateSeq=-1]</logEntry>
        <logEntry id="1658166343705" messageType="General">==Column=&gt; ManufacturingUser = PrimitiveValueImpl [ value: a9L5f000000seuO, valueId=null, createdUpdateSeq=-1, updatedUpdateSeq=-1]</logEntry>
        <logEntry id="1658166343705" messageType="General">==Column=&gt; Product = PrimitiveValueImpl [ value: a7S5f000000kRvX, valueId=null, createdUpdateSeq=-1, updatedUpdateSeq=-1]</logEntry>
        <logEntry id="1658166343705" messageType="General">==Column=&gt; OrderQuantity = PrimitiveValueImpl [ value: 2, valueId=null, createdUpdateSeq=-1, updatedUpdateSeq=-1]</logEntry>
        <logEntry id="1658166343705" messageType="General">==Column=&gt; UnitPrice = PrimitiveValueImpl [ value: 200, valueId=null, createdUpdateSeq=-1, updatedUpdateSeq=-1]</logEntry>
        <logEntry id="1658166343705" messageType="General">==Column=&gt; LineNumber = PrimitiveValueImpl [ value: 1, valueId=null, createdUpdateSeq=-1, updatedUpdateSeq=-1]</logEntry>
        <logEntry id="1658166343705" messageType="General">==Column=&gt; RecordProcessed = PrimitiveValueImpl [ value: true, valueId=null, createdUpdateSeq=-1, updatedUpdateSeq=-1]</logEntry>
        <logEntry id="1658166343705" messageType="General">Loading Parameter Value Source row 2:</logEntry>
        <logEntry id="1658166343705" messageType="General">==Column=&gt; APIMode = PrimitiveValueImpl [ value: Add Line, valueId=null, createdUpdateSeq=-1, updatedUpdateSeq=-1]</logEntry>
        <logEntry id="1658166343705" messageType="General">==Column=&gt; AsynchronousProcessing = PrimitiveValueImpl [ value: false, valueId=null, createdUpdateSeq=-1, updatedUpdateSeq=-1]</logEntry>
        <logEntry id="1658166343705" messageType="General">==Column=&gt; InventoryDivision = PrimitiveValueImpl [ value: a8d5f0000004JbG, valueId=null, createdUpdateSeq=-1, updatedUpdateSeq=-1]</logEntry>
        <logEntry id="1658166343705" messageType="General">==Column=&gt; SalesDivision = PrimitiveValueImpl [ value: a8d5f0000004JbG, valueId=null, createdUpdateSeq=-1, updatedUpdateSeq=-1]</logEntry>
        <logEntry id="1658166343705" messageType="General">==Column=&gt; Customer = PrimitiveValueImpl [ value: a6B5f000000PqAT, valueId=null, createdUpdateSeq=-1, updatedUpdateSeq=-1]</logEntry>
        <logEntry id="1658166343705" messageType="General">==Column=&gt; ManufacturingUser = PrimitiveValueImpl [ value: a9L5f000000seuO, valueId=null, createdUpdateSeq=-1, updatedUpdateSeq=-1]</logEntry>
        <logEntry id="1658166343705" messageType="General">==Column=&gt; Product = PrimitiveValueImpl [ value: a7S5f000000kRvc, valueId=null, createdUpdateSeq=-1, updatedUpdateSeq=-1]</logEntry>
        <logEntry id="1658166343705" messageType="General">==Column=&gt; OrderQuantity = PrimitiveValueImpl [ value: 4, valueId=null, createdUpdateSeq=-1, updatedUpdateSeq=-1]</logEntry>
        <logEntry id="1658166343705" messageType="General">==Column=&gt; UnitPrice = PrimitiveValueImpl [ value: 100, valueId=null, createdUpdateSeq=-1, updatedUpdateSeq=-1]</logEntry>
        <logEntry id="1658166343705" messageType="General">==Column=&gt; LineNumber = PrimitiveValueImpl [ value: 2, valueId=null, createdUpdateSeq=-1, updatedUpdateSeq=-1]</logEntry>
        <logEntry id="1658166343705" messageType="General">==Column=&gt; RecordProcessed = PrimitiveValueImpl [ value: true, valueId=null, createdUpdateSeq=-1, updatedUpdateSeq=-1]</logEntry>
        <logEntry id="1658166343705" messageType="General">Loading Parameter Value Source row 3:</logEntry>
        <logEntry id="1658166343705" messageType="General">==Column=&gt; APIMode = PrimitiveValueImpl [ value: Add Line, valueId=null, createdUpdateSeq=-1, updatedUpdateSeq=-1]</logEntry>
        <logEntry id="1658166343705" messageType="General">==Column=&gt; AsynchronousProcessing = PrimitiveValueImpl [ value: false, valueId=null, createdUpdateSeq=-1, updatedUpdateSeq=-1]</logEntry>
        <logEntry id="1658166343705" messageType="General">==Column=&gt; InventoryDivision = PrimitiveValueImpl [ value: a8d5f0000004JbG, valueId=null, createdUpdateSeq=-1, updatedUpdateSeq=-1]</logEntry>
        <logEntry id="1658166343705" messageType="General">==Column=&gt; SalesDivision = PrimitiveValueImpl [ value: a8d5f0000004JbG, valueId=null, createdUpdateSeq=-1, updatedUpdateSeq=-1]</logEntry>
        <logEntry id="1658166343705" messageType="General">==Column=&gt; Customer = PrimitiveValueImpl [ value: a6B5f000000PqAT, valueId=null, createdUpdateSeq=-1, updatedUpdateSeq=-1]</logEntry>
        <logEntry id="1658166343721" messageType="General">==Column=&gt; ManufacturingUser = PrimitiveValueImpl [ value: a9L5f000000seuO, valueId=null, createdUpdateSeq=-1, updatedUpdateSeq=-1]</logEntry>
        <logEntry id="1658166343721" messageType="General">==Column=&gt; Product = PrimitiveValueImpl [ value: a7S5f000000kRvh, valueId=null, createdUpdateSeq=-1, updatedUpdateSeq=-1]</logEntry>
        <logEntry id="1658166343721" messageType="General">==Column=&gt; OrderQuantity = PrimitiveValueImpl [ value: 2, valueId=null, createdUpdateSeq=-1, updatedUpdateSeq=-1]</logEntry>
        <logEntry id="1658166343721" messageType="General">==Column=&gt; UnitPrice = PrimitiveValueImpl [ value: 50, valueId=null, createdUpdateSeq=-1, updatedUpdateSeq=-1]</logEntry>
        <logEntry id="1658166343721" messageType="General">==Column=&gt; LineNumber = PrimitiveValueImpl [ value: 3, valueId=null, createdUpdateSeq=-1, updatedUpdateSeq=-1]</logEntry>
        <logEntry id="1658166343721" messageType="General">==Column=&gt; RecordProcessed = PrimitiveValueImpl [ value: true, valueId=null, createdUpdateSeq=-1, updatedUpdateSeq=-1]</logEntry>
        <logEntry id="1658166343721" messageType="General">Loading Parameter Value Source row 4:</logEntry>
        <logEntry id="1658166343721" messageType="General">==Column=&gt; APIMode = PrimitiveValueImpl [ value: Add Line, valueId=null, createdUpdateSeq=-1, updatedUpdateSeq=-1]</logEntry>
        <logEntry id="1658166343721" messageType="General">==Column=&gt; AsynchronousProcessing = PrimitiveValueImpl [ value: false, valueId=null, createdUpdateSeq=-1, updatedUpdateSeq=-1]</logEntry>
        <logEntry id="1658166343721" messageType="General">==Column=&gt; InventoryDivision = PrimitiveValueImpl [ value: a8d5f0000004JbG, valueId=null, createdUpdateSeq=-1, updatedUpdateSeq=-1]</logEntry>
        <logEntry id="1658166343721" messageType="General">==Column=&gt; SalesDivision = PrimitiveValueImpl [ value: a8d5f0000004JbG, valueId=null, createdUpdateSeq=-1, updatedUpdateSeq=-1]</logEntry>
        <logEntry id="1658166343721" messageType="General">==Column=&gt; Customer = PrimitiveValueImpl [ value: a6B5f000000PqAT, valueId=null, createdUpdateSeq=-1, updatedUpdateSeq=-1]</logEntry>
        <logEntry id="1658166343721" messageType="General">==Column=&gt; ManufacturingUser = PrimitiveValueImpl [ value: a9L5f000000seuO, valueId=null, createdUpdateSeq=-1, updatedUpdateSeq=-1]</logEntry>
        <logEntry id="1658166343721" messageType="General">==Column=&gt; Product = PrimitiveValueImpl [ value: a7S5f000000kRvm, valueId=null, createdUpdateSeq=-1, updatedUpdateSeq=-1]</logEntry>
        <logEntry id="1658166343721" messageType="General">==Column=&gt; OrderQuantity = PrimitiveValueImpl [ value: 2, valueId=null, createdUpdateSeq=-1, updatedUpdateSeq=-1]</logEntry>
        <logEntry id="1658166343721" messageType="General">==Column=&gt; UnitPrice = PrimitiveValueImpl [ value: 80, valueId=null, createdUpdateSeq=-1, updatedUpdateSeq=-1]</logEntry>
        <logEntry id="1658166343721" messageType="General">==Column=&gt; LineNumber = PrimitiveValueImpl [ value: 4, valueId=null, createdUpdateSeq=-1, updatedUpdateSeq=-1]</logEntry>
        <logEntry id="1658166343721" messageType="General">==Column=&gt; RecordProcessed = PrimitiveValueImpl [ value: true, valueId=null, createdUpdateSeq=-1, updatedUpdateSeq=-1]</logEntry>
        <logEntry id="1658166343721" messageType="General">Loading Parameter Value Source row 5:</logEntry>
        <logEntry id="1658166343721" messageType="General">==Column=&gt; APIMode = PrimitiveValueImpl [ value: Add Line, valueId=null, createdUpdateSeq=-1, updatedUpdateSeq=-1]</logEntry>
        <logEntry id="1658166343721" messageType="General">==Column=&gt; AsynchronousProcessing = PrimitiveValueImpl [ value: false, valueId=null, createdUpdateSeq=-1, updatedUpdateSeq=-1]</logEntry>
        <logEntry id="1658166343721" messageType="General">==Column=&gt; InventoryDivision = PrimitiveValueImpl [ value: a8d5f0000004JbG, valueId=null, createdUpdateSeq=-1, updatedUpdateSeq=-1]</logEntry>
        <logEntry id="1658166343721" messageType="General">==Column=&gt; SalesDivision = PrimitiveValueImpl [ value: a8d5f0000004JbG, valueId=null, createdUpdateSeq=-1, updatedUpdateSeq=-1]</logEntry>
        <logEntry id="1658166343721" messageType="General">==Column=&gt; Customer = PrimitiveValueImpl [ value: a6B5f000000PqAT, valueId=null, createdUpdateSeq=-1, updatedUpdateSeq=-1]</logEntry>
        <logEntry id="1658166343721" messageType="General">==Column=&gt; ManufacturingUser = PrimitiveValueImpl [ value: a9L5f000000seuO, valueId=null, createdUpdateSeq=-1, updatedUpdateSeq=-1]</logEntry>
        <logEntry id="1658166343721" messageType="General">==Column=&gt; Product = PrimitiveValueImpl [ value: a7S5f000000kRvr, valueId=null, createdUpdateSeq=-1, updatedUpdateSeq=-1]</logEntry>
        <logEntry id="1658166343721" messageType="General">==Column=&gt; OrderQuantity = PrimitiveValueImpl [ value: 3, valueId=null, createdUpdateSeq=-1, updatedUpdateSeq=-1]</logEntry>
        <logEntry id="1658166343721" messageType="General">==Column=&gt; UnitPrice = PrimitiveValueImpl [ value: 20, valueId=null, createdUpdateSeq=-1, updatedUpdateSeq=-1]</logEntry>
        <logEntry id="1658166343721" messageType="General">==Column=&gt; LineNumber = PrimitiveValueImpl [ value: 5, valueId=null, createdUpdateSeq=-1, updatedUpdateSeq=-1]</logEntry>
        <logEntry id="1658166343721" messageType="General">==Column=&gt; RecordProcessed = PrimitiveValueImpl [ value: true, valueId=null, createdUpdateSeq=-1, updatedUpdateSeq=-1]</logEntry>
        <logEntry id="1658166343721" logLevel="Update" messageType="General">Loaded 5 rows from Parameter Value Source.</logEntry>
        <logEntry id="1658166343721" messageType="ParameterValueSource">Loading data from Parameter Value Source ...</logEntry>
        <logEntry id="1658166343736" messageType="General">Loading Parameter Value Source row 1:</logEntry>
        <logEntry id="1658166343736" messageType="General">==Column=&gt; TransactionType = PrimitiveValueImpl [ value: Firm All Sales Order Lines, valueId=null, createdUpdateSeq=-1, updatedUpdateSeq=-1]</logEntry>
        <logEntry id="1658166343736" messageType="General">==Column=&gt; BackgroundProcessing = PrimitiveValueImpl [ value: false, valueId=null, createdUpdateSeq=-1, updatedUpdateSeq=-1]</logEntry>
        <logEntry id="1658166343736" logLevel="Update" messageType="General">Loaded 1 rows from Parameter Value Source.</logEntry>
        <logEntry id="1658166343736" messageType="ParameterValueSource">Loading data from Parameter Value Source ...</logEntry>
        <logEntry id="1658166343736" messageType="General">Loading Parameter Value Source row 1:</logEntry>
        <logEntry id="1658166343736" messageType="General">==Column=&gt; TransactionType = PrimitiveValueImpl [ value: Sales Order Payment Cancel Authorization, valueId=null, createdUpdateSeq=-1, updatedUpdateSeq=-1]</logEntry>
        <logEntry id="1658166343736" messageType="General">==Column=&gt; BackgroundProcessing = PrimitiveValueImpl [ value: true, valueId=null, createdUpdateSeq=-1, updatedUpdateSeq=-1]</logEntry>
        <logEntry id="1658166343736" messageType="General">==Column=&gt; PaymentGateway = PrimitiveValueImpl [ value: PAYPAL, valueId=null, createdUpdateSeq=-1, updatedUpdateSeq=-1]</logEntry>
        <logEntry id="1658166343736" messageType="General">==Column=&gt; OrderPaymentAmount = PrimitiveValueImpl [ value: 500, valueId=null, createdUpdateSeq=-1, updatedUpdateSeq=-1]</logEntry>
        <logEntry id="1658166343752" logLevel="Update" messageType="General">Loaded 1 rows from Parameter Value Source.</logEntry>
      </logEntries>
    </executionItem>
    <executionItem endedUtc="1658166347647" executionErrorCount="0" executionStatus="Executed" executionWarningCount="0" failureCount="1" id="root:plans:SYDATA-Sales Order:WIP - Sales Order Payment Authorization Cancelled.testinstance:WIP - Sales Order Payment Authorization Cancelled.testcase:2" iterationIndex="-1" skippedCount="0" startedUtc="1658166343768" successfulCount="0" testApiId="com.provar.plugins.bundled.apis.control.StepGroup" testItemClass="IApiCall" title="Create Sales Order Header">
      <childItems>
        <executionItem endedUtc="1658166347647" executionErrorCount="0" executionStatus="Executed" executionWarningCount="0" failureCount="1" id="root:plans:SYDATA-Sales Order:WIP - Sales Order Payment Authorization Cancelled.testinstance:WIP - Sales Order Payment Authorization Cancelled.testcase:2:3" iterationIndex="-1" skippedCount="0" startedUtc="1658166343768" successfulCount="0" testClauseName="hidden" testItemClass="ITestClause" title="Steps">
          <childItems>
            <executionItem endedUtc="1658166347647" executionErrorCount="0" executionStatus="Executed" executionWarningCount="0" failureCount="1" id="root:plans:SYDATA-Sales Order:WIP - Sales Order Payment Authorization Cancelled.testinstance:WIP - Sales Order Payment Authorization Cancelled.testcase:2:3:15" iterationIndex="-1" skippedCount="0" startedUtc="1658166343768" successfulCount="0" testItemClass="ITestCaseCall" title="Call Create Sales Order Header - SOAPI">
              <childItems>
                <executionItem endedUtc="1658166347632" executionErrorCount="0" executionStatus="Executed" executionWarningCount="0" failureCount="1" id="root:plans:SYDATA-Sales Order:WIP - Sales Order Payment Authorization Cancelled.testinstance:WIP - Sales Order Payment Authorization Cancelled.testcase:2:3:15:Create Sales Order Header - SOAPI.testcase" iterationIndex="-1" skippedCount="0" startedUtc="1658166343768" successfulCount="0" testCasePath="D:\\provar\\Chandra Demo\\Parallel-Execution\\tests\\Sales Order\\Sales Order - CallableTesting" testItemClass="ITestCase" title="Create Sales Order Header - SOAPI">
                  <testItemSummary/>
                  <childItems>
                    <executionItem endedUtc="1658166343784" executionErrorCount="0" executionStatus="Executed" executionWarningCount="0" failureCount="0" id="root:plans:SYDATA-Sales Order:WIP - Sales Order Payment Authorization Cancelled.testinstance:WIP - Sales Order Payment Authorization Cancelled.testcase:2:3:15:Create Sales Order Header - SOAPI.testcase:4" iterationIndex="-1" skippedCount="0" startedUtc="1658166343768" successfulCount="1" testApiId="com.provar.plugins.forcedotcom.core.testapis.ApexConnect" testItemClass="IApiCall" title="Salesforce Connect: SFConnection (Test)">
                      <childItems/>
                      <logEntries>
                        <logEntry id="1658166343784" messageType="General">Connecting to Salesforce as QARSF_Admin</logEntry>
                        <logEntry id="1658166343784" logLevel="Update" messageType="General">Re-using existing connection. Connection: QARSF_Admin, Result Name: SFConnection</logEntry>
                      </logEntries>
                    </executionItem>
                    <executionItem endedUtc="1658166343799" executionErrorCount="0" executionStatus="Executed" executionWarningCount="0" failureCount="0" id="root:plans:SYDATA-Sales Order:WIP - Sales Order Payment Authorization Cancelled.testinstance:WIP - Sales Order Payment Authorization Cancelled.testcase:2:3:15:Create Sales Order Header - SOAPI.testcase:66" iterationIndex="-1" skippedCount="0" startedUtc="1658166343784" successfulCount="1" testApiId="com.provar.plugins.bundled.apis.control.StepGroup" testItemClass="IApiCall" title="Read Data for SOAPI Add Header">
                      <childItems>
                        <executionItem endedUtc="1658166343784" executionErrorCount="0" executionStatus="Executed" executionWarningCount="0" failureCount="0" id="root:plans:SYDATA-Sales Order:WIP - Sales Order Payment Authorization Cancelled.testinstance:WIP - Sales Order Payment Authorization Cancelled.testcase:2:3:15:Create Sales Order Header - SOAPI.testcase:66:67" iterationIndex="-1" skippedCount="0" startedUtc="1658166343784" successfulCount="1" testClauseName="hidden" testItemClass="ITestClause" title="Steps">
                          <childItems/>
                        </executionItem>
                      </childItems>
                    </executionItem>
                    <executionItem endedUtc="1658166347632" executionErrorCount="0" executionStatus="Executed" executionWarningCount="0" failureCount="1" id="root:plans:SYDATA-Sales Order:WIP - Sales Order Payment Authorization Cancelled.testinstance:WIP - Sales Order Payment Authorization Cancelled.testcase:2:3:15:Create Sales Order Header - SOAPI.testcase:16" iterationIndex="-1" skippedCount="0" startedUtc="1658166343799" successfulCount="0" testApiId="com.provar.plugins.bundled.apis.control.ForEach" testItemClass="IApiCall" title="For Each: {SourceData_SOHeader}=&gt;Row_AddHeader">
                      <childItems>
                        <executionItem endedUtc="1658166347632" executionErrorCount="0" executionStatus="Executed" executionWarningCount="0" failureCount="1" id="root:plans:SYDATA-Sales Order:WIP - Sales Order Payment Authorization Cancelled.testinstance:WIP - Sales Order Payment Authorization Cancelled.testcase:2:3:15:Create Sales Order Header - SOAPI.testcase:16:17.0" iterationIndex="0" skippedCount="0" startedUtc="1658166343799" successfulCount="0" testClauseName="substeps" testItemClass="ITestClause" title="Iteration 1">
                          <childItems>
                            <executionItem endedUtc="1658166343815" executionErrorCount="0" executionStatus="Executed" executionWarningCount="0" failureCount="0" id="root:plans:SYDATA-Sales Order:WIP - Sales Order Payment Authorization Cancelled.testinstance:WIP - Sales Order Payment Authorization Cancelled.testcase:2:3:15:Create Sales Order Header - SOAPI.testcase:16:17.0:30" iterationIndex="-1" skippedCount="0" startedUtc="1658166343799" successfulCount="1" testApiId="com.provar.plugins.bundled.apis.control.SetValues" testItemClass="IApiCall" title="Set Values: OrderNumber">
                              <childItems/>
                              <logEntries>
                                <logEntry id="1658166343815" messageType="General">Setting value OrderNumber to SO-FFD3</logEntry>
                                <logEntry id="1658166343815" logLevel="Debug" messageType="General">Configuration: ValueScope:Test</logEntry>
                                <logEntry id="1658166343815" logLevel="Update" messageType="General">Successfully set OrderNumber to SO-FFD3</logEntry>
                              </logEntries>
                            </executionItem>
                            <executionItem endedUtc="1658166343831" executionErrorCount="0" executionStatus="Executed" executionWarningCount="0" failureCount="1" id="root:plans:SYDATA-Sales Order:WIP - Sales Order Payment Authorization Cancelled.testinstance:WIP - Sales Order Payment Authorization Cancelled.testcase:2:3:15:Create Sales Order Header - SOAPI.testcase:16:17.0:29" iterationIndex="-1" skippedCount="0" startedUtc="1658166343815" successfulCount="0" testApiId="com.provar.plugins.forcedotcom.core.testapis.ApexCreateObject" testItemClass="IApiCall" title="Create Object: rstk__soapi__c=&gt;soapiId">
                              <childItems/>
                              <logEntries>
                                <logEntry id="1658166343831" messageType="General">Creating a new Salesforce object.  Connection Name: SFConnection, Name: rstk__soapi__c, field count: 8</logEntry>
                                <logEntry id="1658166343831" logLevel="Error" messageType="General">Error sending lock request to master lock manager.  Cause: Error sending message.  Messages: [null]</logEntry>
                                <logEntry id="1658166343831" logLevel="Error" messageType="General">Error loading object definition.  Object name: rstk__soapi__c, Cause: [NullPointerException\nStack Trace:\njava.lang.NullPointerException\r\n\tat com.provar.plugins.forcedotcom.core.connection.SfConnectionHandler.performInsert(SfConnectionHandler.java:1460)\r\n\tat com.provar.plugins.forcedotcom.core.connection.SfConnectionHandler.perform(SfConnectionHandler.java:298)\r\n\tat com.provar.core.testexecution.common.java.TestExecutionContextImpl.doConnectionOperation(TestExecutionContextImpl.java:857)\r\n\tat com.provar.plugins.forcedotcom.core.testapis.ApexCreateObject.execute(ApexCreateObject.java:92)\r\n\tat sun.reflect.GeneratedMethodAccessor25.invoke(Unknown Source)\r\n\tat sun.reflect.DelegatingMethodAccessorImpl.invoke(DelegatingMethodAccessorImpl.java:43)\r\n\tat java.lang.reflect.Method.invoke(Method.java:498)\r\n\tat com.provar.core.testexecution.container.java.TestExecutionContainerImpl.invokeTestApi(TestExecutionContainerImpl.java:754)\r\n\tat com.provar.core.testexecution.container.java.LocalTestExecutionContainerRunner.doInvokeTestApi(LocalTestExecutionContainerRunner.java:744)\r\n\tat com.provar.core.testexecution.container.java.LocalTestExecutionContainerRunner.access$11(LocalTestExecutionContainerRunner.java:676)\r\n\tat com.provar.core.testexecution.container.java.LocalTestExecutionContainerRunner$MessageProcessor.run(LocalTestExecutionContainerRunner.java:1400)\r\n]</logEntry>
                              </logEntries>
                            </executionItem>
                            <executionItem endedUtc="1658166345086" executionErrorCount="0" executionStatus="Executed" executionWarningCount="0" failureCount="0" id="root:plans:SYDATA-Sales Order:WIP - Sales Order Payment Authorization Cancelled.testinstance:WIP - Sales Order Payment Authorization Cancelled.testcase:2:3:15:Create Sales Order Header - SOAPI.testcase:16:17.0:31" iterationIndex="-1" skippedCount="0" startedUtc="1658166343831" successfulCount="1" testApiId="com.provar.plugins.forcedotcom.core.testapis.ApexSoqlQuery" testItemClass="IApiCall" title="SOQL Query: select Id,rstk__soapi_orderno__c,rstk__soapi_processed__c from rstk__soapi__c where rstk__soapi_orderno__c='SO-FFD3'=&gt;rstkRows_AddHeader">
                              <childItems/>
                              <logEntries>
                                <logEntry id="1658166343831" messageType="General">Reading a Salesforce object.  Connection Name: SFConnection, Query: select Id,rstk__soapi_orderno__c,rstk__soapi_processed__c from rstk__soapi__c where rstk__soapi_orderno__c='SO-FFD3'</logEntry>
                                <logEntry id="1658166345086" messageType="General">The query returned no records.</logEntry>
                              </logEntries>
                            </executionItem>
                            <executionItem endedUtc="1658166345102" executionErrorCount="0" executionStatus="Executed" executionWarningCount="0" failureCount="0" id="root:plans:SYDATA-Sales Order:WIP - Sales Order Payment Authorization Cancelled.testinstance:WIP - Sales Order Payment Authorization Cancelled.testcase:2:3:15:Create Sales Order Header - SOAPI.testcase:16:17.0:100" iterationIndex="-1" skippedCount="0" startedUtc="1658166345086" successfulCount="1" testApiId="com.provar.plugins.bundled.apis.control.DoWhile" testItemClass="IApiCall" title="While: {rstkRows_AddHeader.rstk__soapi_processed__c = &quot;false&quot;}">
                              <childItems/>
                              <logEntries>
                                <logEntry id="1658166345086" messageType="General">Looping ending because the condition is not TRUE.</logEntry>
                              </logEntries>
                            </executionItem>
                            <executionItem endedUtc="1658166346375" executionErrorCount="0" executionStatus="Executed" executionWarningCount="0" failureCount="0" id="root:plans:SYDATA-Sales Order:WIP - Sales Order Payment Authorization Cancelled.testinstance:WIP - Sales Order Payment Authorization Cancelled.testcase:2:3:15:Create Sales Order Header - SOAPI.testcase:16:17.0:64" iterationIndex="-1" skippedCount="0" startedUtc="1658166345102" successfulCount="1" testApiId="com.provar.plugins.forcedotcom.core.testapis.ApexSoqlQuery" testItemClass="IApiCall" title="SOQL Query: select Id,rstk__sohdr_order__c from rstk__sohdr__c where rstk__sohdr_order__c='SO-FFD3'=&gt;rstkRows_SOHeader">
                              <childItems/>
                              <logEntries>
                                <logEntry id="1658166345102" messageType="General">Reading a Salesforce object.  Connection Name: SFConnection, Query: select Id,rstk__sohdr_order__c from rstk__sohdr__c where rstk__sohdr_order__c='SO-FFD3'</logEntry>
                                <logEntry id="1658166346375" messageType="General">The query returned no records.</logEntry>
                              </logEntries>
                            </executionItem>
                            <executionItem endedUtc="1658166346390" executionErrorCount="0" executionStatus="Executed" executionWarningCount="0" failureCount="1" id="root:plans:SYDATA-Sales Order:WIP - Sales Order Payment Authorization Cancelled.testinstance:WIP - Sales Order Payment Authorization Cancelled.testcase:2:3:15:Create Sales Order Header - SOAPI.testcase:16:17.0:33" iterationIndex="-1" skippedCount="0" startedUtc="1658166346375" successfulCount="0" testApiId="com.provar.plugins.forcedotcom.core.testapis.ApexReadObject" testItemClass="IApiCall" title="Read Object: rstk__soapi__c = {rstkRows_AddHeader.Id}">
                              <childItems/>
                              <logEntries>
                                <logEntry id="1658166346375" messageType="General">Reading a Salesforce object.  Connection Name: SFConnection, Name: rstk__soapi__c, Id: null, field count: 3</logEntry>
                                <logEntry id="1658166346375" logLevel="Error" messageType="General">Error sending lock request to master lock manager.  Cause: Error sending message.  Messages: [null]</logEntry>
                                <logEntry id="1658166346375" logLevel="Error" messageType="General">Error loading object definition.  Object name: rstk__soapi__c, Cause: [NullPointerException\nStack Trace:\njava.lang.NullPointerException\r\n\tat com.provar.plugins.forcedotcom.core.connection.SfConnectionHandler.executeQueryById(SfConnectionHandler.java:3037)\r\n\tat com.provar.plugins.forcedotcom.core.connection.SfConnectionHandler.performRead(SfConnectionHandler.java:1422)\r\n\tat com.provar.plugins.forcedotcom.core.connection.SfConnectionHandler.perform(SfConnectionHandler.java:294)\r\n\tat com.provar.core.testexecution.common.java.TestExecutionContextImpl.doConnectionOperation(TestExecutionContextImpl.java:857)\r\n\tat com.provar.plugins.forcedotcom.core.testapis.ApexReadObject.execute(ApexReadObject.java:92)\r\n\tat sun.reflect.GeneratedMethodAccessor29.invoke(Unknown Source)\r\n\tat sun.reflect.DelegatingMethodAccessorImpl.invoke(DelegatingMethodAccessorImpl.java:43)\r\n\tat java.lang.reflect.Method.invoke(Method.java:498)\r\n\tat com.provar.core.testexecution.container.java.TestExecutionContainerImpl.invokeTestApi(TestExecutionContainerImpl.java:754)\r\n\tat com.provar.core.testexecution.container.java.LocalTestExecutionContainerRunner.doInvokeTestApi(LocalTestExecutionContainerRunner.java:744)\r\n\tat com.provar.core.testexecution.container.java.LocalTestExecutionContainerRunner.access$11(LocalTestExecutionContainerRunner.java:676)\r\n\tat com.provar.core.testexecution.container.java.LocalTestExecutionContainerRunner$MessageProcessor.run(LocalTestExecutionContainerRunner.java:1400)\r\n]</logEntry>
                                <logEntry id="1658166346375" messageType="General">Object read successfully.  Result Name: rstkRead</logEntry>
                                <logEntry id="1658166346390" logLevel="Error" messageType="AssertionFailed">Result Assertion failed (result is not a supported type).  Assertion: Check rstk__soapi_orderno__c, result type: null</logEntry>
                                <logEntry id="1658166346390" logLevel="Error" messageType="AssertionFailed">Result Assertion failed (result is not a supported type).  Assertion: Check rstk__soapi_processed__c, result type: null</logEntry>
                              </logEntries>
                            </executionItem>
                            <executionItem endedUtc="1658166347632" executionErrorCount="0" executionStatus="Executed" executionWarningCount="0" failureCount="0" id="root:plans:SYDATA-Sales Order:WIP - Sales Order Payment Authorization Cancelled.testinstance:WIP - Sales Order Payment Authorization Cancelled.testcase:2:3:15:Create Sales Order Header - SOAPI.testcase:16:17.0:101" iterationIndex="-1" skippedCount="0" startedUtc="1658166346390" successfulCount="1" testApiId="com.provar.plugins.forcedotcom.core.testapis.ApexSoqlQuery" testItemClass="IApiCall" title="SOQL Query: select Id,rstk__sohdr_order__c from rstk__sohdr__c where rstk__sohdr_order__c='SO-FFD3'=&gt;rstkRows_SOHDR">
                              <childItems/>
                              <logEntries>
                                <logEntry id="1658166346390" messageType="General">Reading a Salesforce object.  Connection Name: SFConnection, Query: select Id,rstk__sohdr_order__c from rstk__sohdr__c where rstk__sohdr_order__c='SO-FFD3'</logEntry>
                                <logEntry id="1658166347632" messageType="General">The query returned no records.</logEntry>
                              </logEntries>
                            </executionItem>
                          </childItems>
                        </executionItem>
                      </childItems>
                      <logEntries>
                        <logEntry id="1658166343799" messageType="General">Start of iteration 1 of 1.</logEntry>
                        <logEntry id="1658166347632" messageType="General">Reached the end of the List.</logEntry>
                      </logEntries>
                    </executionItem>
                    <executionItem endedUtc="0" executionErrorCount="0" executionStatus="Executed" executionWarningCount="0" failureCount="0" id="root:plans:SYDATA-Sales Order:WIP - Sales Order Payment Authorization Cancelled.testinstance:WIP - Sales Order Payment Authorization Cancelled.testcase:2:3:15:Create Sales Order Header - SOAPI.testcase:68" iterationIndex="-1" skippedCount="1" startedUtc="1658166347632" successfulCount="0" testApiId="com.provar.plugins.bundled.apis.control.StepGroup" testItemClass="IApiCall" title="End">
                      <childItems>
                        <executionItem endedUtc="0" executionErrorCount="0" executionWarningCount="0" failureCount="0" id="root:plans:SYDATA-Sales Order:WIP - Sales Order Payment Authorization Cancelled.testinstance:WIP - Sales Order Payment Authorization Cancelled.testcase:2:3:15:Create Sales Order Header - SOAPI.testcase:68:69" iterationIndex="-1" skippedCount="0" startedUtc="0" successfulCount="0" testClauseName="hidden" testItemClass="ITestClause" title="Steps">
                          <childItems/>
                        </executionItem>
                      </childItems>
                    </executionItem>
                  </childItems>
                </executionItem>
              </childItems>
              <logEntries>
                <logEntry id="1658166347647" messageType="General">Handling managed resource.  Name: SFConnection</logEntry>
                <logEntry id="1658166347647" logLevel="Debug" messageType="General">Not closing Salesforce Connection because it is still being used.  Name: SFConnection</logEntry>
                <logEntry id="1658166347647" logLevel="Update" messageType="General">Salesforce Connection handled successfully.  Name: SFConnection</logEntry>
              </logEntries>
            </executionItem>
          </childItems>
        </executionItem>
      </childItems>
    </executionItem>
    <executionItem endedUtc="0" executionErrorCount="0" executionStatus="Executed" executionWarningCount="0" failureCount="0" id="root:plans:SYDATA-Sales Order:WIP - Sales Order Payment Authorization Cancelled.testinstance:WIP - Sales Order Payment Authorization Cancelled.testcase:6" iterationIndex="-1" skippedCount="1" startedUtc="1658166347647" successfulCount="0" testApiId="com.provar.plugins.bundled.apis.control.StepGroup" testItemClass="IApiCall" title="Add SO Lines">
      <childItems>
        <executionItem endedUtc="0" executionErrorCount="0" executionWarningCount="0" failureCount="0" id="root:plans:SYDATA-Sales Order:WIP - Sales Order Payment Authorization Cancelled.testinstance:WIP - Sales Order Payment Authorization Cancelled.testcase:6:7" iterationIndex="-1" skippedCount="0" startedUtc="0" successfulCount="0" testClauseName="hidden" testItemClass="ITestClause" title="Steps">
          <childItems>
            <executionItem endedUtc="0" executionErrorCount="0" executionWarningCount="0" failureCount="0" id="root:plans:SYDATA-Sales Order:WIP - Sales Order Payment Authorization Cancelled.testinstance:WIP - Sales Order Payment Authorization Cancelled.testcase:6:7:18" iterationIndex="-1" skippedCount="0" startedUtc="0" successfulCount="0" testItemClass="ITestCaseCall" title="Call Add SO Lines for SYDATA">
              <childItems/>
            </executionItem>
          </childItems>
        </executionItem>
      </childItems>
    </executionItem>
    <executionItem endedUtc="0" executionErrorCount="0" executionStatus="Executed" executionWarningCount="0" failureCount="0" id="root:plans:SYDATA-Sales Order:WIP - Sales Order Payment Authorization Cancelled.testinstance:WIP - Sales Order Payment Authorization Cancelled.testcase:10" iterationIndex="-1" skippedCount="1" startedUtc="1658166347647" successfulCount="0" testApiId="com.provar.plugins.bundled.apis.control.StepGroup" testItemClass="IApiCall" title="Firm All SO Lines">
      <childItems>
        <executionItem endedUtc="0" executionErrorCount="0" executionWarningCount="0" failureCount="0" id="root:plans:SYDATA-Sales Order:WIP - Sales Order Payment Authorization Cancelled.testinstance:WIP - Sales Order Payment Authorization Cancelled.testcase:10:11" iterationIndex="-1" skippedCount="0" startedUtc="0" successfulCount="0" testClauseName="hidden" testItemClass="ITestClause" title="Steps">
          <childItems>
            <executionItem endedUtc="0" executionErrorCount="0" executionWarningCount="0" failureCount="0" id="root:plans:SYDATA-Sales Order:WIP - Sales Order Payment Authorization Cancelled.testinstance:WIP - Sales Order Payment Authorization Cancelled.testcase:10:11:12" iterationIndex="-1" skippedCount="0" startedUtc="0" successfulCount="0" testItemClass="ITestCaseCall" title="Call Firm All Sales Order Lines">
              <childItems/>
            </executionItem>
          </childItems>
        </executionItem>
      </childItems>
    </executionItem>
    <executionItem endedUtc="0" executionErrorCount="0" executionStatus="Executed" executionWarningCount="0" failureCount="0" id="root:plans:SYDATA-Sales Order:WIP - Sales Order Payment Authorization Cancelled.testinstance:WIP - Sales Order Payment Authorization Cancelled.testcase:31" iterationIndex="-1" skippedCount="1" startedUtc="1658166347647" successfulCount="0" testApiId="com.provar.plugins.bundled.apis.control.StepGroup" testItemClass="IApiCall" title="Sales Order Payment Authorization Cancelled">
      <childItems>
        <executionItem endedUtc="0" executionErrorCount="0" executionWarningCount="0" failureCount="0" id="root:plans:SYDATA-Sales Order:WIP - Sales Order Payment Authorization Cancelled.testinstance:WIP - Sales Order Payment Authorization Cancelled.testcase:31:32" iterationIndex="-1" skippedCount="0" startedUtc="0" successfulCount="0" testClauseName="hidden" testItemClass="ITestClause" title="Steps">
          <childItems>
            <executionItem endedUtc="0" executionErrorCount="0" executionWarningCount="0" failureCount="0" id="root:plans:SYDATA-Sales Order:WIP - Sales Order Payment Authorization Cancelled.testinstance:WIP - Sales Order Payment Authorization Cancelled.testcase:31:32:33" iterationIndex="-1" skippedCount="0" startedUtc="0" successfulCount="0" testItemClass="ITestCaseCall" title="Call Sales Order Payment Authorization Cancelled">
              <childItems/>
            </executionItem>
          </childItems>
        </executionItem>
      </childItems>
    </executionItem>
    <executionItem endedUtc="0" executionErrorCount="0" executionStatus="Executed" executionWarningCount="0" failureCount="0" id="root:plans:SYDATA-Sales Order:WIP - Sales Order Payment Authorization Cancelled.testinstance:WIP - Sales Order Payment Authorization Cancelled.testcase:36" iterationIndex="-1" skippedCount="1" startedUtc="1658166347647" successfulCount="0" testApiId="com.provar.plugins.bundled.apis.control.StepGroup" testItemClass="IApiCall" title="End">
      <childItems>
        <executionItem endedUtc="0" executionErrorCount="0" executionWarningCount="0" failureCount="0" id="root:plans:SYDATA-Sales Order:WIP - Sales Order Payment Authorization Cancelled.testinstance:WIP - Sales Order Payment Authorization Cancelled.testcase:36:42" iterationIndex="-1" skippedCount="0" startedUtc="0" successfulCount="0" testClauseName="hidden" testItemClass="ITestClause" title="Steps">
          <childItems/>
        </executionItem>
      </childItems>
    </executionItem>
  </childItems>
</executionItem>
